ticker,trade_date,open,high,low,close,adj_close,volume,daily_return_pct,daily_range_pct
BBCA.JK,2024-07-03,9975.0,10000.0,9925.0,10000.0,9187.75,55860200,,0.7519
BBCA.JK,2024-07-04,9975.0,10000.0,9825.0,9825.0,9026.96,67054000,-1.75,1.7544
BBCA.JK,2024-07-05,9925.0,9975.0,9875.0,9950.0,9141.81,36946900,1.2723,1.0076
BBCA.JK,2024-07-08,10000.0,10050.0,9950.0,10050.0,9233.68,72903600,1.005,1.0
BBCA.JK,2024-07-09,10100.0,10150.0,10075.0,10075.0,9256.65,61853200,0.2488,0.7426
BBCA.JK,2024-07-10,10175.0,10225.0,10050.0,10100.0,9279.62,62325900,0.2481,1.7199
BBCA.JK,2024-07-11,10000.0,10125.0,10000.0,10075.0,9256.65,55908400,-0.2475,1.25
BBCA.JK,2024-07-12,10050.0,10100.0,10025.0,10075.0,9256.65,62646500,0.0,0.7463
BBCA.JK,2024-07-15,10050.0,10075.0,9950.0,10050.0,9233.68,36682600,-0.2481,1.2438
BBCA.JK,2024-07-16,9975.0,10025.0,9950.0,9950.0,9141.81,37192700,-0.995,0.7519
BBCA.JK,2024-07-17,9900.0,9950.0,9800.0,9800.0,9003.99,90666000,-1.5075,1.5152
BBCA.JK,2024-07-18,9800.0,10100.0,9800.0,10100.0,9279.62,65383200,3.0612,3.0612
BBCA.JK,2024-07-19,10050.0,10125.0,9975.0,10125.0,9302.59,53880300,0.2475,1.4925
BBCA.JK,2024-07-22,10125.0,10150.0,10100.0,10100.0,9279.62,31285300,-0.2469,0.4938
BBCA.JK,2024-07-23,10200.0,10200.0,10125.0,10175.0,9348.53,39321100,0.7426,0.7353
BBCA.JK,2024-07-24,10125.0,10175.0,10075.0,10075.0,9256.65,24658000,-0.9828,0.9877
BBCA.JK,2024-07-25,10225.0,10300.0,10200.0,10300.0,9463.38,98088100,2.2333,0.978
BBCA.JK,2024-07-26,10375.0,10400.0,10300.0,10325.0,9486.35,75565800,0.2427,0.9639
BBCA.JK,2024-07-29,10400.0,10425.0,10175.0,10250.0,9417.44,69092500,-0.7264,2.4038
BBCA.JK,2024-07-30,10300.0,10300.0,10175.0,10175.0,9348.53,32122900,-0.7317,1.2136
BBCA.JK,2024-07-31,10350.0,10350.0,10225.0,10275.0,9440.41,82519900,0.9828,1.2077
BBCA.JK,2024-08-01,10200.0,10375.0,10200.0,10375.0,9532.29,61176200,0.9732,1.7157
BBCA.JK,2024-08-02,10275.0,10350.0,10200.0,10200.0,9371.5,55699900,-1.6867,1.4599
BBCA.JK,2024-08-05,10000.0,10150.0,9875.0,9875.0,9072.9,126328300,-3.1863,2.75
BBCA.JK,2024-08-06,10075.0,10075.0,9950.0,10000.0,9187.75,78473900,1.2658,1.2407
BBCA.JK,2024-08-07,10000.0,10100.0,10000.0,10100.0,9279.62,52327400,1.0,1.0
BBCA.JK,2024-08-08,10150.0,10225.0,10075.0,10225.0,9394.47,54162100,1.2376,1.4778
BBCA.JK,2024-08-09,10225.0,10250.0,10100.0,10150.0,9325.56,47062400,-0.7335,1.467
BBCA.JK,2024-08-12,10100.0,10200.0,10075.0,10200.0,9371.5,40364100,0.4926,1.2376
BBCA.JK,2024-08-13,10250.0,10300.0,10175.0,10300.0,9463.38,55207100,0.9804,1.2195
BBCA.JK,2024-08-14,10300.0,10300.0,10200.0,10200.0,9371.5,47999100,-0.9709,0.9709
BBCA.JK,2024-08-15,10200.0,10300.0,10175.0,10225.0,9394.47,33396600,0.2451,1.2255
BBCA.JK,2024-08-16,10300.0,10325.0,10250.0,10325.0,9486.35,40731400,0.978,0.7282
BBCA.JK,2024-08-19,10325.0,10425.0,10275.0,10375.0,9532.29,51054400,0.4843,1.4528
BBCA.JK,2024-08-20,10325.0,10450.0,10300.0,10425.0,9578.22,60304400,0.4819,1.4528
BBCA.JK,2024-08-21,10500.0,10500.0,10425.0,10425.0,9578.22,84848800,0.0,0.7143
BBCA.JK,2024-08-22,10350.0,10400.0,10225.0,10325.0,9486.35,56611600,-0.9592,1.6908
BBCA.JK,2024-08-23,10325.0,10375.0,10300.0,10325.0,9486.35,46651600,0.0,0.7264
BBCA.JK,2024-08-26,10275.0,10375.0,10250.0,10325.0,9486.35,35145600,0.0,1.2165
BBCA.JK,2024-08-27,10275.0,10300.0,10175.0,10200.0,9371.5,60448400,-1.2107,1.2165
BBCA.JK,2024-08-28,10300.0,10350.0,10250.0,10350.0,9509.32,38489900,1.4706,0.9709
BBCA.JK,2024-08-29,10500.0,10500.0,10225.0,10225.0,9394.47,53004700,-1.2077,2.619
BBCA.JK,2024-08-30,10325.0,10325.0,10200.0,10325.0,9486.35,158403700,0.978,1.2107
BBCA.JK,2024-09-02,10375.0,10375.0,10200.0,10275.0,9440.41,72008600,-0.4843,1.6867
BBCA.JK,2024-09-03,10325.0,10325.0,10150.0,10175.0,9348.53,50950200,-0.9732,1.6949
BBCA.JK,2024-09-04,10150.0,10300.0,10125.0,10300.0,9463.38,44817000,1.2285,1.7241
BBCA.JK,2024-09-05,10350.0,10350.0,10250.0,10250.0,9417.44,39332900,-0.4854,0.9662
BBCA.JK,2024-09-06,10225.0,10300.0,10225.0,10300.0,9463.38,31541800,0.4878,0.7335
BBCA.JK,2024-09-09,10300.0,10350.0,10200.0,10275.0,9440.41,36185100,-0.2427,1.4563
BBCA.JK,2024-09-10,10350.0,10350.0,10275.0,10350.0,9509.32,55093100,0.7299,0.7246
BBCA.JK,2024-09-11,10425.0,10425.0,10350.0,10425.0,9578.22,64621300,0.7246,0.7194
BBCA.JK,2024-09-12,10450.0,10500.0,10375.0,10475.0,9624.16,70759100,0.4796,1.1962
BBCA.JK,2024-09-13,10400.0,10425.0,10325.0,10425.0,9578.22,70057100,-0.4773,0.9615
BBCA.JK,2024-09-17,10450.0,10500.0,10350.0,10500.0,9647.13,89745000,0.7194,1.4354
BBCA.JK,2024-09-18,10500.0,10625.0,10450.0,10625.0,9761.98,65420200,1.1905,1.6667
BBCA.JK,2024-09-19,10700.0,10900.0,10650.0,10900.0,10014.64,140886600,2.5882,2.3364
BBCA.JK,2024-09-20,10900.0,10900.0,10775.0,10775.0,9899.8,142194600,-1.1468,1.1468
BBCA.JK,2024-09-23,10725.0,10950.0,10725.0,10950.0,10060.58,72553800,1.6241,2.0979
BBCA.JK,2024-09-24,10775.0,10950.0,10775.0,10800.0,9922.76,105191100,-1.3699,1.6241
BBCA.JK,2024-09-25,10675.0,10850.0,10525.0,10850.0,9968.7,158369100,0.463,3.0445
BBCA.JK,2024-09-26,10875.0,10875.0,10675.0,10700.0,9830.89,84960100,-1.3825,1.8391
BBCA.JK,2024-09-27,10500.0,10750.0,10400.0,10650.0,9784.95,93027400,-0.4673,3.3333
BBCA.JK,2024-09-30,10475.0,10550.0,10325.0,10325.0,9486.35,144692100,-3.0516,2.148
BBCA.JK,2024-10-01,10400.0,10550.0,10375.0,10550.0,9693.07,59797700,2.1792,1.6827
BBCA.JK,2024-10-02,10325.0,10550.0,10325.0,10500.0,9647.13,86746200,-0.4739,2.1792
BBCA.JK,2024-10-03,10450.0,10525.0,10400.0,10450.0,9601.19,60887000,-0.4762,1.1962
BBCA.JK,2024-10-04,10400.0,10475.0,10350.0,10475.0,9624.16,58500400,0.2392,1.2019
BBCA.JK,2024-10-07,10350.0,10375.0,10250.0,10300.0,9463.38,91867900,-1.6706,1.2077
BBCA.JK,2024-10-08,10200.0,10500.0,10150.0,10400.0,9555.26,99622900,0.9709,3.4314
BBCA.JK,2024-10-09,10400.0,10525.0,10400.0,10425.0,9578.22,56835200,0.2404,1.2019
BBCA.JK,2024-10-10,10425.0,10500.0,10400.0,10500.0,9647.13,51080000,0.7194,0.9592
BBCA.JK,2024-10-11,10575.0,10575.0,10375.0,10375.0,9532.29,44632100,-1.1905,1.8913
BBCA.JK,2024-10-14,10375.0,10500.0,10375.0,10500.0,9647.13,31738600,1.2048,1.2048
BBCA.JK,2024-10-15,10550.0,10625.0,10450.0,10625.0,9761.98,66635200,1.1905,1.6588
BBCA.JK,2024-10-16,10700.0,10725.0,10475.0,10475.0,9624.16,63255900,-1.4118,2.3364
BBCA.JK,2024-10-17,10550.0,10800.0,10500.0,10725.0,9853.86,66993300,2.3866,2.8436
BBCA.JK,2024-10-18,10875.0,10875.0,10725.0,10750.0,9876.83,56299600,0.2331,1.3793
BBCA.JK,2024-10-21,10850.0,10850.0,10675.0,10675.0,9807.92,36472500,-0.6977,1.6129
BBCA.JK,2024-10-22,10475.0,10600.0,10475.0,10500.0,9647.13,94799500,-1.6393,1.1933
BBCA.JK,2024-10-23,10475.0,10650.0,10475.0,10650.0,9784.95,48903000,1.4286,1.6706
BBCA.JK,2024-10-24,10725.0,10850.0,10700.0,10700.0,9830.89,85341200,0.4695,1.3986
BBCA.JK,2024-10-25,10650.0,10750.0,10625.0,10750.0,9876.83,34847500,0.4673,1.1737
BBCA.JK,2024-10-28,10825.0,10825.0,10600.0,10600.0,9739.01,39061500,-1.3953,2.0785
BBCA.JK,2024-10-29,10525.0,10575.0,10500.0,10500.0,9647.13,49680100,-0.9434,0.7126
BBCA.JK,2024-10-30,10275.0,10400.0,10275.0,10350.0,9509.32,114484100,-1.4286,1.2165
BBCA.JK,2024-10-31,10325.0,10475.0,10250.0,10250.0,9417.44,97553400,-0.9662,2.1792
BBCA.JK,2024-11-01,10275.0,10425.0,10275.0,10425.0,9578.22,47710000,1.7073,1.4599
BBCA.JK,2024-11-04,10425.0,10500.0,10300.0,10375.0,9532.29,49275700,-0.4796,1.9185
BBCA.JK,2024-11-05,10300.0,10575.0,10300.0,10500.0,9647.13,50296500,1.2048,2.6699
BBCA.JK,2024-11-06,10475.0,10500.0,10375.0,10450.0,9601.19,50324900,-0.4762,1.1933
BBCA.JK,2024-11-07,10325.0,10450.0,10175.0,10175.0,9348.53,131579100,-2.6316,2.6634
BBCA.JK,2024-11-08,10200.0,10225.0,10050.0,10075.0,9256.65,92166100,-0.9828,1.7157
BBCA.JK,2024-11-11,9800.0,10050.0,9800.0,10050.0,9233.68,128707600,-0.2481,2.551
BBCA.JK,2024-11-12,10100.0,10225.0,10000.0,10150.0,9325.56,80378500,0.995,2.2277
BBCA.JK,2024-11-13,10225.0,10250.0,10150.0,10150.0,9325.56,62933100,0.0,0.978
BBCA.JK,2024-11-14,10125.0,10175.0,10050.0,10100.0,9279.62,56381400,-0.4926,1.2346
BBCA.JK,2024-11-15,10050.0,10275.0,10050.0,10175.0,9348.53,63598200,0.7426,2.2388
BBCA.JK,2024-11-18,10075.0,10125.0,10000.0,10000.0,9187.75,65716200,-1.7199,1.2407
BBCA.JK,2024-11-19,9900.0,10025.0,9900.0,9925.0,9118.84,85295300,-0.75,1.2626
BBCA.JK,2024-11-20,10025.0,10150.0,10000.0,10075.0,9256.65,58584400,1.5113,1.4963
BBCA.JK,2024-11-21,10000.0,10000.0,9850.0,9850.0,9095.07,93181200,-2.2333,1.5
BBCA.JK,2024-11-22,9925.0,9950.0,9850.0,9850.0,9095.07,58396100,0.0,1.0076
BBCA.JK,2024-11-25,9950.0,10200.0,9900.0,10175.0,9395.16,165369400,3.2995,3.0151
BBCA.JK,2024-11-26,10250.0,10250.0,10000.0,10000.0,9233.57,62310100,-1.7199,2.439
BBCA.JK,2024-11-28,9975.0,10075.0,9925.0,10000.0,9233.57,57443500,0.0,1.5038
BBCA.JK,2024-11-29,10000.0,10100.0,9950.0,10000.0,9233.57,76886000,0.0,1.5
BBCA.JK,2024-12-02,10000.0,10050.0,9750.0,9750.0,9002.73,87879600,-2.5,3.0
BBCA.JK,2024-12-03,10025.0,10225.0,9900.0,10200.0,9418.24,126087100,4.6154,3.2419
BBCA.JK,2024-12-04,10175.0,10250.0,10050.0,10200.0,9418.24,97876300,0.0,1.9656
BBCA.JK,2024-12-05,10250.0,10350.0,10225.0,10250.0,9464.41,96904400,0.4902,1.2195
BBCA.JK,2024-12-06,10100.0,10175.0,10050.0,10075.0,9302.82,68247200,-1.7073,1.2376
BBCA.JK,2024-12-09,10025.0,10350.0,10000.0,10350.0,9556.75,64458400,2.7295,3.4913
BBCA.JK,2024-12-10,10325.0,10350.0,10275.0,10350.0,9556.75,61230400,0.0,0.7264
BBCA.JK,2024-12-11,10225.0,10425.0,10225.0,10425.0,9626.0,37934300,0.7246,1.956
BBCA.JK,2024-12-12,10300.0,10375.0,10175.0,10175.0,9395.16,44780100,-2.3981,1.9417
BBCA.JK,2024-12-13,10125.0,10225.0,10025.0,10050.0,9279.74,75126400,-1.2285,1.9753
BBCA.JK,2024-12-16,10000.0,10125.0,10000.0,10100.0,9325.91,57746100,0.4975,1.25
BBCA.JK,2024-12-17,9950.0,10050.0,9900.0,9900.0,9141.24,99845900,-1.9802,1.5075
BBCA.JK,2024-12-18,9900.0,10025.0,9800.0,9800.0,9048.9,84868500,-1.0101,2.2727
BBCA.JK,2024-12-19,9700.0,9775.0,9550.0,9675.0,8933.48,104254100,-1.2755,2.3196
BBCA.JK,2024-12-20,9650.0,9750.0,9625.0,9650.0,8910.4,91576900,-0.2584,1.2953
BBCA.JK,2024-12-23,9700.0,9850.0,9700.0,9775.0,9025.81,43292100,1.2953,1.5464
BBCA.JK,2024-12-24,9850.0,9900.0,9750.0,9750.0,9002.73,32415700,-0.2558,1.5228
BBCA.JK,2024-12-27,9800.0,9825.0,9725.0,9800.0,9048.9,24016700,0.5128,1.0204
BBCA.JK,2024-12-30,9800.0,9825.0,9675.0,9675.0,8933.48,56350100,-1.2755,1.5306
BBCA.JK,2025-01-02,9650.0,9900.0,9650.0,9900.0,9141.24,38124800,2.3256,2.5907
BBCA.JK,2025-01-03,9850.0,9925.0,9825.0,9850.0,9095.07,41916000,-0.5051,1.0152
BBCA.JK,2025-01-06,9850.0,9875.0,9650.0,9675.0,8933.48,41593900,-1.7766,2.2843
BBCA.JK,2025-01-07,9675.0,9725.0,9525.0,9525.0,8794.98,71318600,-1.5504,2.0672
BBCA.JK,2025-01-08,9675.0,9775.0,9575.0,9675.0,8933.48,55943100,1.5748,2.0672
BBCA.JK,2025-01-09,9750.0,9875.0,9725.0,9850.0,9095.07,42733800,1.8088,1.5385
BBCA.JK,2025-01-10,9800.0,9925.0,9725.0,9725.0,8979.65,72531300,-1.269,2.0408
BBCA.JK,2025-01-13,9625.0,9725.0,9625.0,9675.0,8933.48,88270100,-0.5141,1.039
BBCA.JK,2025-01-14,9600.0,9725.0,9525.0,9525.0,8794.98,70942600,-1.5504,2.0833
BBCA.JK,2025-01-15,9575.0,9800.0,9550.0,9800.0,9048.9,77098000,2.8871,2.611
BBCA.JK,2025-01-16,9850.0,9925.0,9750.0,9750.0,9002.73,76979000,-0.5102,1.7766
BBCA.JK,2025-01-17,9750.0,9900.0,9650.0,9900.0,9141.24,71033100,1.5385,2.5641
BBCA.JK,2025-01-20,9850.0,9875.0,9625.0,9625.0,8887.31,112111200,-2.7778,2.5381
BBCA.JK,2025-01-21,9600.0,9675.0,9550.0,9575.0,8841.14,124547900,-0.5195,1.3021
BBCA.JK,2025-01-22,9650.0,9675.0,9575.0,9600.0,8864.23,90154800,0.2611,1.0363
BBCA.JK,2025-01-23,9600.0,9750.0,9600.0,9600.0,8864.23,120515400,0.0,1.5625
BBCA.JK,2025-01-24,9625.0,9650.0,9350.0,9350.0,8633.39,152057000,-2.6042,3.1169
BBCA.JK,2025-01-30,9150.0,9275.0,9150.0,9150.0,8448.72,154645800,-2.139,1.3661
BBCA.JK,2025-01-31,9250.0,9500.0,9225.0,9450.0,8725.72,112982800,3.2787,2.973
BBCA.JK,2025-02-03,9400.0,9400.0,9225.0,9350.0,8633.39,90439900,-1.0582,1.8617
BBCA.JK,2025-02-04,9350.0,9400.0,9175.0,9175.0,8471.8,94607700,-1.8717,2.4064
BBCA.JK,2025-02-05,9100.0,9175.0,9100.0,9125.0,8425.63,98229900,-0.545,0.8242
BBCA.JK,2025-02-06,9075.0,9100.0,8850.0,8950.0,8264.05,171477800,-1.9178,2.7548
BBCA.JK,2025-02-07,8950.0,9350.0,8825.0,9350.0,8633.39,131162200,4.4693,5.8659
BBCA.JK,2025-02-10,9025.0,9250.0,9025.0,9150.0,8448.72,76209100,-2.139,2.4931
BBCA.JK,2025-02-11,9025.0,9100.0,9000.0,9075.0,8379.47,71188300,-0.8197,1.108
BBCA.JK,2025-02-12,8950.0,9150.0,8950.0,9150.0,8448.72,121172600,0.8264,2.2346
BBCA.JK,2025-02-13,9100.0,9150.0,9000.0,9000.0,8310.21,90439700,-1.6393,1.6484
BBCA.JK,2025-02-14,9000.0,9075.0,8950.0,8975.0,8287.13,116274500,-0.2778,1.3889
BBCA.JK,2025-02-17,8975.0,9325.0,8975.0,9325.0,8610.3,89096400,3.8997,3.8997
BBCA.JK,2025-02-18,9325.0,9575.0,9250.0,9300.0,8587.22,107318300,-0.2681,3.4853
BBCA.JK,2025-02-19,9225.0,9250.0,8950.0,8950.0,8264.05,154438200,-3.7634,3.252
BBCA.JK,2025-02-20,8975.0,9025.0,8950.0,9000.0,8310.21,119260800,0.5587,0.8357
BBCA.JK,2025-02-21,8950.0,9000.0,8925.0,9000.0,8310.21,106054700,0.0,0.838
BBCA.JK,2025-02-24,8925.0,8975.0,8875.0,8925.0,8240.96,108530300,-0.8333,1.1204
BBCA.JK,2025-02-25,8900.0,9000.0,8825.0,8825.0,8148.63,101592700,-1.1204,1.9663
BBCA.JK,2025-02-26,8800.0,8900.0,8725.0,8775.0,8102.46,117843500,-0.5666,1.9886
BBCA.JK,2025-02-27,8800.0,8800.0,8500.0,8525.0,7871.62,199991600,-2.849,3.4091
BBCA.JK,2025-02-28,8525.0,8675.0,8425.0,8425.0,7779.28,293095000,-1.173,2.9326
BBCA.JK,2025-03-03,8600.0,8900.0,8550.0,8800.0,8125.54,192944300,4.451,4.0698
BBCA.JK,2025-03-04,8900.0,8925.0,8675.0,8850.0,8171.71,125418500,0.5682,2.809
BBCA.JK,2025-03-05,8825.0,9175.0,8825.0,9000.0,8310.21,155207900,1.6949,3.966
BBCA.JK,2025-03-06,9200.0,9200.0,8975.0,8975.0,8287.13,96270100,-0.2778,2.4457
BBCA.JK,2025-03-07,9000.0,9000.0,8925.0,8925.0,8240.96,82295300,-0.5571,0.8333
BBCA.JK,2025-03-10,8750.0,8975.0,8725.0,8925.0,8240.96,97652100,0.0,2.8571
BBCA.JK,2025-03-11,8950.0,9050.0,8875.0,8925.0,8240.96,109295600,0.0,1.9553
BBCA.JK,2025-03-12,9025.0,9125.0,8975.0,9125.0,8425.63,87968900,2.2409,1.662
BBCA.JK,2025-03-13,9150.0,9175.0,8975.0,8975.0,8287.13,83030700,-1.6438,2.1858
BBCA.JK,2025-03-14,8800.0,8925.0,8750.0,8750.0,8079.37,111397800,-2.507,1.9886
BBCA.JK,2025-03-17,8750.0,8775.0,8550.0,8600.0,7940.87,151365700,-1.7143,2.5714
BBCA.JK,2025-03-18,8500.0,8550.0,8075.0,8300.0,7663.86,417305700,-3.4884,5.5882
BBCA.JK,2025-03-19,8300.0,8400.0,8225.0,8325.0,7686.95,214108200,0.3012,2.1084
BBCA.JK,2025-03-20,8450.0,8475.0,8350.0,8375.0,7733.12,152917300,0.6006,1.4793
BBCA.JK,2025-03-21,8275.0,8275.0,7900.0,7900.0,7518.97,377916400,-5.6716,4.5317
BBCA.JK,2025-03-24,7825.0,8100.0,7625.0,7950.0,7566.56,331836800,0.6329,6.0703
BBCA.JK,2025-03-25,8075.0,8150.0,8000.0,8050.0,7661.73,136341700,1.2579,1.8576
BBCA.JK,2025-03-26,8300.0,8650.0,8275.0,8525.0,8113.82,283104600,5.9006,4.5181
BBCA.JK,2025-03-27,8425.0,8575.0,8375.0,8500.0,8090.03,122943900,-0.2933,2.3739
BBCA.JK,2025-04-08,7400.0,8000.0,7275.0,7775.0,7400.0,533073600,-8.5294,9.7973
BBCA.JK,2025-04-09,7700.0,7950.0,7675.0,7925.0,7542.76,136753900,1.9293,3.5714
BBCA.JK,2025-04-10,8500.0,8650.0,8175.0,8225.0,7828.29,144148600,3.7855,5.5882
BBCA.JK,2025-04-11,8200.0,8325.0,8050.0,8275.0,7875.88,82603000,0.6079,3.3537
BBCA.JK,2025-04-14,8250.0,8400.0,8250.0,8400.0,7994.85,83319300,1.5106,1.8182
BBCA.JK,2025-04-15,8575.0,8600.0,8450.0,8575.0,8161.41,83431800,2.0833,1.7493
BBCA.JK,2025-04-16,8500.0,8550.0,8425.0,8475.0,8066.23,76874900,-1.1662,1.4706
BBCA.JK,2025-04-17,8450.0,8500.0,8350.0,8500.0,8090.03,83540600,0.295,1.7751
BBCA.JK,2025-04-21,8500.0,8500.0,8300.0,8300.0,7899.67,40683800,-2.3529,2.3529
BBCA.JK,2025-04-22,8325.0,8500.0,8325.0,8500.0,8090.03,56537100,2.4096,2.1021
BBCA.JK,2025-04-23,8550.0,8725.0,8550.0,8725.0,8304.18,92329600,2.6471,2.0468
BBCA.JK,2025-04-24,8850.0,8850.0,8475.0,8475.0,8066.23,143675300,-2.8653,4.2373
BBCA.JK,2025-04-25,8650.0,8650.0,8575.0,8600.0,8185.2,58297000,1.4749,0.8671
BBCA.JK,2025-04-28,8750.0,8775.0,8650.0,8775.0,8351.76,73235400,2.0349,1.4286
BBCA.JK,2025-04-29,8800.0,8825.0,8700.0,8725.0,8304.18,60315700,-0.5698,1.4205
BBCA.JK,2025-04-30,8800.0,8925.0,8675.0,8825.0,8399.35,164597500,1.1461,2.8409
BBCA.JK,2025-05-02,9000.0,9000.0,8850.0,8975.0,8542.12,92219000,1.6997,1.6667
BBCA.JK,2025-05-05,9000.0,9050.0,8975.0,8975.0,8542.12,86385600,0.0,0.8333
BBCA.JK,2025-05-06,9050.0,9050.0,8975.0,9025.0,8589.71,48860500,0.5571,0.8287
BBCA.JK,2025-05-07,9075.0,9100.0,9000.0,9075.0,8637.29,77382000,0.554,1.1019
BBCA.JK,2025-05-08,9075.0,9200.0,8925.0,8975.0,8542.12,99614500,-1.1019,3.0303
BBCA.JK,2025-05-09,9050.0,9050.0,8975.0,9000.0,8565.91,47167500,0.2786,0.8287
BBCA.JK,2025-05-14,9250.0,9300.0,9150.0,9275.0,8827.65,149002900,3.0556,1.6216
BBCA.JK,2025-05-15,9275.0,9400.0,9250.0,9275.0,8827.65,101401300,0.0,1.6173
BBCA.JK,2025-05-16,9300.0,9325.0,9225.0,9300.0,8851.44,63007500,0.2695,1.0753
BBCA.JK,2025-05-19,9275.0,9500.0,9250.0,9500.0,9041.79,111597200,2.1505,2.6954
BBCA.JK,2025-05-20,9500.0,9675.0,9475.0,9475.0,9018.0,160614800,-0.2632,2.1053
BBCA.JK,2025-05-21,9700.0,9725.0,9550.0,9700.0,9232.15,169739200,2.3747,1.8041
BBCA.JK,2025-05-22,9800.0,9800.0,9650.0,9650.0,9184.56,103113000,-0.5155,1.5306
BBCA.JK,2025-05-23,9675.0,9700.0,9625.0,9675.0,9208.36,48521800,0.2591,0.7752
BBCA.JK,2025-05-26,9600.0,9650.0,9500.0,9625.0,9160.77,56625300,-0.5168,1.5625
BBCA.JK,2025-05-27,9550.0,9600.0,9450.0,9450.0,8994.21,93212000,-1.8182,1.5707
BBCA.JK,2025-05-28,9450.0,9550.0,9400.0,9400.0,8946.62,236950800,-0.5291,1.5873
BBCA.JK,2025-06-02,9025.0,9175.0,9025.0,9100.0,8661.09,264428700,-3.1915,1.662
BBCA.JK,2025-06-03,9050.0,9125.0,8950.0,9050.0,8613.5,128318100,-0.5495,1.9337
BBCA.JK,2025-06-04,9100.0,9125.0,8950.0,8975.0,8542.12,93357200,-0.8287,1.9231
BBCA.JK,2025-06-05,9000.0,9050.0,8900.0,8925.0,8494.53,95529000,-0.5571,1.6667
BBCA.JK,2025-06-10,8975.0,9100.0,8950.0,9100.0,8661.09,80406400,1.9608,1.6713
BBCA.JK,2025-06-11,9100.0,9125.0,9050.0,9050.0,8613.5,56632600,-0.5495,0.8242
BBCA.JK,2025-06-12,9000.0,9125.0,9000.0,9125.0,8684.88,41337300,0.8287,1.3889
BBCA.JK,2025-06-13,9100.0,9125.0,8975.0,9025.0,8589.71,83318000,-1.0959,1.6484
BBCA.JK,2025-06-16,8925.0,9000.0,8900.0,8925.0,8494.53,57825000,-1.108,1.1204
BBCA.JK,2025-06-17,8975.0,9100.0,8975.0,9075.0,8637.29,54927900,1.6807,1.3928
BBCA.JK,2025-06-18,8950.0,9025.0,8900.0,8900.0,8470.73,86270200,-1.9284,1.3966
BBCA.JK,2025-06-19,8900.0,8925.0,8750.0,8775.0,8351.76,78879500,-1.4045,1.9663
BBCA.JK,2025-06-20,8700.0,8875.0,8625.0,8700.0,8280.38,445915100,-0.8547,2.8736
BBCA.JK,2025-06-23,8575.0,8700.0,8500.0,8625.0,8209.0,87324500,-0.8621,2.3324
BBCA.JK,2025-06-24,8725.0,8850.0,8700.0,8775.0,8351.76,110158900,1.7391,1.7192
BBCA.JK,2025-06-25,8725.0,8775.0,8475.0,8600.0,8185.2,117561000,-1.9943,3.4384
BBCA.JK,2025-06-26,8525.0,8650.0,8525.0,8650.0,8232.79,117281700,0.5814,1.4663
BBCA.JK,2025-06-30,8575.0,8825.0,8550.0,8675.0,8256.59,185441800,0.289,3.207
BBCA.JK,2025-07-01,8750.0,8775.0,8600.0,8700.0,8280.38,82364500,0.2882,2.0
BBCA.JK,2025-07-02,8575.0,8675.0,8575.0,8675.0,8256.59,68545100,-0.2874,1.1662
BBCA.JK,2025-07-03,8700.0,8750.0,8600.0,8600.0,8185.2,50370800,-0.8646,1.7241
BBCA.JK,2025-07-04,8650.0,8700.0,8550.0,8650.0,8232.79,43593300,0.5814,1.7341
BBCA.JK,2025-07-07,8625.0,8650.0,8550.0,8625.0,8209.0,49936900,-0.289,1.1594
BBCA.JK,2025-07-08,8550.0,8600.0,8425.0,8500.0,8090.03,215611000,-1.4493,2.0468
BBCA.JK,2025-07-09,8500.0,8550.0,8450.0,8500.0,8090.03,94459300,0.0,1.1765
BBCA.JK,2025-07-10,8525.0,8650.0,8500.0,8600.0,8185.2,111769400,1.1765,1.7595
BBCA.JK,2025-07-11,8575.0,8675.0,8575.0,8625.0,8209.0,135986500,0.2907,1.1662
BBCA.JK,2025-07-14,8650.0,8675.0,8450.0,8525.0,8113.82,125196000,-1.1594,2.6012
BBCA.JK,2025-07-15,8600.0,8600.0,8475.0,8550.0,8137.62,77219300,0.2933,1.4535
BBCA.JK,2025-07-16,8550.0,8600.0,8500.0,8525.0,8113.82,97475300,-0.2924,1.1696
BBCA.JK,2025-07-17,8500.0,8550.0,8500.0,8525.0,8113.82,86016400,0.0,0.5882
BBCA.JK,2025-07-18,8550.0,8575.0,8425.0,8425.0,8018.65,80432200,-1.173,1.7544
BBCA.JK,2025-07-21,8450.0,8500.0,8375.0,8450.0,8042.44,95383500,0.2967,1.4793
BBCA.JK,2025-07-22,8450.0,8475.0,8400.0,8400.0,7994.85,77981700,-0.5917,0.8876
BBCA.JK,2025-07-23,8450.0,8500.0,8400.0,8425.0,8018.65,70969500,0.2976,1.1834
BBCA.JK,2025-07-24,8475.0,8550.0,8450.0,8500.0,8090.03,138256800,0.8902,1.1799
BBCA.JK,2025-07-25,8500.0,8525.0,8450.0,8450.0,8042.44,58682800,-0.5882,0.8824
BBCA.JK,2025-07-28,8625.0,8625.0,8475.0,8500.0,8090.03,99484300,0.5917,1.7391
BBCA.JK,2025-07-29,8500.0,8500.0,8375.0,8400.0,7994.85,104240300,-1.1765,1.4706
BBCA.JK,2025-07-30,8475.0,8475.0,8325.0,8375.0,7971.06,98098100,-0.2976,1.7699
BBCA.JK,2025-07-31,8350.0,8375.0,8250.0,8275.0,7875.88,206006300,-1.194,1.497
BBCA.JK,2025-08-01,8400.0,8425.0,8300.0,8300.0,7899.67,86196100,0.3021,1.4881
BBCA.JK,2025-08-04,8325.0,8350.0,8275.0,8275.0,7875.88,49054500,-0.3012,0.9009
BBCA.JK,2025-08-05,8350.0,8450.0,8325.0,8425.0,8018.65,69475900,1.8127,1.497
BBCA.JK,2025-08-06,8425.0,8425.0,8300.0,8300.0,7899.67,56325400,-1.4837,1.4837
BBCA.JK,2025-08-07,8325.0,8350.0,8300.0,8300.0,7899.67,43621300,0.0,0.6006
BBCA.JK,2025-08-08,8325.0,8400.0,8300.0,8300.0,7899.67,68378700,0.0,1.2012
BBCA.JK,2025-08-11,8500.0,8550.0,8425.0,8550.0,8137.62,128561300,3.012,1.4706
BBCA.JK,2025-08-12,8625.0,8875.0,8575.0,8850.0,8423.15,171015700,3.5088,3.4783
BBCA.JK,2025-08-13,8975.0,8975.0,8725.0,8925.0,8494.53,129083900,0.8475,2.7855
BBCA.JK,2025-08-14,8925.0,8950.0,8750.0,8775.0,8351.76,122930900,-1.6807,2.2409
BBCA.JK,2025-08-15,8825.0,8850.0,8700.0,8700.0,8280.38,68754200,-0.8547,1.6997
BBCA.JK,2025-08-19,8600.0,8600.0,8450.0,8500.0,8090.03,128591700,-2.2989,1.7442
BBCA.JK,2025-08-20,8375.0,8600.0,8350.0,8525.0,8113.82,202260200,0.2941,2.9851
BBCA.JK,2025-08-21,8550.0,8575.0,8500.0,8550.0,8137.62,69470200,0.2933,0.8772
BBCA.JK,2025-08-22,8575.0,8575.0,8450.0,8450.0,8042.44,66394100,-1.1696,1.4577
BBCA.JK,2025-08-25,8525.0,8550.0,8475.0,8475.0,8066.23,64052700,0.2959,0.8798
BBCA.JK,2025-08-26,8450.0,8475.0,8250.0,8250.0,7852.09,326794200,-2.6549,2.6627
BBCA.JK,2025-08-27,8250.0,8350.0,8200.0,8300.0,7899.67,111915700,0.6061,1.8182
BBCA.JK,2025-08-28,8350.0,8375.0,8275.0,8325.0,7923.47,81281400,0.3012,1.1976
BBCA.JK,2025-08-29,8250.0,8275.0,8075.0,8075.0,7685.53,236499300,-3.003,2.4242
BBCA.JK,2025-09-01,7650.0,8050.0,7600.0,8000.0,7614.14,421127500,-0.9288,5.8824
BBCA.JK,2025-09-02,8000.0,8175.0,8000.0,8000.0,7614.14,155531500,0.0,2.1875
BBCA.JK,2025-09-03,7900.0,8000.0,7900.0,7975.0,7590.35,212372700,-0.3125,1.2658
BBCA.JK,2025-09-04,7975.0,8000.0,7925.0,8000.0,7614.14,103534800,0.3135,0.9404
BBCA.JK,2025-09-08,8025.0,8025.0,7700.0,7700.0,7328.61,321191900,-3.75,4.0498
BBCA.JK,2025-09-09,7625.0,7725.0,7475.0,7525.0,7162.05,595368700,-2.2727,3.2787
BBCA.JK,2025-09-10,7550.0,7800.0,7550.0,7800.0,7423.79,246849600,3.6545,3.3113
BBCA.JK,2025-09-11,7900.0,7975.0,7850.0,7850.0,7471.38,235173400,0.641,1.5823
BBCA.JK,2025-09-12,7975.0,7975.0,7850.0,7925.0,7542.76,156084700,0.9554,1.5674
BBCA.JK,2025-09-15,8000.0,8100.0,7975.0,8025.0,7637.94,142567700,1.2618,1.5625
BBCA.JK,2025-09-16,8050.0,8075.0,7900.0,7925.0,7542.76,129312900,-1.2461,2.1739
BBCA.JK,2025-09-17,7850.0,7900.0,7800.0,7850.0,7471.38,183725900,-0.9464,1.2739
BBCA.JK,2025-09-18,7850.0,7900.0,7650.0,7700.0,7328.61,275378700,-1.9108,3.1847
BBCA.JK,2025-09-19,7650.0,7825.0,7650.0,7800.0,7423.79,149025300,1.2987,2.2876
BBCA.JK,2025-09-22,7800.0,7825.0,7725.0,7725.0,7352.41,92588800,-0.9615,1.2821
BBCA.JK,2025-09-23,7750.0,7900.0,7750.0,7875.0,7495.17,102606200,1.9417,1.9355
BBCA.JK,2025-09-24,7950.0,7950.0,7725.0,7775.0,7400.0,150428400,-1.2698,2.8302
BBCA.JK,2025-09-25,7725.0,7775.0,7700.0,7700.0,7328.61,147986600,-0.9646,0.9709
BBCA.JK,2025-09-26,7575.0,7700.0,7575.0,7625.0,7257.23,121657700,-0.974,1.6502
BBCA.JK,2025-09-29,7750.0,7800.0,7700.0,7775.0,7400.0,116454700,1.9672,1.2903
BBCA.JK,2025-09-30,7700.0,7775.0,7625.0,7625.0,7257.23,170666700,-1.9293,1.9481
BBCA.JK,2025-10-01,7600.0,7675.0,7500.0,7500.0,7138.26,202433400,-1.6393,2.3026
BBCA.JK,2025-10-02,7500.0,7600.0,7500.0,7500.0,7138.26,126952400,0.0,1.3333
BBCA.JK,2025-10-03,7525.0,7550.0,7500.0,7525.0,7162.05,76787500,0.3333,0.6645
BBCA.JK,2025-10-06,7500.0,7550.0,7450.0,7500.0,7138.26,104032400,-0.3322,1.3333
BBCA.JK,2025-10-07,7550.0,7600.0,7500.0,7575.0,7209.64,74282600,1.0,1.3245
BBCA.JK,2025-10-08,7500.0,7525.0,7375.0,7375.0,7019.29,168080800,-2.6403,2.0
BBCA.JK,2025-10-09,7375.0,7700.0,7300.0,7550.0,7185.85,293567400,2.3729,5.4237
BBCA.JK,2025-10-10,7450.0,7450.0,7350.0,7400.0,7043.08,107426000,-1.9868,1.3423
BBCA.JK,2025-10-13,7300.0,7375.0,7300.0,7325.0,6971.7,101847900,-1.0135,1.0274
BBCA.JK,2025-10-14,7275.0,7350.0,7250.0,7250.0,6900.32,151862300,-1.0239,1.3746
BBCA.JK,2025-10-15,7250.0,7350.0,7225.0,7250.0,6900.32,133206400,0.0,1.7241
BBCA.JK,2025-10-16,7250.0,7325.0,7225.0,7300.0,6947.91,120611200,0.6897,1.3793
BBCA.JK,2025-10-17,7300.0,7525.0,7275.0,7500.0,7138.26,157334400,2.7397,3.4247
BBCA.JK,2025-10-20,7700.0,8000.0,7625.0,7875.0,7495.17,393421800,5.0,4.8701
BBCA.JK,2025-10-21,8100.0,8475.0,8100.0,8475.0,8066.23,529802600,7.619,4.6296
BBCA.JK,2025-10-22,8700.0,8700.0,8200.0,8200.0,7804.5,392957200,-3.2448,5.7471
BBCA.JK,2025-10-23,8200.0,8350.0,8150.0,8325.0,7923.47,187003900,1.5244,2.439
BBCA.JK,2025-10-24,8300.0,8375.0,8275.0,8275.0,7875.88,133355100,-0.6006,1.2048
BBCA.JK,2025-10-27,8325.0,8425.0,8200.0,8350.0,7947.26,182275600,0.9063,2.7027
BBCA.JK,2025-10-28,8350.0,8400.0,8250.0,8275.0,7875.88,180270000,-0.8982,1.7964
BBCA.JK,2025-10-29,8300.0,8600.0,8275.0,8600.0,8185.2,239156800,3.9275,3.9157
BBCA.JK,2025-10-30,8575.0,8750.0,8475.0,8525.0,8113.82,259009800,-0.8721,3.207
BBCA.JK,2025-10-31,8550.0,8650.0,8525.0,8525.0,8113.82,177088000,0.0,1.462
BBCA.JK,2025-11-03,8650.0,8650.0,8525.0,8650.0,8232.79,115007100,1.4663,1.4451
BBCA.JK,2025-11-04,8650.0,8700.0,8625.0,8650.0,8232.79,155231500,0.0,0.8671
BBCA.JK,2025-11-05,8625.0,8700.0,8600.0,8700.0,8280.38,125731500,0.578,1.1594
BBCA.JK,2025-11-06,8625.0,8675.0,8550.0,8550.0,8137.62,89756900,-1.7241,1.4493
BBCA.JK,2025-11-07,8550.0,8675.0,8550.0,8675.0,8256.59,75241900,1.462,1.462
BBCA.JK,2025-11-10,8675.0,8675.0,8575.0,8575.0,8161.41,79897700,-1.1527,1.1527
BBCA.JK,2025-11-11,8575.0,8600.0,8400.0,8400.0,7994.85,130897600,-2.0408,2.3324
BBCA.JK,2025-11-12,8425.0,8550.0,8400.0,8500.0,8090.03,85415600,1.1905,1.7804
BBCA.JK,2025-11-13,8400.0,8475.0,8375.0,8375.0,7971.06,104113800,-1.4706,1.1905
BBCA.JK,2025-11-14,8375.0,8500.0,8375.0,8425.0,8018.65,89815300,0.597,1.4925
BBCA.JK,2025-11-17,8500.0,8575.0,8475.0,8575.0,8161.41,129411100,1.7804,1.1765
BBCA.JK,2025-11-18,8550.0,8575.0,8400.0,8400.0,7994.85,119377900,-2.0408,2.0468
BBCA.JK,2025-11-19,8350.0,8500.0,8325.0,8475.0,8066.23,114209700,0.8929,2.0958
BBCA.JK,2025-11-20,8475.0,8600.0,8400.0,8425.0,8018.65,124087400,-0.59,2.3599
BBCA.JK,2025-11-21,8375.0,8425.0,8350.0,8400.0,7994.85,103917100,-0.2967,0.8955
BBCA.JK,2025-11-24,8400.0,8475.0,8350.0,8475.0,8066.23,279590600,0.8929,1.4881
BBCA.JK,2025-11-25,8475.0,8500.0,8375.0,8500.0,8090.03,98807700,0.295,1.4749
BBCA.JK,2025-11-26,8400.0,8450.0,8375.0,8425.0,8018.65,77094400,-0.8824,0.8929
BBCA.JK,2025-11-27,8425.0,8450.0,8325.0,8325.0,7923.47,71051300,-1.1869,1.4837
BBCA.JK,2025-11-28,8325.0,8350.0,8275.0,8275.0,7875.88,67559300,-0.6006,0.9009
BBCA.JK,2025-12-01,8450.0,8450.0,8350.0,8400.0,7994.85,76359200,1.5106,1.1834
BBCA.JK,2025-12-02,8350.0,8425.0,8350.0,8375.0,7971.06,97044000,-0.2976,0.8982
BBCA.JK,2025-12-03,8350.0,8400.0,8300.0,8300.0,7951.9,103550900,-0.8955,1.1976
BBCA.JK,2025-12-04,8325.0,8350.0,8225.0,8225.0,7880.04,71410400,-0.9036,1.5015
BBCA.JK,2025-12-05,8200.0,8300.0,8200.0,8300.0,7951.9,71162300,0.9119,1.2195
BBCA.JK,2025-12-08,8350.0,8350.0,8250.0,8300.0,7951.9,61745200,0.0,1.1976
BBCA.JK,2025-12-09,8300.0,8300.0,8100.0,8100.0,7760.28,113057200,-2.4096,2.4096
BBCA.JK,2025-12-10,8100.0,8175.0,8025.0,8075.0,7736.33,143418300,-0.3086,1.8519
BBCA.JK,2025-12-11,8175.0,8200.0,7900.0,8000.0,7664.48,140766000,-0.9288,3.6697
BBCA.JK,2025-12-12,7900.0,8000.0,7850.0,8000.0,7664.48,100006800,0.0,1.8987
BBCA.JK,2025-12-15,7925.0,8300.0,7925.0,8300.0,7951.9,143105700,3.75,4.7319
BBCA.JK,2025-12-16,8375.0,8375.0,8025.0,8075.0,7736.33,122332000,-2.7108,4.1791
BBCA.JK,2025-12-17,8000.0,8125.0,7975.0,8025.0,7688.43,89802700,-0.6192,1.875
BBCA.JK,2025-12-18,8025.0,8250.0,8025.0,8175.0,7832.14,88497200,1.8692,2.8037
BBCA.JK,2025-12-19,8200.0,8225.0,8050.0,8050.0,7712.38,131069800,-1.5291,2.1341
BBCA.JK,2025-12-22,8050.0,8175.0,8025.0,8175.0,7832.14,72424200,1.5528,1.8634
BBCA.JK,2025-12-23,8100.0,8125.0,7975.0,8025.0,7688.43,85044100,-1.8349,1.8519
BBCA.JK,2025-12-24,8025.0,8075.0,8000.0,8025.0,7688.43,71260500,0.0,0.9346
BBCA.JK,2025-12-29,8025.0,8025.0,7950.0,8025.0,7688.43,78399400,0.0,0.9346
BBCA.JK,2025-12-30,7950.0,8175.0,7950.0,8075.0,7736.33,101995600,0.6231,2.8302
BBCA.JK,2026-01-02,8075.0,8075.0,8000.0,8025.0,7688.43,68612400,-0.6192,0.9288
BBCA.JK,2026-01-05,8000.0,8100.0,8000.0,8075.0,7736.33,73408800,0.6231,1.25
BBCA.JK,2026-01-06,8175.0,8175.0,8075.0,8175.0,7832.14,97624300,1.2384,1.2232
BBCA.JK,2026-01-07,8125.0,8175.0,8025.0,8150.0,7808.19,93152500,-0.3058,1.8462
BBCA.JK,2026-01-08,8100.0,8150.0,8050.0,8050.0,7712.38,79823700,-1.227,1.2346
BBCA.JK,2026-01-09,8125.0,8175.0,8050.0,8125.0,7784.24,79484700,0.9317,1.5385
BBCA.JK,2026-01-12,8075.0,8100.0,8000.0,8025.0,7688.43,82935700,-1.2308,1.2384
BBCA.JK,2026-01-13,8025.0,8075.0,8000.0,8075.0,7736.33,80536300,0.6231,0.9346
BBCA.JK,2026-01-14,8025.0,8050.0,7950.0,8000.0,7664.48,105724300,-0.9288,1.2461
BBCA.JK,2026-01-15,8000.0,8175.0,7975.0,8075.0,7736.33,151753100,0.9375,2.5
BBCA.JK,2026-01-19,8075.0,8125.0,7975.0,8125.0,7784.24,172100000,0.6192,1.8576
BBCA.JK,2026-01-20,8050.0,8125.0,8000.0,8000.0,7664.48,82672500,-1.5385,1.5528
BBCA.JK,2026-01-21,7925.0,7950.0,7700.0,7700.0,7377.06,301825600,-3.75,3.1546
BBCA.JK,2026-01-22,7700.0,7775.0,7600.0,7650.0,7329.16,268025900,-0.6494,2.2727
BBCA.JK,2026-01-23,7600.0,7675.0,7550.0,7650.0,7329.16,202878600,0.0,1.6447
BBCA.JK,2026-01-26,7550.0,7675.0,7525.0,7650.0,7329.16,213044100,0.0,1.9868
BBCA.JK,2026-01-27,7575.0,7625.0,7500.0,7500.0,7185.45,259830900,-1.9608,1.6502
BBCA.JK,2026-01-28,7050.0,7400.0,6925.0,7025.0,6730.37,1027287500,-6.3333,6.7376
BBCA.JK,2026-01-29,6675.0,7275.0,6375.0,7200.0,6898.03,1432993400,2.4911,13.4831
BBCA.JK,2026-01-30,7200.0,7600.0,7200.0,7400.0,7089.64,528434900,2.7778,5.5556
BBCA.JK,2026-02-02,7600.0,7600.0,7325.0,7600.0,7281.25,326948700,2.7027,3.6184
BBCA.JK,2026-02-03,7600.0,7650.0,7375.0,7650.0,7329.16,206015400,0.6579,3.6184
BBCA.JK,2026-02-04,7650.0,7825.0,7600.0,7800.0,7472.87,193370800,1.9608,2.9412
BBCA.JK,2026-02-05,7800.0,7925.0,7800.0,7800.0,7472.87,142332400,0.0,1.6026
BBCA.JK,2026-02-06,7700.0,7775.0,7600.0,7675.0,7353.11,176352600,-1.6026,2.2727
BBCA.JK,2026-02-09,7675.0,7725.0,7450.0,7500.0,7185.45,174758300,-2.2801,3.5831
BBCA.JK,2026-02-10,7500.0,7550.0,7450.0,7475.0,7161.5,127704200,-0.3333,1.3333
BBCA.JK,2026-02-11,7475.0,7525.0,7400.0,7450.0,7137.54,213505000,-0.3344,1.6722
BBCA.JK,2026-02-12,7450.0,7475.0,7300.0,7325.0,7017.79,237465300,-1.6779,2.349
BBCA.JK,2026-02-13,7325.0,7325.0,7200.0,7200.0,6898.03,356015300,-1.7065,1.7065
BBCA.JK,2026-02-18,7225.0,7375.0,7225.0,7275.0,6969.88,125301200,1.0417,2.0761
BBCA.JK,2026-02-19,7325.0,7325.0,7175.0,7175.0,6874.08,133463400,-1.3746,2.0478
BBCA.JK,2026-02-20,7175.0,7250.0,7150.0,7225.0,6921.98,122959500,0.6969,1.3937
BBCA.JK,2026-02-23,7300.0,7350.0,7275.0,7300.0,6993.84,100443800,1.0381,1.0274
BBCA.JK,2026-02-24,7275.0,7325.0,7225.0,7225.0,6921.98,159225400,-1.0274,1.3746
BBCA.JK,2026-02-25,7275.0,7375.0,7250.0,7325.0,7017.79,133278000,1.3841,1.7182
BBCA.JK,2026-02-26,7350.0,7375.0,7200.0,7300.0,6993.84,127811900,-0.3413,2.381
BBCA.JK,2026-02-27,7200.0,7275.0,7175.0,7175.0,6874.08,193104700,-1.7123,1.3889
BBCA.JK,2026-03-02,7075.0,7150.0,6975.0,7025.0,6730.37,156182700,-2.0906,2.4735
BBCA.JK,2026-03-03,7075.0,7125.0,7025.0,7075.0,6778.27,103031100,0.7117,1.4134
BBCA.JK,2026-03-04,7075.0,7075.0,6825.0,6875.0,6586.66,216518700,-2.8269,3.5336
BBCA.JK,2026-03-05,6975.0,7125.0,6950.0,7100.0,6802.22,110256300,3.2727,2.509
BBCA.JK,2026-03-06,7075.0,7100.0,7000.0,7000.0,6706.42,102725700,-1.4085,1.4134
BBCA.JK,2026-03-09,6900.0,6950.0,6825.0,6875.0,6586.66,150426400,-1.7857,1.8116
BBCA.JK,2026-03-10,6950.0,7050.0,6925.0,6975.0,6682.47,129977900,1.4545,1.7986
BBCA.JK,2026-03-11,6975.0,7000.0,6825.0,6825.0,6538.76,91723400,-2.1505,2.509
BBCA.JK,2026-03-12,6825.0,7025.0,6825.0,6900.0,6610.61,98787400,1.0989,2.9304
BBCA.JK,2026-03-13,6850.0,7025.0,6850.0,6875.0,6586.66,107940600,-0.3623,2.5547
BBCA.JK,2026-03-16,6850.0,6875.0,6700.0,6750.0,6466.9,127757500,-1.8182,2.5547
BBCA.JK,2026-03-17,6750.0,6825.0,6750.0,6775.0,6490.85,160903900,0.3704,1.1111
BBCA.JK,2026-03-25,6675.0,6925.0,6675.0,6900.0,6610.61,314281100,1.845,3.7453
BBCA.JK,2026-03-26,6900.0,6975.0,6850.0,6875.0,6586.66,145934900,-0.3623,1.8116
BBCA.JK,2026-03-27,6775.0,6850.0,6700.0,6700.0,6419.0,283556500,-2.5455,2.214
BBCA.JK,2026-03-30,6400.0,6500.0,6350.0,6450.0,6450.0,242278100,-3.7313,2.3438
BBCA.JK,2026-03-31,6450.0,6550.0,6450.0,6450.0,6450.0,150657800,0.0,1.5504
BBCA.JK,2026-04-01,6550.0,6650.0,6500.0,6500.0,6500.0,132798100,0.7752,2.2901
BBCA.JK,2026-04-02,6550.0,6600.0,6500.0,6575.0,6575.0,72725400,1.1538,1.5267
BBCA.JK,2026-04-06,6600.0,6625.0,6450.0,6500.0,6500.0,57914600,-1.1407,2.6515
BBCA.JK,2026-04-07,6500.0,6525.0,6450.0,6500.0,6500.0,65168700,0.0,1.1538
BBCA.JK,2026-04-08,6650.0,6850.0,6625.0,6750.0,6750.0,163594000,3.8462,3.3835
BBCA.JK,2026-04-09,6775.0,6800.0,6450.0,6475.0,6475.0,182409800,-4.0741,5.1661
BBCA.JK,2026-04-10,6525.0,6700.0,6475.0,6700.0,6700.0,167336100,3.4749,3.4483
BBCA.JK,2026-04-13,6650.0,6700.0,6575.0,6575.0,6575.0,81955300,-1.8657,1.8797
BBCA.JK,2026-04-14,6675.0,6800.0,6675.0,6750.0,6750.0,105010900,2.6616,1.8727
BBCA.JK,2026-04-15,6775.0,6800.0,6550.0,6550.0,6550.0,104880600,-2.963,3.69
BBCA.JK,2026-04-16,6575.0,6650.0,6500.0,6525.0,6525.0,122416100,-0.3817,2.2814
BBCA.JK,2026-04-17,6500.0,6550.0,6425.0,6425.0,6425.0,156827000,-1.5326,1.9231
BBCA.JK,2026-04-20,6450.0,6575.0,6425.0,6475.0,6475.0,137435700,0.7782,2.3256
BBCA.JK,2026-04-21,6475.0,6525.0,6425.0,6500.0,6500.0,112151900,0.3861,1.5444
BBCA.JK,2026-04-22,6475.0,6525.0,6450.0,6450.0,6450.0,95673700,-0.7692,1.1583
BBCA.JK,2026-04-23,6450.0,6550.0,6425.0,6425.0,6425.0,95913400,-0.3876,1.938
BBCA.JK,2026-04-24,6400.0,6425.0,6050.0,6050.0,6050.0,435004800,-5.8366,5.8594
BBCA.JK,2026-04-27,6025.0,6050.0,5950.0,5975.0,5975.0,273263100,-1.2397,1.6598
BBCA.JK,2026-04-28,6025.0,6075.0,5950.0,6000.0,6000.0,174091200,0.4184,2.0747
BBCA.JK,2026-04-29,6000.0,6050.0,5950.0,5975.0,5975.0,176050900,-0.4167,1.6667
BBCA.JK,2026-04-30,5950.0,5975.0,5800.0,5850.0,5850.0,303405400,-2.0921,2.9412
BBCA.JK,2026-05-04,5800.0,5950.0,5800.0,5900.0,5900.0,207566700,0.8547,2.5862
BBCA.JK,2026-05-05,5900.0,6075.0,5875.0,5950.0,5950.0,179928300,0.8475,3.3898
BBCA.JK,2026-05-06,5950.0,6000.0,5900.0,5950.0,5950.0,90843100,0.0,1.6807
BBCA.JK,2026-05-07,6000.0,6325.0,6000.0,6225.0,6225.0,238690900,4.6218,5.4167
BBCA.JK,2026-05-08,6225.0,6425.0,6175.0,6175.0,6175.0,201784700,-0.8032,4.0161
BBCA.JK,2026-05-11,6225.0,6275.0,6100.0,6150.0,6150.0,126301300,-0.4049,2.8112
BBCA.JK,2026-05-12,6125.0,6150.0,6050.0,6125.0,6125.0,107394400,-0.4065,1.6327
BBCA.JK,2026-05-13,6125.0,6200.0,6025.0,6100.0,6100.0,147339600,-0.4082,2.8571
BBCA.JK,2026-05-14,6100.0,6100.0,6100.0,6100.0,6100.0,0,0.0,0.0
BBCA.JK,2026-05-15,6100.0,6100.0,6100.0,6100.0,6100.0,0,0.0,0.0
BBCA.JK,2026-05-18,5950.0,6125.0,5900.0,6125.0,6125.0,208748400,0.4098,3.7815
BBCA.JK,2026-05-19,6050.0,6200.0,5950.0,5950.0,5950.0,184830100,-2.8571,4.1322
BBCA.JK,2026-05-20,5975.0,6100.0,5875.0,5975.0,5975.0,195107100,0.4202,3.7657
BBCA.JK,2026-05-21,6000.0,6150.0,5925.0,5950.0,5950.0,210976100,-0.4184,3.75
BBCA.JK,2026-05-22,5900.0,5975.0,5825.0,5900.0,5900.0,288919700,-0.8403,2.5424
BBCA.JK,2026-05-25,5950.0,6175.0,5925.0,6100.0,6100.0,263179200,3.3898,4.2017
BBCA.JK,2026-05-26,6050.0,6100.0,5950.0,5975.0,5975.0,225158700,-2.0492,2.4793
BBCA.JK,2026-05-27,5975.0,5975.0,5975.0,5975.0,5975.0,0,0.0,0.0
BBCA.JK,2026-05-28,5975.0,5975.0,5975.0,5975.0,5975.0,0,0.0,0.0
BBCA.JK,2026-05-29,5750.0,5875.0,5700.0,5700.0,5700.0,1014028000,-4.6025,3.0435
BBCA.JK,2026-06-02,5750.0,5875.0,5700.0,5825.0,5825.0,346305200,2.193,3.0435
BBCA.JK,2026-06-03,5775.0,5825.0,5525.0,5525.0,5525.0,353332300,-5.1502,5.1948
BBCA.JK,2026-06-04,5475.0,5600.0,5300.0,5425.0,5425.0,550059500,-1.81,5.4795
BBCA.JK,2026-06-05,5325.0,5375.0,5075.0,5075.0,5075.0,572612000,-6.4516,5.6338
BBCA.JK,2026-06-08,4950.0,5050.0,4850.0,4850.0,4850.0,705093300,-4.4335,4.0404
BBCA.JK,2026-06-09,4850.0,5150.0,4820.0,5150.0,5150.0,772898000,6.1856,6.8041
BBCA.JK,2026-06-10,5175.0,5700.0,5175.0,5650.0,5650.0,747366000,9.7087,10.1449
BBCA.JK,2026-06-11,5650.0,5875.0,5550.0,5825.0,5825.0,543032300,3.0973,5.7522
BBCA.JK,2026-06-12,6000.0,6100.0,5900.0,5925.0,5925.0,415872300,1.7167,3.3333
BBCA.JK,2026-06-15,6100.0,6425.0,6100.0,6275.0,6275.0,480395000,5.9072,5.3279
BBCA.JK,2026-06-17,6400.0,6550.0,6275.0,6275.0,6275.0,467494300,0.0,4.2969
BBCA.JK,2026-06-18,6250.0,6275.0,6075.0,6075.0,6075.0,232489300,-3.1873,3.2
BBCA.JK,2026-06-19,6050.0,6300.0,6050.0,6300.0,6300.0,366595500,3.7037,4.1322
BBCA.JK,2026-06-22,6400.0,6400.0,6125.0,6225.0,6225.0,193401600,-1.1905,4.2969
BBCA.JK,2026-06-23,6150.0,6200.0,6075.0,6125.0,6125.0,144561900,-1.6064,2.0325
BBCA.JK,2026-06-24,6125.0,6200.0,5925.0,5925.0,5925.0,144928800,-3.2653,4.4898
BBCA.JK,2026-06-25,5900.0,6175.0,5900.0,6025.0,6025.0,197935000,1.6878,4.661
BBCA.JK,2026-06-26,6050.0,6175.0,6025.0,6175.0,6175.0,163378700,2.4896,2.4793
BBCA.JK,2026-06-29,6175.0,6200.0,5925.0,5925.0,5925.0,189886600,-4.0486,4.4534
BBCA.JK,2026-06-30,5775.0,5825.0,5550.0,5550.0,5550.0,440738300,-6.3291,4.7619
BBCA.JK,2026-07-01,5550.0,5750.0,5550.0,5600.0,5600.0,124123800,0.9009,3.6036
BBCA.JK,2026-07-02,5650.0,5875.0,5625.0,5800.0,5800.0,145119400,3.5714,4.4248
BBCA.JK,2026-07-03,5925.0,6150.0,5900.0,6050.0,6050.0,200465200,4.3103,4.2194
BBRI.JK,2024-07-03,4630.0,4640.0,4560.0,4600.0,3809.07,176310400,,1.7279
BBRI.JK,2024-07-04,4680.0,4830.0,4660.0,4790.0,3966.4,422261500,4.1304,3.6325
BBRI.JK,2024-07-05,4850.0,4870.0,4790.0,4800.0,3974.69,218278000,0.2088,1.6495
BBRI.JK,2024-07-08,4800.0,4830.0,4740.0,4750.0,3933.28,222042100,-1.0417,1.875
BBRI.JK,2024-07-09,4780.0,4930.0,4750.0,4870.0,4032.65,291320400,2.5263,3.7657
BBRI.JK,2024-07-10,4870.0,4920.0,4840.0,4850.0,4016.09,167619700,-0.4107,1.6427
BBRI.JK,2024-07-11,4910.0,4920.0,4840.0,4840.0,4007.81,170461300,-0.2062,1.6293
BBRI.JK,2024-07-12,4970.0,4980.0,4880.0,4900.0,4057.49,301125400,1.2397,2.0121
BBRI.JK,2024-07-15,4920.0,4930.0,4810.0,4820.0,3991.25,188713000,-1.6327,2.439
BBRI.JK,2024-07-16,4820.0,4840.0,4730.0,4730.0,3916.72,189271400,-1.8672,2.2822
BBRI.JK,2024-07-17,4750.0,4810.0,4720.0,4760.0,3941.56,263325400,0.6342,1.8947
BBRI.JK,2024-07-18,4760.0,4890.0,4750.0,4890.0,4049.21,296614900,2.7311,2.9412
BBRI.JK,2024-07-19,4870.0,4910.0,4850.0,4900.0,4057.49,135104800,0.2045,1.232
BBRI.JK,2024-07-22,4920.0,4940.0,4880.0,4910.0,4065.77,140128300,0.2041,1.2195
BBRI.JK,2024-07-23,4900.0,4910.0,4780.0,4790.0,3966.4,170919500,-2.444,2.6531
BBRI.JK,2024-07-24,4770.0,4800.0,4760.0,4780.0,3958.12,116037600,-0.2088,0.8386
BBRI.JK,2024-07-25,4760.0,4760.0,4660.0,4700.0,3891.88,274397700,-1.6736,2.1008
BBRI.JK,2024-07-26,4760.0,4810.0,4740.0,4760.0,3941.56,192267300,1.2766,1.4706
BBRI.JK,2024-07-29,4800.0,4800.0,4760.0,4780.0,3958.12,126109900,0.4202,0.8333
BBRI.JK,2024-07-30,4720.0,4740.0,4670.0,4670.0,3867.04,201835700,-2.3013,1.4831
BBRI.JK,2024-07-31,4650.0,4710.0,4650.0,4670.0,3867.04,168490300,0.0,1.2903
BBRI.JK,2024-08-01,4710.0,4750.0,4690.0,4750.0,3933.28,169636700,1.7131,1.2739
BBRI.JK,2024-08-02,4730.0,4750.0,4690.0,4710.0,3900.16,113328400,-0.8421,1.2685
BBRI.JK,2024-08-05,4660.0,4670.0,4510.0,4530.0,3751.11,329430900,-3.8217,3.4335
BBRI.JK,2024-08-06,4550.0,4650.0,4520.0,4600.0,3809.07,238051800,1.5453,2.8571
BBRI.JK,2024-08-07,4640.0,4640.0,4590.0,4620.0,3825.63,125937500,0.4348,1.0776
BBRI.JK,2024-08-08,4600.0,4690.0,4590.0,4660.0,3858.76,131343400,0.8658,2.1739
BBRI.JK,2024-08-09,4700.0,4730.0,4670.0,4670.0,3867.04,98730900,0.2146,1.2766
BBRI.JK,2024-08-12,4720.0,4720.0,4650.0,4680.0,3875.32,83552800,0.2141,1.4831
BBRI.JK,2024-08-13,4700.0,4750.0,4690.0,4720.0,3908.44,109533400,0.8547,1.2766
BBRI.JK,2024-08-14,4770.0,4840.0,4760.0,4820.0,3991.25,262716500,2.1186,1.6771
BBRI.JK,2024-08-15,4850.0,4870.0,4790.0,4830.0,3999.53,214394900,0.2075,1.6495
BBRI.JK,2024-08-16,4850.0,4870.0,4830.0,4830.0,3999.53,149701700,0.0,0.8247
BBRI.JK,2024-08-19,4820.0,4820.0,4750.0,4820.0,3991.25,196203200,-0.207,1.4523
BBRI.JK,2024-08-20,4860.0,4950.0,4840.0,4950.0,4098.89,310085500,2.6971,2.2634
BBRI.JK,2024-08-21,4990.0,5100.0,4980.0,5100.0,4223.1,390307000,3.0303,2.4048
BBRI.JK,2024-08-22,5125.0,5150.0,5025.0,5050.0,4181.7,474043100,-0.9804,2.439
BBRI.JK,2024-08-23,5150.0,5200.0,5125.0,5150.0,4264.51,217759300,1.9802,1.4563
BBRI.JK,2024-08-26,5200.0,5325.0,5200.0,5300.0,4388.71,361169800,2.9126,2.4038
BBRI.JK,2024-08-27,5250.0,5275.0,5100.0,5175.0,4285.21,271088700,-2.3585,3.3333
BBRI.JK,2024-08-28,5100.0,5175.0,5025.0,5150.0,4264.51,277561700,-0.4831,2.9412
BBRI.JK,2024-08-29,5125.0,5175.0,5100.0,5125.0,4243.8,160041900,-0.4854,1.4634
BBRI.JK,2024-08-30,5175.0,5175.0,5125.0,5150.0,4264.51,275298000,0.4878,0.9662
BBRI.JK,2024-09-02,5150.0,5225.0,5150.0,5175.0,4285.21,136717200,0.4854,1.4563
BBRI.JK,2024-09-03,5225.0,5250.0,5150.0,5175.0,4285.21,166033900,0.0,1.9139
BBRI.JK,2024-09-04,5100.0,5175.0,5100.0,5100.0,4223.1,141890400,-1.4493,1.4706
BBRI.JK,2024-09-05,5125.0,5150.0,5075.0,5150.0,4264.51,166436800,0.9804,1.4634
BBRI.JK,2024-09-06,5200.0,5250.0,5150.0,5225.0,4326.61,170520700,1.4563,1.9231
BBRI.JK,2024-09-09,5275.0,5300.0,5150.0,5175.0,4285.21,201448700,-0.9569,2.8436
BBRI.JK,2024-09-10,5200.0,5250.0,5125.0,5250.0,4347.31,202326400,1.4493,2.4038
BBRI.JK,2024-09-11,5225.0,5250.0,5125.0,5175.0,4285.21,165284900,-1.4286,2.3923
BBRI.JK,2024-09-12,5175.0,5225.0,5150.0,5175.0,4285.21,138542100,0.0,1.4493
BBRI.JK,2024-09-13,5200.0,5300.0,5175.0,5300.0,4388.71,259722600,2.4155,2.4038
BBRI.JK,2024-09-17,5350.0,5350.0,5250.0,5300.0,4388.71,201331600,0.0,1.8692
BBRI.JK,2024-09-18,5350.0,5375.0,5325.0,5350.0,4430.12,186877300,0.9434,0.9346
BBRI.JK,2024-09-19,5425.0,5500.0,5400.0,5400.0,4471.52,332941100,0.9346,1.8433
BBRI.JK,2024-09-20,5400.0,5450.0,5375.0,5375.0,4450.82,260437400,-0.463,1.3889
BBRI.JK,2024-09-23,5350.0,5500.0,5350.0,5500.0,4554.33,245292000,2.3256,2.8037
BBRI.JK,2024-09-24,5550.0,5575.0,5525.0,5525.0,4575.03,195415700,0.4545,0.9009
BBRI.JK,2024-09-25,5400.0,5425.0,5200.0,5325.0,4409.42,607065900,-3.6199,4.1667
BBRI.JK,2024-09-26,5150.0,5200.0,5025.0,5050.0,4181.7,855266800,-5.1643,3.3981
BBRI.JK,2024-09-27,5050.0,5150.0,5000.0,5100.0,4223.1,304694300,0.9901,2.9703
BBRI.JK,2024-09-30,5050.0,5050.0,4950.0,4950.0,4098.89,539169900,-2.9412,1.9802
BBRI.JK,2024-10-01,4970.0,5075.0,4970.0,5075.0,4202.4,197069300,2.5253,2.1127
BBRI.JK,2024-10-02,5000.0,5075.0,4900.0,4940.0,4090.61,307487600,-2.6601,3.5
BBRI.JK,2024-10-03,4900.0,4960.0,4860.0,4920.0,4074.05,354814800,-0.4049,2.0408
BBRI.JK,2024-10-04,4870.0,4920.0,4850.0,4860.0,4024.37,289960700,-1.2195,1.4374
BBRI.JK,2024-10-07,4860.0,4930.0,4810.0,4820.0,3991.25,308452200,-0.823,2.4691
BBRI.JK,2024-10-08,4800.0,5050.0,4760.0,5000.0,4140.3,527474400,3.7344,6.0417
BBRI.JK,2024-10-09,5000.0,5075.0,4930.0,4930.0,4082.33,309336600,-1.4,2.9
BBRI.JK,2024-10-10,4920.0,4970.0,4860.0,4860.0,4024.37,226564700,-1.4199,2.2358
BBRI.JK,2024-10-11,4910.0,4940.0,4890.0,4900.0,4057.49,104875300,0.823,1.0183
BBRI.JK,2024-10-14,4900.0,4930.0,4870.0,4900.0,4057.49,125414400,0.0,1.2245
BBRI.JK,2024-10-15,4930.0,4990.0,4920.0,4920.0,4074.05,142372200,0.4082,1.4199
BBRI.JK,2024-10-16,4950.0,4970.0,4920.0,4950.0,4098.89,118014300,0.6098,1.0101
BBRI.JK,2024-10-17,4960.0,5050.0,4940.0,4980.0,4123.74,188127700,0.6061,2.2177
BBRI.JK,2024-10-18,5025.0,5050.0,4960.0,4970.0,4115.46,157113000,-0.2008,1.791
BBRI.JK,2024-10-21,4980.0,5025.0,4970.0,4990.0,4132.02,110708200,0.4024,1.1044
BBRI.JK,2024-10-22,4960.0,4970.0,4900.0,4900.0,4057.49,199707500,-1.8036,1.4113
BBRI.JK,2024-10-23,4830.0,4890.0,4810.0,4860.0,4024.37,222147300,-0.8163,1.6563
BBRI.JK,2024-10-24,4820.0,4900.0,4810.0,4820.0,3991.25,218162100,-0.823,1.8672
BBRI.JK,2024-10-25,4820.0,4860.0,4770.0,4770.0,3949.84,195647800,-1.0373,1.8672
BBRI.JK,2024-10-28,4770.0,4800.0,4710.0,4760.0,3941.56,191211000,-0.2096,1.8868
BBRI.JK,2024-10-29,4730.0,4780.0,4700.0,4700.0,3891.88,203658600,-1.2605,1.6913
BBRI.JK,2024-10-30,4630.0,4750.0,4630.0,4710.0,3900.16,296314500,0.2128,2.5918
BBRI.JK,2024-10-31,4710.0,4870.0,4710.0,4800.0,3974.69,307110400,1.9108,3.397
BBRI.JK,2024-11-01,4770.0,4820.0,4700.0,4700.0,3891.88,235656400,-2.0833,2.5157
BBRI.JK,2024-11-04,4710.0,4770.0,4650.0,4720.0,3908.44,209831500,0.4255,2.5478
BBRI.JK,2024-11-05,4690.0,4740.0,4680.0,4710.0,3900.16,199499300,-0.2119,1.2793
BBRI.JK,2024-11-06,4710.0,4730.0,4600.0,4600.0,3809.07,249059500,-2.3355,2.7601
BBRI.JK,2024-11-07,4610.0,4640.0,4550.0,4550.0,3767.67,296218600,-1.087,1.9523
BBRI.JK,2024-11-08,4600.0,4640.0,4520.0,4520.0,3742.83,198589900,-0.6593,2.6087
BBRI.JK,2024-11-11,4470.0,4540.0,4370.0,4460.0,3693.15,507192300,-1.3274,3.8031
BBRI.JK,2024-11-12,4430.0,4520.0,4430.0,4500.0,3726.27,252380100,0.8969,2.0316
BBRI.JK,2024-11-13,4470.0,4610.0,4460.0,4580.0,3792.51,209627200,1.7778,3.3557
BBRI.JK,2024-11-14,4570.0,4590.0,4500.0,4500.0,3726.27,159871800,-1.7467,1.9694
BBRI.JK,2024-11-15,4450.0,4510.0,4450.0,4470.0,3701.43,106365600,-0.6667,1.3483
BBRI.JK,2024-11-18,4440.0,4460.0,4350.0,4350.0,3602.06,253272300,-2.6846,2.4775
BBRI.JK,2024-11-19,4350.0,4410.0,4350.0,4360.0,3610.34,294838700,0.2299,1.3793
BBRI.JK,2024-11-20,4400.0,4440.0,4330.0,4330.0,3585.5,298734600,-0.6881,2.5
BBRI.JK,2024-11-21,4280.0,4320.0,4250.0,4250.0,3519.25,376788400,-1.8476,1.6355
BBRI.JK,2024-11-22,4250.0,4420.0,4250.0,4400.0,3643.46,280188100,3.5294,4.0
BBRI.JK,2024-11-25,4420.0,4530.0,4420.0,4470.0,3701.43,401446400,1.5909,2.4887
BBRI.JK,2024-11-26,4450.0,4470.0,4380.0,4400.0,3643.46,266677500,-1.566,2.0225
BBRI.JK,2024-11-28,4350.0,4390.0,4330.0,4330.0,3585.5,277081800,-1.5909,1.3793
BBRI.JK,2024-11-29,4280.0,4300.0,4250.0,4250.0,3519.25,412519800,-1.8476,1.1682
BBRI.JK,2024-12-02,4270.0,4280.0,4160.0,4170.0,3453.01,337188900,-1.8824,2.8103
BBRI.JK,2024-12-03,4240.0,4250.0,4210.0,4240.0,3510.97,384146700,1.6787,0.9434
BBRI.JK,2024-12-04,4240.0,4370.0,4220.0,4350.0,3602.06,345762200,2.5943,3.5377
BBRI.JK,2024-12-05,4310.0,4340.0,4250.0,4260.0,3527.53,183249300,-2.069,2.0882
BBRI.JK,2024-12-06,4250.0,4310.0,4220.0,4310.0,3568.94,151433000,1.1737,2.1176
BBRI.JK,2024-12-09,4310.0,4390.0,4300.0,4390.0,3635.18,158897200,1.8561,2.0882
BBRI.JK,2024-12-10,4360.0,4380.0,4290.0,4360.0,3610.34,196160900,-0.6834,2.0642
BBRI.JK,2024-12-11,4340.0,4430.0,4340.0,4380.0,3626.9,203980300,0.4587,2.0737
BBRI.JK,2024-12-12,4340.0,4360.0,4260.0,4260.0,3527.53,226698900,-2.7397,2.3041
BBRI.JK,2024-12-13,4230.0,4280.0,4170.0,4170.0,3453.01,287838100,-2.1127,2.6005
BBRI.JK,2024-12-16,4150.0,4280.0,4150.0,4250.0,3519.25,325441900,1.9185,3.1325
BBRI.JK,2024-12-17,4250.0,4290.0,4150.0,4150.0,3436.45,327919000,-2.3529,3.2941
BBRI.JK,2024-12-18,4170.0,4210.0,4130.0,4150.0,3436.45,205055500,0.0,1.9185
BBRI.JK,2024-12-19,4090.0,4110.0,4050.0,4090.0,3386.76,381986300,-1.4458,1.467
BBRI.JK,2024-12-20,4070.0,4120.0,4050.0,4060.0,3361.92,252689600,-0.7335,1.7199
BBRI.JK,2024-12-23,4130.0,4210.0,4110.0,4210.0,3486.13,167689800,3.6946,2.4213
BBRI.JK,2024-12-24,4220.0,4250.0,4170.0,4200.0,3477.85,199536100,-0.2375,1.8957
BBRI.JK,2024-12-27,4100.0,4120.0,4080.0,4100.0,3507.79,143104400,-2.381,0.9756
BBRI.JK,2024-12-30,4080.0,4120.0,4070.0,4080.0,3490.68,153934700,-0.4878,1.2255
BBRI.JK,2025-01-02,4100.0,4220.0,4090.0,4210.0,3601.91,181361700,3.1863,3.1707
BBRI.JK,2025-01-03,4220.0,4240.0,4150.0,4150.0,3550.57,134632300,-1.4252,2.1327
BBRI.JK,2025-01-06,4180.0,4180.0,4100.0,4100.0,3507.79,153048700,-1.2048,1.9139
BBRI.JK,2025-01-07,4080.0,4090.0,4030.0,4030.0,3447.91,171997400,-1.7073,1.4706
BBRI.JK,2025-01-08,4030.0,4100.0,4030.0,4080.0,3490.68,133655700,1.2407,1.737
BBRI.JK,2025-01-09,4070.0,4100.0,4030.0,4030.0,3447.91,99300400,-1.2255,1.7199
BBRI.JK,2025-01-10,4030.0,4060.0,4010.0,4010.0,3430.79,132774300,-0.4963,1.2407
BBRI.JK,2025-01-13,3990.0,3990.0,3850.0,3850.0,3293.9,413408100,-3.99,3.5088
BBRI.JK,2025-01-14,3820.0,3920.0,3800.0,3800.0,3251.13,293621700,-1.2987,3.1414
BBRI.JK,2025-01-15,3840.0,4090.0,3840.0,4090.0,3499.24,407813500,7.6316,6.5104
BBRI.JK,2025-01-16,4210.0,4240.0,4130.0,4160.0,3559.13,349387500,1.7115,2.6128
BBRI.JK,2025-01-17,4150.0,4190.0,4080.0,4090.0,3499.24,268758600,-1.6827,2.6506
BBRI.JK,2025-01-20,4130.0,4220.0,4130.0,4220.0,3610.46,167348600,3.1785,2.1792
BBRI.JK,2025-01-21,4270.0,4380.0,4250.0,4260.0,3644.68,345223800,0.9479,3.0445
BBRI.JK,2025-01-22,4310.0,4320.0,4230.0,4260.0,3644.68,193218900,0.0,2.0882
BBRI.JK,2025-01-23,4260.0,4340.0,4260.0,4300.0,3678.91,216018100,0.939,1.8779
BBRI.JK,2025-01-24,4350.0,4350.0,4190.0,4190.0,3584.79,276421900,-2.5581,3.6782
BBRI.JK,2025-01-30,4130.0,4170.0,4090.0,4120.0,3524.91,220222400,-1.6706,1.937
BBRI.JK,2025-01-31,4170.0,4280.0,4150.0,4220.0,3610.46,192622700,2.4272,3.1175
BBRI.JK,2025-02-03,4200.0,4270.0,4150.0,4250.0,3636.13,220285800,0.7109,2.8571
BBRI.JK,2025-02-04,4260.0,4300.0,4200.0,4260.0,3644.68,231917500,0.2353,2.3474
BBRI.JK,2025-02-05,4250.0,4250.0,4140.0,4140.0,3542.02,209834400,-2.8169,2.5882
BBRI.JK,2025-02-06,4120.0,4160.0,3940.0,3970.0,3396.57,378545500,-4.1063,5.3398
BBRI.JK,2025-02-07,3970.0,4030.0,3940.0,4030.0,3447.91,259636200,1.5113,2.267
BBRI.JK,2025-02-10,4000.0,4050.0,3950.0,3970.0,3396.57,201999400,-1.4888,2.5
BBRI.JK,2025-02-11,3970.0,4040.0,3900.0,4010.0,3430.79,276382800,1.0076,3.5264
BBRI.JK,2025-02-12,3960.0,4060.0,3950.0,4030.0,3447.91,362571900,0.4988,2.7778
BBRI.JK,2025-02-13,4000.0,4030.0,3960.0,3990.0,3413.68,341640600,-0.9926,1.75
BBRI.JK,2025-02-14,4000.0,4010.0,3850.0,3860.0,3302.46,524909600,-3.2581,4.0
BBRI.JK,2025-02-17,3870.0,4030.0,3870.0,4030.0,3447.91,265737100,4.4041,4.1344
BBRI.JK,2025-02-18,4030.0,4180.0,4030.0,4150.0,3550.57,374350700,2.9777,3.7221
BBRI.JK,2025-02-19,4160.0,4180.0,4010.0,4020.0,3439.35,348358600,-3.1325,4.0865
BBRI.JK,2025-02-20,3970.0,4020.0,3910.0,3910.0,3345.24,312753300,-2.7363,2.7708
BBRI.JK,2025-02-21,3910.0,3930.0,3870.0,3890.0,3328.13,205268800,-0.5115,1.5345
BBRI.JK,2025-02-24,3900.0,3940.0,3870.0,3920.0,3353.79,138610800,0.7712,1.7949
BBRI.JK,2025-02-25,3880.0,3920.0,3800.0,3800.0,3251.13,404555100,-3.0612,3.0928
BBRI.JK,2025-02-26,3800.0,3860.0,3760.0,3820.0,3268.24,242834100,0.5263,2.6316
BBRI.JK,2025-02-27,3790.0,3800.0,3610.0,3630.0,3105.68,410928000,-4.9738,5.0132
BBRI.JK,2025-02-28,3500.0,3540.0,3360.0,3360.0,2874.68,1000597600,-7.438,5.1429
BBRI.JK,2025-03-03,3520.0,3740.0,3470.0,3670.0,3139.9,744626800,9.2262,7.6705
BBRI.JK,2025-03-04,3680.0,3720.0,3600.0,3670.0,3139.9,338434700,0.0,3.2609
BBRI.JK,2025-03-05,3710.0,3900.0,3710.0,3840.0,3285.35,441151000,4.6322,5.1213
BBRI.JK,2025-03-06,3870.0,3990.0,3870.0,3950.0,3379.46,434485100,2.8646,3.1008
BBRI.JK,2025-03-07,3930.0,3930.0,3810.0,3810.0,3259.68,243793600,-3.5443,3.0534
BBRI.JK,2025-03-10,3790.0,3810.0,3730.0,3760.0,3216.9,232192200,-1.3123,2.1108
BBRI.JK,2025-03-11,3700.0,3790.0,3660.0,3790.0,3242.57,273961800,0.7979,3.5135
BBRI.JK,2025-03-12,3810.0,3920.0,3810.0,3890.0,3328.13,271631200,2.6385,2.8871
BBRI.JK,2025-03-13,3960.0,3970.0,3800.0,3800.0,3251.13,209225700,-2.3136,4.2929
BBRI.JK,2025-03-14,3750.0,3840.0,3750.0,3750.0,3208.35,156131900,-1.3158,2.4
BBRI.JK,2025-03-17,3780.0,3840.0,3730.0,3830.0,3276.79,162467700,2.1333,2.9101
BBRI.JK,2025-03-18,3840.0,3860.0,3500.0,3680.0,3148.46,416894600,-3.9164,9.375
BBRI.JK,2025-03-19,3710.0,3780.0,3680.0,3710.0,3174.13,352217700,0.8152,2.6954
BBRI.JK,2025-03-20,3730.0,3760.0,3640.0,3660.0,3131.35,313033000,-1.3477,3.2172
BBRI.JK,2025-03-21,3600.0,3700.0,3550.0,3700.0,3165.57,627645600,1.0929,4.1667
BBRI.JK,2025-03-24,3650.0,3740.0,3520.0,3610.0,3088.57,342883200,-2.4324,6.0274
BBRI.JK,2025-03-25,3660.0,3840.0,3660.0,3800.0,3251.13,331285900,5.2632,4.918
BBRI.JK,2025-03-26,3870.0,4020.0,3860.0,4000.0,3422.24,540888800,5.2632,4.1344
BBRI.JK,2025-03-27,4000.0,4050.0,3930.0,4050.0,3465.02,322553200,1.25,3.0
BBRI.JK,2025-04-08,3460.0,3750.0,3450.0,3640.0,3114.24,734807100,-10.1235,8.6705
BBRI.JK,2025-04-09,3610.0,3710.0,3600.0,3630.0,3105.68,366649900,-0.2747,3.0471
BBRI.JK,2025-04-10,3920.0,3930.0,3770.0,3800.0,3251.13,417562900,4.6832,4.0816
BBRI.JK,2025-04-11,3600.0,3650.0,3590.0,3630.0,3285.89,301200600,-4.4737,1.6667
BBRI.JK,2025-04-14,3630.0,3690.0,3620.0,3690.0,3340.2,169458300,1.6529,1.9284
BBRI.JK,2025-04-15,3730.0,3780.0,3680.0,3690.0,3340.2,254224400,0.0,2.681
BBRI.JK,2025-04-16,3690.0,3700.0,3600.0,3650.0,3303.99,233772400,-1.084,2.71
BBRI.JK,2025-04-17,3670.0,3670.0,3610.0,3640.0,3294.94,121059300,-0.274,1.6349
BBRI.JK,2025-04-21,3620.0,3660.0,3570.0,3620.0,3276.83,107470200,-0.5495,2.4862
BBRI.JK,2025-04-22,3600.0,3650.0,3600.0,3630.0,3285.89,147116900,0.2762,1.3889
BBRI.JK,2025-04-23,3660.0,3790.0,3640.0,3760.0,3403.56,432999900,3.5813,4.0984
BBRI.JK,2025-04-24,3790.0,3840.0,3720.0,3730.0,3376.41,272537300,-0.7979,3.1662
BBRI.JK,2025-04-25,3770.0,3790.0,3730.0,3740.0,3385.46,136517100,0.2681,1.5915
BBRI.JK,2025-04-28,3790.0,3850.0,3780.0,3840.0,3475.98,212945800,2.6738,1.847
BBRI.JK,2025-04-29,3860.0,3870.0,3820.0,3850.0,3485.03,160631400,0.2604,1.2953
BBRI.JK,2025-04-30,3810.0,3850.0,3770.0,3850.0,3485.03,226832200,0.0,2.0997
BBRI.JK,2025-05-02,3920.0,3920.0,3850.0,3880.0,3512.19,205628100,0.7792,1.7857
BBRI.JK,2025-05-05,3900.0,3920.0,3860.0,3860.0,3494.08,196917100,-0.5155,1.5385
BBRI.JK,2025-05-06,3840.0,3900.0,3840.0,3880.0,3512.19,111333800,0.5181,1.5625
BBRI.JK,2025-05-07,3900.0,3910.0,3870.0,3910.0,3539.34,119763100,0.7732,1.0256
BBRI.JK,2025-05-08,3910.0,3960.0,3780.0,3790.0,3430.72,224121900,-3.0691,4.6036
BBRI.JK,2025-05-09,3810.0,3840.0,3760.0,3840.0,3475.98,147638100,1.3193,2.0997
BBRI.JK,2025-05-14,4000.0,4090.0,3960.0,4090.0,3702.28,461642400,6.5104,3.25
BBRI.JK,2025-05-15,4140.0,4310.0,4130.0,4270.0,3865.22,537151700,4.401,4.3478
BBRI.JK,2025-05-16,4310.0,4330.0,4160.0,4250.0,3847.11,289337600,-0.4684,3.9443
BBRI.JK,2025-05-19,4230.0,4260.0,4200.0,4230.0,3829.01,145935500,-0.4706,1.4184
BBRI.JK,2025-05-20,4230.0,4280.0,4170.0,4210.0,3810.9,209576900,-0.4728,2.6005
BBRI.JK,2025-05-21,4210.0,4310.0,4210.0,4260.0,3856.16,256020200,1.1876,2.3753
BBRI.JK,2025-05-22,4280.0,4310.0,4240.0,4300.0,3892.37,208291800,0.939,1.6355
BBRI.JK,2025-05-23,4350.0,4370.0,4330.0,4350.0,3937.63,108182800,1.1628,0.9195
BBRI.JK,2025-05-26,4350.0,4350.0,4260.0,4320.0,3910.48,149418600,-0.6897,2.069
BBRI.JK,2025-05-27,4320.0,4370.0,4280.0,4370.0,3955.74,180028000,1.1574,2.0833
BBRI.JK,2025-05-28,4360.0,4450.0,4320.0,4450.0,4028.15,466133500,1.8307,2.9817
BBRI.JK,2025-06-02,4360.0,4390.0,4200.0,4200.0,3801.85,389541100,-5.618,4.3578
BBRI.JK,2025-06-03,4210.0,4230.0,4120.0,4200.0,3801.85,277902300,0.0,2.6128
BBRI.JK,2025-06-04,4230.0,4230.0,4080.0,4080.0,3693.23,279755300,-2.8571,3.5461
BBRI.JK,2025-06-05,4110.0,4140.0,4050.0,4100.0,3711.33,230129500,0.4902,2.1898
BBRI.JK,2025-06-10,4100.0,4160.0,4100.0,4150.0,3756.59,179827500,1.2195,1.4634
BBRI.JK,2025-06-11,4130.0,4140.0,4060.0,4070.0,3684.18,196558700,-1.9277,1.937
BBRI.JK,2025-06-12,4070.0,4100.0,4060.0,4070.0,3684.18,113850500,0.0,0.9828
BBRI.JK,2025-06-13,4020.0,4050.0,3980.0,4000.0,3620.81,283826000,-1.7199,1.7413
BBRI.JK,2025-06-16,3980.0,4010.0,3960.0,3990.0,3611.76,155450700,-0.25,1.2563
BBRI.JK,2025-06-17,4010.0,4030.0,3960.0,3960.0,3584.6,125769400,-0.7519,1.7456
BBRI.JK,2025-06-18,3950.0,3960.0,3900.0,3940.0,3566.5,140882100,-0.5051,1.519
BBRI.JK,2025-06-19,3900.0,3920.0,3800.0,3800.0,3439.77,355413000,-3.5533,3.0769
BBRI.JK,2025-06-20,3740.0,3840.0,3740.0,3790.0,3430.72,516177900,-0.2632,2.6738
BBRI.JK,2025-06-23,3730.0,3750.0,3660.0,3720.0,3367.35,222067700,-1.847,2.4129
BBRI.JK,2025-06-24,3820.0,3900.0,3770.0,3780.0,3421.67,281594300,1.6129,3.4031
BBRI.JK,2025-06-25,3830.0,3830.0,3730.0,3760.0,3403.56,164257700,-0.5291,2.611
BBRI.JK,2025-06-26,3780.0,3830.0,3750.0,3830.0,3466.93,171427000,1.8617,2.1164
BBRI.JK,2025-06-30,3840.0,3840.0,3730.0,3740.0,3385.46,271933200,-2.3499,2.8646
BBRI.JK,2025-07-01,3780.0,3790.0,3670.0,3700.0,3349.25,212288800,-1.0695,3.1746
BBRI.JK,2025-07-02,3650.0,3700.0,3640.0,3680.0,3331.15,220273500,-0.5405,1.6438
BBRI.JK,2025-07-03,3710.0,3730.0,3680.0,3680.0,3331.15,119674300,0.0,1.3477
BBRI.JK,2025-07-04,3680.0,3710.0,3650.0,3670.0,3322.09,91141200,-0.2717,1.6304
BBRI.JK,2025-07-07,3670.0,3700.0,3650.0,3700.0,3349.25,78783800,0.8174,1.3624
BBRI.JK,2025-07-08,3690.0,3700.0,3650.0,3670.0,3322.09,115551200,-0.8108,1.355
BBRI.JK,2025-07-09,3650.0,3700.0,3650.0,3680.0,3331.15,92437900,0.2725,1.3699
BBRI.JK,2025-07-10,3690.0,3880.0,3680.0,3870.0,3503.13,290117200,5.163,5.4201
BBRI.JK,2025-07-11,3920.0,3920.0,3870.0,3880.0,3512.19,255634700,0.2584,1.2755
BBRI.JK,2025-07-14,3880.0,3890.0,3750.0,3780.0,3421.67,167151400,-2.5773,3.6082
BBRI.JK,2025-07-15,3800.0,3880.0,3780.0,3880.0,3512.19,183209300,2.6455,2.6316
BBRI.JK,2025-07-16,3950.0,3960.0,3880.0,3880.0,3512.19,241966800,0.0,2.0253
BBRI.JK,2025-07-17,3930.0,3930.0,3880.0,3890.0,3521.24,111359500,0.2577,1.2723
BBRI.JK,2025-07-18,3910.0,3940.0,3860.0,3860.0,3494.08,111030000,-0.7712,2.046
BBRI.JK,2025-07-21,3890.0,3900.0,3830.0,3830.0,3466.93,89765800,-0.7772,1.7995
BBRI.JK,2025-07-22,3860.0,3880.0,3830.0,3840.0,3475.98,84902800,0.2611,1.2953
BBRI.JK,2025-07-23,3840.0,3860.0,3790.0,3800.0,3439.77,132305000,-1.0417,1.8229
BBRI.JK,2025-07-24,3830.0,3950.0,3820.0,3950.0,3575.55,206654200,3.9474,3.3943
BBRI.JK,2025-07-25,3950.0,3950.0,3870.0,3880.0,3512.19,86263700,-1.7722,2.0253
BBRI.JK,2025-07-28,3940.0,3950.0,3920.0,3940.0,3566.5,94898300,1.5464,0.7614
BBRI.JK,2025-07-29,3930.0,3930.0,3900.0,3920.0,3548.4,98887100,-0.5076,0.7634
BBRI.JK,2025-07-30,3910.0,3910.0,3770.0,3780.0,3421.67,206358500,-3.5714,3.5806
BBRI.JK,2025-07-31,3780.0,3790.0,3700.0,3710.0,3358.3,163371700,-1.8519,2.381
BBRI.JK,2025-08-01,3800.0,3800.0,3740.0,3740.0,3385.46,134100500,0.8086,1.5789
BBRI.JK,2025-08-04,3720.0,3740.0,3690.0,3710.0,3358.3,104446300,-0.8021,1.3441
BBRI.JK,2025-08-05,3700.0,3790.0,3700.0,3740.0,3385.46,184822600,0.8086,2.4324
BBRI.JK,2025-08-06,3770.0,3780.0,3710.0,3710.0,3358.3,100168200,-0.8021,1.8568
BBRI.JK,2025-08-07,3730.0,3750.0,3700.0,3710.0,3358.3,92746000,0.0,1.3405
BBRI.JK,2025-08-08,3710.0,3730.0,3700.0,3700.0,3349.25,133180100,-0.2695,0.8086
BBRI.JK,2025-08-11,3720.0,3810.0,3720.0,3810.0,3448.82,143167900,2.973,2.4194
BBRI.JK,2025-08-12,3860.0,4050.0,3830.0,4050.0,3666.07,404797800,6.2992,5.6995
BBRI.JK,2025-08-13,4060.0,4100.0,3990.0,4080.0,3693.23,292104000,0.7407,2.7094
BBRI.JK,2025-08-14,4080.0,4100.0,4040.0,4060.0,3675.12,164408100,-0.4902,1.4706
BBRI.JK,2025-08-15,4100.0,4150.0,4070.0,4120.0,3729.44,269255400,1.4778,1.9512
BBRI.JK,2025-08-19,4090.0,4100.0,4010.0,4040.0,3657.02,208409700,-1.9417,2.2005
BBRI.JK,2025-08-20,4050.0,4150.0,4050.0,4150.0,3756.59,173260400,2.7228,2.4691
BBRI.JK,2025-08-21,4160.0,4170.0,4090.0,4150.0,3756.59,112477700,0.0,1.9231
BBRI.JK,2025-08-22,4170.0,4170.0,4100.0,4100.0,3711.33,71971500,-1.2048,1.6787
BBRI.JK,2025-08-25,4180.0,4270.0,4170.0,4210.0,3810.9,195322200,2.6829,2.3923
BBRI.JK,2025-08-26,4220.0,4220.0,4170.0,4170.0,3774.7,267465600,-0.9501,1.1848
BBRI.JK,2025-08-27,4130.0,4150.0,4070.0,4130.0,3738.49,123874000,-0.9592,1.937
BBRI.JK,2025-08-28,4130.0,4150.0,4110.0,4140.0,3747.54,60838200,0.2421,0.9685
BBRI.JK,2025-08-29,4100.0,4120.0,4020.0,4050.0,3666.07,217276600,-2.1739,2.439
BBRI.JK,2025-09-01,3930.0,4010.0,3860.0,3980.0,3602.71,234206100,-1.7284,3.8168
BBRI.JK,2025-09-02,3980.0,4050.0,3960.0,3960.0,3584.6,111856000,-0.5025,2.2613
BBRI.JK,2025-09-03,4020.0,4030.0,3950.0,4030.0,3647.97,112507500,1.7677,1.99
BBRI.JK,2025-09-04,3980.0,4010.0,3960.0,4000.0,3620.81,87402700,-0.7444,1.2563
BBRI.JK,2025-09-08,4070.0,4070.0,3890.0,3900.0,3530.29,143993900,-2.5,4.4226
BBRI.JK,2025-09-09,3870.0,3890.0,3750.0,3790.0,3430.72,327167200,-2.8205,3.6176
BBRI.JK,2025-09-10,3820.0,3890.0,3820.0,3880.0,3512.19,117680500,2.3747,1.8325
BBRI.JK,2025-09-11,4000.0,4120.0,3980.0,4080.0,3693.23,281910400,5.1546,3.5
BBRI.JK,2025-09-12,4180.0,4190.0,4110.0,4180.0,3783.75,235383800,2.451,1.9139
BBRI.JK,2025-09-15,4200.0,4220.0,4120.0,4140.0,3747.54,157482000,-0.9569,2.381
BBRI.JK,2025-09-16,4160.0,4170.0,4080.0,4130.0,3738.49,167511900,-0.2415,2.1635
BBRI.JK,2025-09-17,4160.0,4220.0,4120.0,4220.0,3819.96,245154800,2.1792,2.4038
BBRI.JK,2025-09-18,4270.0,4270.0,4210.0,4250.0,3847.11,332670300,0.7109,1.4052
BBRI.JK,2025-09-19,4230.0,4250.0,4180.0,4250.0,3847.11,211373200,0.0,1.6548
BBRI.JK,2025-09-22,4250.0,4250.0,4110.0,4160.0,3765.64,157592800,-2.1176,3.2941
BBRI.JK,2025-09-23,4120.0,4170.0,4110.0,4140.0,3747.54,110771700,-0.4808,1.4563
BBRI.JK,2025-09-24,4140.0,4170.0,4100.0,4170.0,3774.7,124591600,0.7246,1.6908
BBRI.JK,2025-09-25,4170.0,4170.0,4050.0,4070.0,3684.18,129656800,-2.3981,2.8777
BBRI.JK,2025-09-26,4050.0,4080.0,4000.0,4040.0,3657.02,146229200,-0.7371,1.9753
BBRI.JK,2025-09-29,4040.0,4040.0,3960.0,3980.0,3602.71,126611800,-1.4851,1.9802
BBRI.JK,2025-09-30,3980.0,3980.0,3900.0,3900.0,3530.29,217357100,-2.0101,2.0101
BBRI.JK,2025-10-01,3860.0,3940.0,3800.0,3810.0,3448.82,223133600,-2.3077,3.6269
BBRI.JK,2025-10-02,3760.0,3790.0,3710.0,3710.0,3358.3,379620000,-2.6247,2.1277
BBRI.JK,2025-10-03,3710.0,3750.0,3680.0,3690.0,3340.2,214737100,-0.5391,1.8868
BBRI.JK,2025-10-06,3700.0,3740.0,3640.0,3660.0,3313.04,190283900,-0.813,2.7027
BBRI.JK,2025-10-07,3690.0,3720.0,3670.0,3710.0,3358.3,155933000,1.3661,1.355
BBRI.JK,2025-10-08,3730.0,3740.0,3670.0,3720.0,3367.35,148263700,0.2695,1.8767
BBRI.JK,2025-10-09,3690.0,3930.0,3640.0,3860.0,3494.08,479239500,3.7634,7.8591
BBRI.JK,2025-10-10,3790.0,3790.0,3690.0,3730.0,3376.41,277252300,-3.3679,2.6385
BBRI.JK,2025-10-13,3680.0,3710.0,3660.0,3660.0,3313.04,181694400,-1.8767,1.3587
BBRI.JK,2025-10-14,3640.0,3690.0,3550.0,3550.0,3213.47,278639100,-3.0055,3.8462
BBRI.JK,2025-10-15,3570.0,3590.0,3450.0,3500.0,3168.21,468733500,-1.4085,3.9216
BBRI.JK,2025-10-16,3500.0,3580.0,3480.0,3530.0,3195.37,227629500,0.8571,2.8571
BBRI.JK,2025-10-17,3530.0,3570.0,3490.0,3500.0,3168.21,244442400,-0.8499,2.2663
BBRI.JK,2025-10-20,3550.0,3730.0,3540.0,3680.0,3331.15,391510300,5.1429,5.3521
BBRI.JK,2025-10-21,3780.0,3790.0,3710.0,3760.0,3403.56,293000200,2.1739,2.1164
BBRI.JK,2025-10-22,3790.0,3820.0,3680.0,3700.0,3349.25,329470700,-1.5957,3.6939
BBRI.JK,2025-10-23,3720.0,3820.0,3700.0,3820.0,3457.87,225902700,3.2432,3.2258
BBRI.JK,2025-10-24,3820.0,3910.0,3820.0,3850.0,3485.03,313903600,0.7853,2.356
BBRI.JK,2025-10-27,3880.0,3930.0,3750.0,3860.0,3494.08,332539600,0.2597,4.6392
BBRI.JK,2025-10-28,3850.0,3860.0,3780.0,3850.0,3485.03,239026800,-0.2591,2.0779
BBRI.JK,2025-10-29,3830.0,3890.0,3790.0,3890.0,3521.24,215008600,1.039,2.611
BBRI.JK,2025-10-30,3900.0,3990.0,3870.0,3910.0,3539.34,287905300,0.5141,3.0769
BBRI.JK,2025-10-31,3930.0,4020.0,3920.0,3980.0,3602.71,348755700,1.7903,2.5445
BBRI.JK,2025-11-03,4050.0,4050.0,4010.0,4040.0,3657.02,163770500,1.5075,0.9877
BBRI.JK,2025-11-04,4030.0,4050.0,3970.0,3970.0,3593.66,241154700,-1.7327,1.9851
BBRI.JK,2025-11-05,3940.0,3990.0,3910.0,3980.0,3602.71,139859100,0.2519,2.0305
BBRI.JK,2025-11-06,3980.0,4010.0,3950.0,4000.0,3620.81,130808100,0.5025,1.5075
BBRI.JK,2025-11-07,4000.0,4010.0,3980.0,3980.0,3602.71,87287600,-0.5,0.75
BBRI.JK,2025-11-10,4010.0,4020.0,3930.0,3930.0,3557.45,148552900,-1.2563,2.2444
BBRI.JK,2025-11-11,3940.0,3960.0,3860.0,3890.0,3521.24,179000200,-1.0178,2.5381
BBRI.JK,2025-11-12,3890.0,3950.0,3890.0,3900.0,3530.29,111115400,0.2571,1.5424
BBRI.JK,2025-11-13,3900.0,3910.0,3870.0,3870.0,3503.13,99373200,-0.7692,1.0256
BBRI.JK,2025-11-14,3860.0,3930.0,3860.0,3900.0,3530.29,100717300,0.7752,1.8135
BBRI.JK,2025-11-17,3880.0,3950.0,3880.0,3940.0,3566.5,140868100,1.0256,1.8041
BBRI.JK,2025-11-18,3950.0,3990.0,3930.0,3970.0,3593.66,205257700,0.7614,1.519
BBRI.JK,2025-11-19,3990.0,4000.0,3970.0,4000.0,3620.81,107451000,0.7557,0.7519
BBRI.JK,2025-11-20,4020.0,4050.0,3990.0,3990.0,3611.76,183008400,-0.25,1.4925
BBRI.JK,2025-11-21,3980.0,4000.0,3940.0,3960.0,3584.6,112666100,-0.7519,1.5075
BBRI.JK,2025-11-24,4000.0,4000.0,3940.0,3980.0,3602.71,262302000,0.5051,1.5
BBRI.JK,2025-11-25,3980.0,3980.0,3830.0,3830.0,3466.93,396959100,-3.7688,3.7688
BBRI.JK,2025-11-26,3800.0,3830.0,3780.0,3790.0,3430.72,288419400,-1.0444,1.3158
BBRI.JK,2025-11-27,3800.0,3810.0,3720.0,3740.0,3385.46,283451800,-1.3193,2.3684
BBRI.JK,2025-11-28,3710.0,3750.0,3680.0,3680.0,3331.15,353872800,-1.6043,1.8868
BBRI.JK,2025-12-01,3680.0,3730.0,3660.0,3670.0,3322.09,299669500,-0.2717,1.9022
BBRI.JK,2025-12-02,3690.0,3730.0,3670.0,3710.0,3358.3,277714300,1.0899,1.626
BBRI.JK,2025-12-03,3690.0,3700.0,3660.0,3660.0,3313.04,225357100,-1.3477,1.084
BBRI.JK,2025-12-04,3660.0,3690.0,3650.0,3690.0,3340.2,221121100,0.8197,1.0929
BBRI.JK,2025-12-05,3700.0,3700.0,3650.0,3650.0,3303.99,156161100,-1.084,1.3514
BBRI.JK,2025-12-08,3680.0,3690.0,3660.0,3670.0,3322.09,124094700,0.5479,0.8152
BBRI.JK,2025-12-09,3700.0,3700.0,3650.0,3680.0,3331.15,201089800,0.2725,1.3514
BBRI.JK,2025-12-10,3680.0,3680.0,3650.0,3660.0,3313.04,172677700,-0.5435,0.8152
BBRI.JK,2025-12-11,3680.0,3700.0,3580.0,3620.0,3276.83,327591200,-1.0929,3.2609
BBRI.JK,2025-12-12,3640.0,3640.0,3580.0,3630.0,3285.89,169747600,0.2762,1.6484
BBRI.JK,2025-12-15,3650.0,3810.0,3630.0,3780.0,3421.67,312694100,4.1322,4.9315
BBRI.JK,2025-12-16,3800.0,3810.0,3680.0,3690.0,3340.2,237949900,-2.381,3.4211
BBRI.JK,2025-12-17,3690.0,3780.0,3680.0,3750.0,3394.51,273544100,1.626,2.71
BBRI.JK,2025-12-18,3750.0,3820.0,3750.0,3780.0,3421.67,262527300,0.8,1.8667
BBRI.JK,2025-12-19,3800.0,3810.0,3760.0,3770.0,3412.61,228583500,-0.2646,1.3158
BBRI.JK,2025-12-22,3770.0,3780.0,3750.0,3760.0,3403.56,161680300,-0.2653,0.7958
BBRI.JK,2025-12-23,3760.0,3780.0,3730.0,3770.0,3412.61,138427000,0.266,1.3298
BBRI.JK,2025-12-24,3770.0,3790.0,3750.0,3770.0,3412.61,121073600,0.0,1.061
BBRI.JK,2025-12-29,3780.0,3790.0,3760.0,3780.0,3421.67,238061500,0.2653,0.7937
BBRI.JK,2025-12-30,3690.0,3690.0,3650.0,3660.0,3437.63,274402200,-3.1746,1.084
BBRI.JK,2026-01-02,3660.0,3670.0,3620.0,3640.0,3418.85,191985100,-0.5464,1.3661
BBRI.JK,2026-01-05,3630.0,3660.0,3590.0,3630.0,3409.46,230544800,-0.2747,1.9284
BBRI.JK,2026-01-06,3630.0,3690.0,3630.0,3680.0,3456.42,175820800,1.3774,1.6529
BBRI.JK,2026-01-07,3680.0,3710.0,3660.0,3700.0,3475.2,195024700,0.5435,1.3587
BBRI.JK,2026-01-08,3710.0,3760.0,3700.0,3710.0,3484.6,182019700,0.2703,1.6173
BBRI.JK,2026-01-09,3730.0,3740.0,3670.0,3680.0,3456.42,143474700,-0.8086,1.8767
BBRI.JK,2026-01-12,3680.0,3740.0,3660.0,3700.0,3475.2,215159700,0.5435,2.1739
BBRI.JK,2026-01-13,3700.0,3730.0,3670.0,3720.0,3493.99,227620800,0.5405,1.6216
BBRI.JK,2026-01-14,3740.0,3750.0,3700.0,3720.0,3493.99,170097000,0.0,1.3369
BBRI.JK,2026-01-15,3730.0,3850.0,3730.0,3820.0,3587.91,407151300,2.6882,3.2172
BBRI.JK,2026-01-19,3850.0,3900.0,3810.0,3840.0,3606.7,359652500,0.5236,2.3377
BBRI.JK,2026-01-20,3840.0,3880.0,3820.0,3850.0,3616.09,170245800,0.2604,1.5625
BBRI.JK,2026-01-21,3850.0,3850.0,3800.0,3820.0,3587.91,273678200,-0.7792,1.2987
BBRI.JK,2026-01-22,3850.0,3850.0,3790.0,3810.0,3578.52,153742700,-0.2618,1.5584
BBRI.JK,2026-01-23,3810.0,3850.0,3760.0,3850.0,3616.09,164603900,1.0499,2.3622
BBRI.JK,2026-01-26,3840.0,3850.0,3800.0,3850.0,3616.09,120002700,0.0,1.3021
BBRI.JK,2026-01-27,3850.0,3850.0,3780.0,3820.0,3587.91,157633200,-0.7792,1.8182
BBRI.JK,2026-01-28,3630.0,3780.0,3540.0,3590.0,3371.89,726740400,-6.0209,6.6116
BBRI.JK,2026-01-29,3550.0,3780.0,3290.0,3780.0,3550.34,781321200,5.2925,13.8028
BBRI.JK,2026-01-30,3780.0,3890.0,3740.0,3810.0,3578.52,532329000,0.7937,3.9683
BBRI.JK,2026-02-02,3860.0,3880.0,3750.0,3830.0,3597.31,334659200,0.5249,3.3679
BBRI.JK,2026-02-03,3860.0,3870.0,3760.0,3800.0,3569.13,201224300,-0.7833,2.8497
BBRI.JK,2026-02-04,3820.0,3880.0,3800.0,3870.0,3634.88,251005600,1.8421,2.0942
BBRI.JK,2026-02-05,3850.0,3940.0,3840.0,3850.0,3616.09,342757200,-0.5168,2.5974
BBRI.JK,2026-02-06,3800.0,3850.0,3770.0,3780.0,3550.34,279127200,-1.8182,2.1053
BBRI.JK,2026-02-09,3790.0,3800.0,3710.0,3770.0,3540.95,215606400,-0.2646,2.3747
BBRI.JK,2026-02-10,3750.0,3790.0,3730.0,3780.0,3550.34,181835800,0.2653,1.6
BBRI.JK,2026-02-11,3790.0,3800.0,3740.0,3800.0,3569.13,147378100,0.5291,1.5831
BBRI.JK,2026-02-12,3780.0,3790.0,3760.0,3790.0,3559.74,185678800,-0.2632,0.7937
BBRI.JK,2026-02-13,3780.0,3800.0,3750.0,3780.0,3550.34,144473700,-0.2639,1.3228
BBRI.JK,2026-02-18,3780.0,3840.0,3760.0,3830.0,3597.31,135223700,1.3228,2.1164
BBRI.JK,2026-02-19,3850.0,3850.0,3770.0,3770.0,3540.95,154562300,-1.5666,2.0779
BBRI.JK,2026-02-20,3790.0,3870.0,3780.0,3840.0,3606.7,191533500,1.8568,2.3747
BBRI.JK,2026-02-23,3880.0,3910.0,3860.0,3900.0,3663.05,189611200,1.5625,1.2887
BBRI.JK,2026-02-24,3880.0,3890.0,3860.0,3870.0,3634.88,191295900,-0.7692,0.7732
BBRI.JK,2026-02-25,3880.0,3980.0,3880.0,3970.0,3728.8,263027700,2.584,2.5773
BBRI.JK,2026-02-26,3970.0,3970.0,3920.0,3950.0,3710.01,146158100,-0.5038,1.2594
BBRI.JK,2026-02-27,3950.0,3950.0,3880.0,3910.0,3672.44,263179300,-1.0127,1.7722
BBRI.JK,2026-03-02,3840.0,3840.0,3800.0,3820.0,3587.91,204655700,-2.3018,1.0417
BBRI.JK,2026-03-03,3820.0,3840.0,3770.0,3770.0,3540.95,113600400,-1.3089,1.8325
BBRI.JK,2026-03-04,3770.0,3770.0,3660.0,3690.0,3465.81,215656600,-2.122,2.9178
BBRI.JK,2026-03-05,3720.0,3780.0,3720.0,3750.0,3522.17,96625300,1.626,1.6129
BBRI.JK,2026-03-06,3750.0,3750.0,3670.0,3670.0,3447.03,136987800,-2.1333,2.1333
BBRI.JK,2026-03-09,3590.0,3630.0,3560.0,3570.0,3353.1,215587500,-2.7248,1.9499
BBRI.JK,2026-03-10,3600.0,3610.0,3560.0,3560.0,3343.71,175353400,-0.2801,1.3889
BBRI.JK,2026-03-11,3580.0,3600.0,3560.0,3580.0,3362.49,100862200,0.5618,1.1173
BBRI.JK,2026-03-12,3580.0,3610.0,3570.0,3570.0,3353.1,141366700,-0.2793,1.1173
BBRI.JK,2026-03-13,3560.0,3590.0,3510.0,3510.0,3296.75,159393900,-1.6807,2.2472
BBRI.JK,2026-03-16,3500.0,3510.0,3430.0,3480.0,3268.57,160328700,-0.8547,2.2857
BBRI.JK,2026-03-17,3500.0,3530.0,3480.0,3480.0,3268.57,204208500,0.0,1.4286
BBRI.JK,2026-03-25,3440.0,3540.0,3410.0,3540.0,3324.92,379422800,1.7241,3.7791
BBRI.JK,2026-03-26,3540.0,3570.0,3480.0,3490.0,3277.96,162060500,-1.4124,2.5424
BBRI.JK,2026-03-27,3460.0,3490.0,3420.0,3420.0,3212.22,207067900,-2.0057,2.0231
BBRI.JK,2026-03-30,3350.0,3390.0,3330.0,3360.0,3155.86,317467700,-1.7544,1.791
BBRI.JK,2026-03-31,3350.0,3400.0,3330.0,3330.0,3127.68,298589200,-0.8929,2.0896
BBRI.JK,2026-04-01,3400.0,3440.0,3330.0,3350.0,3146.47,279604500,0.6006,3.2353
BBRI.JK,2026-04-02,3340.0,3390.0,3320.0,3320.0,3118.29,242569200,-0.8955,2.0958
BBRI.JK,2026-04-06,3340.0,3360.0,3290.0,3310.0,3108.9,184143400,-0.3012,2.0958
BBRI.JK,2026-04-07,3310.0,3320.0,3220.0,3230.0,3033.76,273842700,-2.4169,3.0211
BBRI.JK,2026-04-08,3340.0,3370.0,3330.0,3340.0,3137.08,416112900,3.4056,1.1976
BBRI.JK,2026-04-09,3310.0,3330.0,3260.0,3280.0,3080.72,319141400,-1.7964,2.1148
BBRI.JK,2026-04-10,3290.0,3400.0,3290.0,3390.0,3184.04,353451500,3.3537,3.3435
BBRI.JK,2026-04-13,3390.0,3410.0,3350.0,3370.0,3165.25,176083800,-0.59,1.7699
BBRI.JK,2026-04-14,3420.0,3490.0,3420.0,3460.0,3249.78,280543100,2.6706,2.0468
BBRI.JK,2026-04-15,3500.0,3510.0,3400.0,3400.0,3193.43,332898200,-1.7341,3.1429
BBRI.JK,2026-04-16,3400.0,3430.0,3380.0,3410.0,3202.82,228465700,0.2941,1.4706
BBRI.JK,2026-04-17,3410.0,3450.0,3410.0,3430.0,3221.61,209108800,0.5865,1.173
BBRI.JK,2026-04-20,3440.0,3470.0,3420.0,3440.0,3231.0,354461400,0.2915,1.4535
BBRI.JK,2026-04-21,3250.0,3300.0,3230.0,3270.0,3270.0,398239800,-4.9419,2.1538
BBRI.JK,2026-04-22,3260.0,3280.0,3240.0,3240.0,3240.0,223077500,-0.9174,1.227
BBRI.JK,2026-04-23,3240.0,3270.0,3150.0,3160.0,3160.0,352657300,-2.4691,3.7037
BBRI.JK,2026-04-24,3120.0,3150.0,3060.0,3070.0,3070.0,428089200,-2.8481,2.8846
BBRI.JK,2026-04-27,3060.0,3100.0,3050.0,3050.0,3050.0,216480300,-0.6515,1.634
BBRI.JK,2026-04-28,3050.0,3080.0,3020.0,3070.0,3070.0,232596600,0.6557,1.9672
BBRI.JK,2026-04-29,3070.0,3110.0,3050.0,3070.0,3070.0,180641600,0.0,1.9544
BBRI.JK,2026-04-30,3050.0,3060.0,2980.0,2990.0,2990.0,382750500,-2.6059,2.623
BBRI.JK,2026-05-04,3010.0,3040.0,3000.0,3040.0,3040.0,190480000,1.6722,1.3289
BBRI.JK,2026-05-05,3050.0,3170.0,3040.0,3150.0,3150.0,253157600,3.6184,4.2623
BBRI.JK,2026-05-06,3150.0,3190.0,3130.0,3160.0,3160.0,185002500,0.3175,1.9048
BBRI.JK,2026-05-07,3200.0,3330.0,3190.0,3310.0,3310.0,312804400,4.7468,4.375
BBRI.JK,2026-05-08,3310.0,3360.0,3260.0,3260.0,3260.0,335638700,-1.5106,3.0211
BBRI.JK,2026-05-11,3260.0,3280.0,3200.0,3200.0,3200.0,196431000,-1.8405,2.454
BBRI.JK,2026-05-12,3200.0,3240.0,3170.0,3220.0,3220.0,151508100,0.625,2.1875
BBRI.JK,2026-05-13,3200.0,3210.0,3120.0,3120.0,3120.0,155231500,-3.1056,2.8125
BBRI.JK,2026-05-14,3120.0,3120.0,3120.0,3120.0,3120.0,0,0.0,0.0
BBRI.JK,2026-05-15,3120.0,3120.0,3120.0,3120.0,3120.0,0,0.0,0.0
BBRI.JK,2026-05-18,3040.0,3100.0,3010.0,3060.0,3060.0,348373200,-1.9231,2.9605
BBRI.JK,2026-05-19,3060.0,3140.0,3040.0,3040.0,3040.0,224758600,-0.6536,3.268
BBRI.JK,2026-05-20,3060.0,3110.0,3030.0,3040.0,3040.0,273501800,0.0,2.6144
BBRI.JK,2026-05-21,3050.0,3090.0,3020.0,3020.0,3020.0,173346000,-0.6579,2.2951
BBRI.JK,2026-05-22,3020.0,3070.0,3000.0,3050.0,3050.0,158122200,0.9934,2.3179
BBRI.JK,2026-05-25,3090.0,3220.0,3080.0,3170.0,3170.0,242782900,3.9344,4.5307
BBRI.JK,2026-05-26,3150.0,3150.0,3070.0,3070.0,3070.0,185037400,-3.1546,2.5397
BBRI.JK,2026-05-27,3070.0,3070.0,3070.0,3070.0,3070.0,0,0.0,0.0
BBRI.JK,2026-05-28,3070.0,3070.0,3070.0,3070.0,3070.0,0,0.0,0.0
BBRI.JK,2026-05-29,3060.0,3080.0,2950.0,2950.0,2950.0,1073661600,-3.9088,4.2484
BBRI.JK,2026-06-02,3000.0,3040.0,2980.0,3040.0,3040.0,320974000,3.0508,2.0
BBRI.JK,2026-06-03,3050.0,3070.0,2900.0,2900.0,2900.0,411746000,-4.6053,5.5738
BBRI.JK,2026-06-04,2900.0,2930.0,2780.0,2810.0,2810.0,493450500,-3.1034,5.1724
BBRI.JK,2026-06-05,2780.0,2830.0,2730.0,2740.0,2740.0,310053600,-2.4911,3.5971
BBRI.JK,2026-06-08,2700.0,2750.0,2590.0,2590.0,2590.0,626878600,-5.4745,5.9259
BBRI.JK,2026-06-09,2540.0,2800.0,2540.0,2790.0,2790.0,873192700,7.722,10.2362
BBRI.JK,2026-06-10,2790.0,2910.0,2730.0,2880.0,2880.0,704423000,3.2258,6.4516
BBRI.JK,2026-06-11,2880.0,2960.0,2780.0,2850.0,2850.0,465509700,-1.0417,6.25
BBRI.JK,2026-06-12,2880.0,2900.0,2830.0,2850.0,2850.0,450530000,0.0,2.4306
BBRI.JK,2026-06-15,2890.0,3050.0,2890.0,2990.0,2990.0,622216400,4.9123,5.5363
BBRI.JK,2026-06-17,3020.0,3130.0,3010.0,3080.0,3080.0,512048000,3.01,3.9735
BBRI.JK,2026-06-18,3040.0,3060.0,2960.0,2960.0,2960.0,356398400,-3.8961,3.2895
BBRI.JK,2026-06-19,2960.0,3000.0,2910.0,2930.0,2930.0,514857200,-1.0135,3.0405
BBRI.JK,2026-06-22,2930.0,2940.0,2870.0,2870.0,2870.0,250025400,-2.0478,2.3891
BBRI.JK,2026-06-23,2870.0,2940.0,2860.0,2910.0,2910.0,271555000,1.3937,2.7875
BBRI.JK,2026-06-24,2930.0,2980.0,2800.0,2810.0,2810.0,330171300,-3.4364,6.1433
BBRI.JK,2026-06-25,2800.0,2920.0,2790.0,2850.0,2850.0,343497900,1.4235,4.6429
BBRI.JK,2026-06-26,2850.0,2880.0,2810.0,2870.0,2870.0,200394100,0.7018,2.4561
BBRI.JK,2026-06-29,2880.0,2890.0,2830.0,2840.0,2840.0,173099600,-1.0453,2.0833
BBRI.JK,2026-06-30,2810.0,2840.0,2730.0,2730.0,2730.0,346190100,-3.8732,3.9146
BBRI.JK,2026-07-01,2700.0,2750.0,2670.0,2670.0,2670.0,302582100,-2.1978,2.963
BBRI.JK,2026-07-02,2680.0,2730.0,2630.0,2690.0,2690.0,366662800,0.7491,3.7313
BBRI.JK,2026-07-03,2710.0,2740.0,2700.0,2710.0,2710.0,219292600,0.7435,1.476
BMRI.JK,2024-07-03,6275.0,6300.0,6100.0,6225.0,5092.61,70017100,,3.1873
BMRI.JK,2024-07-04,6250.0,6400.0,6225.0,6250.0,5113.06,90147800,0.4016,2.8
BMRI.JK,2024-07-05,6325.0,6500.0,6300.0,6425.0,5256.23,111646800,2.8,3.1621
BMRI.JK,2024-07-08,6400.0,6425.0,6200.0,6225.0,5092.61,138144000,-3.1128,3.5156
BMRI.JK,2024-07-09,6225.0,6400.0,6200.0,6375.0,5215.33,84177600,2.4096,3.2129
BMRI.JK,2024-07-10,6375.0,6450.0,6300.0,6375.0,5215.33,59685300,0.0,2.3529
BMRI.JK,2024-07-11,6400.0,6425.0,6350.0,6400.0,5235.78,66789800,0.3922,1.1719
BMRI.JK,2024-07-12,6450.0,6550.0,6400.0,6425.0,5256.23,136132200,0.3906,2.3256
BMRI.JK,2024-07-15,6450.0,6450.0,6300.0,6350.0,5194.87,66071800,-1.1673,2.3256
BMRI.JK,2024-07-16,6400.0,6400.0,6300.0,6350.0,5194.87,64687900,0.0,1.5625
BMRI.JK,2024-07-17,6450.0,6525.0,6375.0,6450.0,5276.68,109729800,1.5748,2.3256
BMRI.JK,2024-07-18,6550.0,6600.0,6500.0,6550.0,5358.49,132532000,1.5504,1.5267
BMRI.JK,2024-07-19,6500.0,6525.0,6450.0,6525.0,5338.04,63165500,-0.3817,1.1538
BMRI.JK,2024-07-22,6575.0,6700.0,6525.0,6700.0,5481.2,110467000,2.682,2.6616
BMRI.JK,2024-07-23,6750.0,6750.0,6550.0,6625.0,5419.85,77861700,-1.1194,2.963
BMRI.JK,2024-07-24,6500.0,6575.0,6475.0,6475.0,5297.13,63940900,-2.2642,1.5385
BMRI.JK,2024-07-25,6450.0,6575.0,6400.0,6575.0,5378.94,66655400,1.5444,2.7132
BMRI.JK,2024-07-26,6575.0,6625.0,6500.0,6550.0,5358.49,76519500,-0.3802,1.9011
BMRI.JK,2024-07-29,6550.0,6550.0,6450.0,6475.0,5297.13,54435300,-1.145,1.5267
BMRI.JK,2024-07-30,6475.0,6550.0,6375.0,6475.0,5297.13,86701400,0.0,2.7027
BMRI.JK,2024-07-31,6400.0,6475.0,6375.0,6400.0,5235.78,99004100,-1.1583,1.5625
BMRI.JK,2024-08-01,6550.0,6750.0,6500.0,6750.0,5522.11,163086200,5.4688,3.8168
BMRI.JK,2024-08-02,6700.0,6875.0,6675.0,6800.0,5563.01,167892400,0.7407,2.9851
BMRI.JK,2024-08-05,6700.0,6725.0,6500.0,6575.0,5378.94,184384000,-3.3088,3.3582
BMRI.JK,2024-08-06,6650.0,6700.0,6525.0,6625.0,5419.85,95785000,0.7605,2.6316
BMRI.JK,2024-08-07,6725.0,6775.0,6650.0,6775.0,5542.56,84582200,2.2642,1.8587
BMRI.JK,2024-08-08,6800.0,6850.0,6725.0,6800.0,5563.01,81408500,0.369,1.8382
BMRI.JK,2024-08-09,6825.0,6900.0,6800.0,6850.0,5603.92,79710700,0.7353,1.4652
BMRI.JK,2024-08-12,6875.0,6900.0,6775.0,6900.0,5644.82,50756000,0.7299,1.8182
BMRI.JK,2024-08-13,6850.0,7000.0,6850.0,7000.0,5726.63,68666000,1.4493,2.1898
BMRI.JK,2024-08-14,7075.0,7100.0,7025.0,7075.0,5787.99,97695100,1.0714,1.0601
BMRI.JK,2024-08-15,7075.0,7075.0,6925.0,7025.0,5747.08,75955500,-0.7067,2.1201
BMRI.JK,2024-08-16,7075.0,7125.0,7025.0,7075.0,5787.99,64266400,0.7117,1.4134
BMRI.JK,2024-08-19,7075.0,7150.0,7025.0,7150.0,5849.34,50246100,1.0601,1.7668
BMRI.JK,2024-08-20,7200.0,7350.0,7150.0,7200.0,5890.25,102615900,0.6993,2.7778
BMRI.JK,2024-08-21,7300.0,7300.0,7225.0,7250.0,5931.15,88487800,0.6944,1.0274
BMRI.JK,2024-08-22,7150.0,7175.0,6925.0,7050.0,5767.54,157323000,-2.7586,3.4965
BMRI.JK,2024-08-23,7000.0,7075.0,6975.0,7050.0,5767.54,111752100,0.0,1.4286
BMRI.JK,2024-08-26,7050.0,7100.0,7000.0,7050.0,5767.54,78515400,0.0,1.4184
BMRI.JK,2024-08-27,7025.0,7050.0,6925.0,7025.0,5747.08,91686700,-0.3546,1.7794
BMRI.JK,2024-08-28,7025.0,7225.0,7000.0,7225.0,5910.7,114606200,2.847,3.2028
BMRI.JK,2024-08-29,7300.0,7300.0,7100.0,7100.0,5808.44,94475900,-1.7301,2.7397
BMRI.JK,2024-08-30,7100.0,7175.0,7075.0,7125.0,5828.89,153760500,0.3521,1.4085
BMRI.JK,2024-09-02,7200.0,7275.0,7125.0,7200.0,5890.25,82176000,1.0526,2.0833
BMRI.JK,2024-09-03,7200.0,7250.0,7050.0,7075.0,5787.99,75100800,-1.7361,2.7778
BMRI.JK,2024-09-04,7000.0,7175.0,7000.0,7175.0,5869.8,78789800,1.4134,2.5
BMRI.JK,2024-09-05,7125.0,7225.0,7125.0,7175.0,5869.8,59432000,0.0,1.4035
BMRI.JK,2024-09-06,7175.0,7275.0,7150.0,7250.0,5931.15,63619300,1.0453,1.7422
BMRI.JK,2024-09-09,7250.0,7250.0,7200.0,7250.0,5931.15,71430300,0.0,0.6897
BMRI.JK,2024-09-10,7250.0,7275.0,7225.0,7250.0,5931.15,73515700,0.0,0.6897
BMRI.JK,2024-09-11,7300.0,7400.0,7275.0,7375.0,6033.42,91822300,1.7241,1.7123
BMRI.JK,2024-09-12,7375.0,7425.0,7300.0,7300.0,5972.06,68254300,-1.0169,1.6949
BMRI.JK,2024-09-13,7300.0,7300.0,7225.0,7275.0,5951.61,45854000,-0.3425,1.0274
BMRI.JK,2024-09-17,7325.0,7450.0,7300.0,7425.0,6074.32,96428000,2.0619,2.0478
BMRI.JK,2024-09-18,7375.0,7450.0,7350.0,7400.0,6053.87,47279200,-0.3367,1.3559
BMRI.JK,2024-09-19,7450.0,7550.0,7400.0,7400.0,6053.87,124377800,0.0,2.0134
BMRI.JK,2024-09-20,7400.0,7425.0,7300.0,7300.0,5972.06,97901700,-1.3514,1.6892
BMRI.JK,2024-09-23,7325.0,7450.0,7300.0,7450.0,6094.77,79675600,2.0548,2.0478
BMRI.JK,2024-09-24,7400.0,7475.0,7375.0,7425.0,6074.32,81817100,-0.3356,1.3514
BMRI.JK,2024-09-25,7350.0,7350.0,7050.0,7200.0,5890.25,192197100,-3.0303,4.0816
BMRI.JK,2024-09-26,7175.0,7200.0,7100.0,7175.0,5869.8,173044000,-0.3472,1.3937
BMRI.JK,2024-09-27,7025.0,7125.0,7000.0,7050.0,5767.54,161405200,-1.7422,1.7794
BMRI.JK,2024-09-30,7000.0,7025.0,6875.0,6925.0,5665.27,166203500,-1.773,2.1429
BMRI.JK,2024-10-01,7000.0,7075.0,6950.0,7050.0,5767.54,82690100,1.8051,1.7857
BMRI.JK,2024-10-02,7025.0,7100.0,6925.0,6975.0,5706.18,91076400,-1.0638,2.4911
BMRI.JK,2024-10-03,7000.0,7075.0,6900.0,7050.0,5767.54,86264900,1.0753,2.5
BMRI.JK,2024-10-04,7025.0,7050.0,6900.0,6950.0,5685.73,79485300,-1.4184,2.1352
BMRI.JK,2024-10-07,6925.0,6925.0,6800.0,6875.0,5624.37,103943100,-1.0791,1.8051
BMRI.JK,2024-10-08,6825.0,7175.0,6775.0,7075.0,5787.99,132141500,2.9091,5.8608
BMRI.JK,2024-10-09,7075.0,7175.0,6950.0,6950.0,5685.73,76515700,-1.7668,3.1802
BMRI.JK,2024-10-10,6925.0,7050.0,6900.0,6950.0,5685.73,44291900,0.0,2.1661
BMRI.JK,2024-10-11,7025.0,7025.0,6925.0,6950.0,5685.73,45331500,0.0,1.4235
BMRI.JK,2024-10-14,6925.0,6975.0,6900.0,6925.0,5665.27,55885300,-0.3597,1.083
BMRI.JK,2024-10-15,7000.0,7100.0,6925.0,7050.0,5767.54,90358600,1.8051,2.5
BMRI.JK,2024-10-16,7050.0,7075.0,6925.0,7000.0,5726.63,133022500,-0.7092,2.1277
BMRI.JK,2024-10-17,7050.0,7250.0,7000.0,7225.0,5910.7,90219900,3.2143,3.5461
BMRI.JK,2024-10-18,7275.0,7300.0,7175.0,7175.0,5869.8,57379200,-0.692,1.7182
BMRI.JK,2024-10-21,7250.0,7250.0,7125.0,7200.0,5890.25,43056000,0.3484,1.7241
BMRI.JK,2024-10-22,7150.0,7175.0,7075.0,7075.0,5787.99,43582700,-1.7361,1.3986
BMRI.JK,2024-10-23,7075.0,7125.0,7025.0,7075.0,5787.99,38222900,0.0,1.4134
BMRI.JK,2024-10-24,7000.0,7150.0,6975.0,6975.0,5706.18,65877100,-1.4134,2.5
BMRI.JK,2024-10-25,6975.0,7050.0,6975.0,7050.0,5767.54,34637500,1.0753,1.0753
BMRI.JK,2024-10-28,7075.0,7075.0,6800.0,6825.0,5583.46,114500800,-3.1915,3.8869
BMRI.JK,2024-10-29,6800.0,6850.0,6725.0,6825.0,5583.46,91268300,0.0,1.8382
BMRI.JK,2024-10-30,6575.0,6775.0,6575.0,6750.0,5522.11,122132700,-1.0989,3.0418
BMRI.JK,2024-10-31,6750.0,6825.0,6700.0,6700.0,5481.2,126730700,-0.7407,1.8519
BMRI.JK,2024-11-01,6725.0,6725.0,6550.0,6650.0,5440.3,101423100,-0.7463,2.6022
BMRI.JK,2024-11-04,6600.0,6800.0,6525.0,6750.0,5522.11,80208800,1.5038,4.1667
BMRI.JK,2024-11-05,6725.0,6950.0,6675.0,6925.0,5665.27,88661200,2.5926,4.0892
BMRI.JK,2024-11-06,6925.0,6925.0,6550.0,6550.0,5358.49,147272800,-5.4152,5.4152
BMRI.JK,2024-11-07,6500.0,6550.0,6425.0,6425.0,5256.23,154758500,-1.9084,1.9231
BMRI.JK,2024-11-08,6425.0,6525.0,6275.0,6325.0,5174.42,192423000,-1.5564,3.8911
BMRI.JK,2024-11-11,6300.0,6450.0,6150.0,6350.0,5194.87,125606000,0.3953,4.7619
BMRI.JK,2024-11-12,6375.0,6450.0,6325.0,6375.0,5215.33,117281700,0.3937,1.9608
BMRI.JK,2024-11-13,6500.0,6550.0,6400.0,6425.0,5256.23,102748300,0.7843,2.3077
BMRI.JK,2024-11-14,6375.0,6475.0,6350.0,6375.0,5215.33,69750600,-0.7782,1.9608
BMRI.JK,2024-11-15,6300.0,6400.0,6300.0,6350.0,5194.87,41079700,-0.3922,1.5873
BMRI.JK,2024-11-18,6350.0,6425.0,6225.0,6325.0,5174.42,77471700,-0.3937,3.1496
BMRI.JK,2024-11-19,6375.0,6375.0,6225.0,6250.0,5113.06,95495700,-1.1858,2.3529
BMRI.JK,2024-11-20,6325.0,6350.0,6200.0,6225.0,5092.61,68707200,-0.4,2.3715
BMRI.JK,2024-11-21,6225.0,6225.0,6125.0,6150.0,5031.25,76579300,-1.2048,1.6064
BMRI.JK,2024-11-22,6125.0,6300.0,6100.0,6250.0,5113.06,80236400,1.626,3.2653
BMRI.JK,2024-11-25,6325.0,6600.0,6325.0,6575.0,5378.94,183449100,5.2,4.3478
BMRI.JK,2024-11-26,6600.0,6600.0,6325.0,6400.0,5235.78,107194300,-2.6616,4.1667
BMRI.JK,2024-11-28,6350.0,6525.0,6350.0,6450.0,5276.68,81883200,0.7812,2.7559
BMRI.JK,2024-11-29,6325.0,6375.0,6125.0,6150.0,5031.25,157628700,-4.6512,3.9526
BMRI.JK,2024-12-02,6175.0,6250.0,5975.0,6000.0,4908.54,114555300,-2.439,4.4534
BMRI.JK,2024-12-03,6100.0,6275.0,6100.0,6275.0,5133.52,99509800,4.5833,2.8689
BMRI.JK,2024-12-04,6275.0,6450.0,6225.0,6375.0,5215.33,75260000,1.5936,3.5857
BMRI.JK,2024-12-05,6350.0,6375.0,6150.0,6150.0,5031.25,69528700,-3.5294,3.5433
BMRI.JK,2024-12-06,6200.0,6275.0,6125.0,6225.0,5092.61,75989700,1.2195,2.4194
BMRI.JK,2024-12-09,6175.0,6375.0,6175.0,6375.0,5215.33,74220300,2.4096,3.2389
BMRI.JK,2024-12-10,6275.0,6325.0,6225.0,6300.0,5153.97,92245000,-1.1765,1.5936
BMRI.JK,2024-12-11,6300.0,6400.0,6300.0,6300.0,5153.97,62509600,0.0,1.5873
BMRI.JK,2024-12-12,6200.0,6225.0,6100.0,6125.0,5010.8,96707500,-2.7778,2.0161
BMRI.JK,2024-12-13,6025.0,6100.0,5975.0,6025.0,4928.99,135581400,-1.6327,2.0747
BMRI.JK,2024-12-16,5900.0,6100.0,5900.0,6075.0,4969.9,105375900,0.8299,3.3898
BMRI.JK,2024-12-17,6050.0,6075.0,5925.0,5950.0,4867.64,72109300,-2.0576,2.4793
BMRI.JK,2024-12-18,5925.0,6000.0,5775.0,5825.0,4765.38,153164600,-2.1008,3.7975
BMRI.JK,2024-12-19,5625.0,5725.0,5600.0,5675.0,4642.66,277793000,-2.5751,2.2222
BMRI.JK,2024-12-20,5675.0,5750.0,5625.0,5675.0,4642.66,148568600,0.0,2.2026
BMRI.JK,2024-12-23,5800.0,5875.0,5725.0,5825.0,4765.38,82910100,2.6432,2.5862
BMRI.JK,2024-12-24,5825.0,5875.0,5750.0,5750.0,4704.02,41240900,-1.2876,2.1459
BMRI.JK,2024-12-27,5750.0,5850.0,5750.0,5800.0,4744.92,46126800,0.8696,1.7391
BMRI.JK,2024-12-30,5675.0,5750.0,5650.0,5700.0,4663.11,96782100,-1.7241,1.7621
BMRI.JK,2025-01-02,5700.0,5850.0,5700.0,5850.0,4785.83,82914600,2.6316,2.6316
BMRI.JK,2025-01-03,5850.0,5875.0,5775.0,5800.0,4744.92,58067100,-0.8547,1.7094
BMRI.JK,2025-01-06,5825.0,5825.0,5650.0,5675.0,4642.66,68443700,-2.1552,3.0043
BMRI.JK,2025-01-07,5600.0,5650.0,5550.0,5600.0,4581.31,96982300,-1.3216,1.7857
BMRI.JK,2025-01-08,5600.0,5750.0,5600.0,5750.0,4704.02,118246100,2.6786,2.6786
BMRI.JK,2025-01-09,5725.0,5775.0,5700.0,5750.0,4704.02,56491700,0.0,1.31
BMRI.JK,2025-01-10,5750.0,5775.0,5600.0,5600.0,4581.31,77751500,-2.6087,3.0435
BMRI.JK,2025-01-13,5500.0,5550.0,5475.0,5525.0,4519.95,99953900,-1.3393,1.3636
BMRI.JK,2025-01-14,5425.0,5575.0,5400.0,5400.0,4417.69,97351900,-2.2624,3.2258
BMRI.JK,2025-01-15,5475.0,5825.0,5450.0,5750.0,4704.02,194025700,6.4815,6.8493
BMRI.JK,2025-01-16,6075.0,6200.0,5850.0,5875.0,4806.28,204359900,2.1739,5.7613
BMRI.JK,2025-01-17,5800.0,6050.0,5750.0,5875.0,4806.28,114054600,0.0,5.1724
BMRI.JK,2025-01-20,6000.0,6050.0,5925.0,6000.0,4908.54,84338400,2.1277,2.0833
BMRI.JK,2025-01-21,6100.0,6175.0,6025.0,6050.0,4949.45,115355900,0.8333,2.459
BMRI.JK,2025-01-22,6150.0,6200.0,6100.0,6150.0,5031.25,117929800,1.6529,1.626
BMRI.JK,2025-01-23,6200.0,6300.0,6175.0,6175.0,5051.71,120893700,0.4065,2.0161
BMRI.JK,2025-01-24,6250.0,6250.0,6125.0,6125.0,5010.8,96161800,-0.8097,2.0
BMRI.JK,2025-01-30,6100.0,6225.0,6075.0,6100.0,4990.35,101400400,-0.4082,2.459
BMRI.JK,2025-01-31,6175.0,6225.0,6025.0,6025.0,4928.99,107861000,-1.2295,3.2389
BMRI.JK,2025-02-03,5975.0,6000.0,5700.0,5800.0,4744.92,182181700,-3.7344,5.0209
BMRI.JK,2025-02-04,5825.0,5850.0,5625.0,5675.0,4642.66,121871500,-2.1552,3.8627
BMRI.JK,2025-02-05,5600.0,5600.0,5475.0,5525.0,4519.95,185656000,-2.6432,2.2321
BMRI.JK,2025-02-06,5425.0,5425.0,5000.0,5100.0,4172.26,642118700,-7.6923,7.8341
BMRI.JK,2025-02-07,5000.0,5150.0,4950.0,5150.0,4213.16,407896100,0.9804,4.0
BMRI.JK,2025-02-10,5150.0,5150.0,4990.0,5000.0,4090.45,169384300,-2.9126,3.1068
BMRI.JK,2025-02-11,4750.0,4950.0,4750.0,4880.0,3992.28,316743200,-2.4,4.2105
BMRI.JK,2025-02-12,4920.0,4950.0,4830.0,4940.0,4041.37,225073300,1.2295,2.439
BMRI.JK,2025-02-13,4940.0,5075.0,4900.0,5025.0,4110.9,215271400,1.7206,3.5425
BMRI.JK,2025-02-14,5100.0,5200.0,4970.0,5125.0,4192.71,239709300,1.99,4.5098
BMRI.JK,2025-02-17,5200.0,5475.0,5175.0,5425.0,4438.14,223837300,5.8537,5.7692
BMRI.JK,2025-02-18,5450.0,5550.0,5375.0,5450.0,4458.59,157430200,0.4608,3.211
BMRI.JK,2025-02-19,5375.0,5400.0,5125.0,5175.0,4233.62,204335500,-5.0459,5.1163
BMRI.JK,2025-02-20,5125.0,5225.0,5100.0,5150.0,4213.16,98363500,-0.4831,2.439
BMRI.JK,2025-02-21,5000.0,5100.0,5000.0,5075.0,4151.81,152528600,-1.4563,2.0
BMRI.JK,2025-02-24,5050.0,5075.0,4980.0,5025.0,4110.9,127578500,-0.9852,1.8812
BMRI.JK,2025-02-25,5000.0,5025.0,4860.0,4870.0,3984.1,224607800,-3.0846,3.3
BMRI.JK,2025-02-26,4860.0,4980.0,4850.0,4920.0,4025.0,161836900,1.0267,2.6749
BMRI.JK,2025-02-27,4930.0,4950.0,4660.0,4660.0,3812.3,334919800,-5.2846,5.8824
BMRI.JK,2025-02-28,4620.0,4690.0,4550.0,4600.0,3763.22,464696700,-1.2876,3.0303
BMRI.JK,2025-03-03,4750.0,4980.0,4700.0,4900.0,4008.64,257118300,6.5217,5.8947
BMRI.JK,2025-03-04,4900.0,4920.0,4750.0,4840.0,3959.56,144346500,-1.2245,3.4694
BMRI.JK,2025-03-05,4860.0,5050.0,4860.0,4860.0,3975.92,252222800,0.4132,3.9095
BMRI.JK,2025-03-06,4910.0,4980.0,4870.0,4870.0,3984.1,194909200,0.2058,2.2403
BMRI.JK,2025-03-07,4870.0,4870.0,4810.0,4840.0,3959.56,117916600,-0.616,1.232
BMRI.JK,2025-03-10,4730.0,4760.0,4660.0,4710.0,3853.2,231152200,-2.686,2.1142
BMRI.JK,2025-03-11,4650.0,4780.0,4640.0,4740.0,3877.75,150738100,0.6369,3.0108
BMRI.JK,2025-03-12,4750.0,4880.0,4750.0,4880.0,3992.28,129973900,2.9536,2.7368
BMRI.JK,2025-03-13,4940.0,4940.0,4710.0,4740.0,3877.75,176286000,-2.8689,4.6559
BMRI.JK,2025-03-14,4640.0,4800.0,4640.0,4740.0,3877.75,154331400,0.0,3.4483
BMRI.JK,2025-03-17,4740.0,4770.0,4660.0,4680.0,3828.66,135692800,-1.2658,2.3207
BMRI.JK,2025-03-18,4680.0,4690.0,4300.0,4530.0,3705.95,387565100,-3.2051,8.3333
BMRI.JK,2025-03-19,4530.0,4700.0,4440.0,4680.0,3828.66,273084900,3.3113,5.7395
BMRI.JK,2025-03-20,4760.0,4770.0,4610.0,4620.0,3779.58,138209700,-1.2821,3.3613
BMRI.JK,2025-03-21,4600.0,4610.0,4380.0,4410.0,3607.78,374396400,-4.5455,5.0
BMRI.JK,2025-03-24,4350.0,4530.0,4250.0,4460.0,3648.68,319017400,1.1338,6.4368
BMRI.JK,2025-03-25,4500.0,4810.0,4500.0,4740.0,3877.75,313034100,6.278,6.8889
BMRI.JK,2025-03-26,4980.0,5175.0,4930.0,5150.0,4213.16,582172700,8.6498,4.9197
BMRI.JK,2025-03-27,5150.0,5250.0,5050.0,5200.0,4254.07,301025300,0.9709,3.8835
BMRI.JK,2025-04-08,4500.0,4830.0,4500.0,4670.0,3820.48,738455000,-10.1923,7.3333
BMRI.JK,2025-04-09,4630.0,4790.0,4630.0,4710.0,3853.2,316821100,0.8565,3.4557
BMRI.JK,2025-04-10,5200.0,5225.0,4970.0,5025.0,4110.9,559966600,6.6879,4.9038
BMRI.JK,2025-04-11,5000.0,5175.0,4950.0,5100.0,4172.26,384917500,1.4925,4.5
BMRI.JK,2025-04-14,4650.0,4750.0,4650.0,4750.0,4276.87,423716000,-6.8627,2.1505
BMRI.JK,2025-04-15,4800.0,4820.0,4710.0,4710.0,4240.86,230981700,-0.8421,2.2917
BMRI.JK,2025-04-16,4740.0,4750.0,4590.0,4630.0,4168.82,201660000,-1.6985,3.3755
BMRI.JK,2025-04-17,4630.0,4660.0,4570.0,4600.0,4141.81,165381400,-0.6479,1.9438
BMRI.JK,2025-04-21,4600.0,4640.0,4560.0,4610.0,4150.82,83034600,0.2174,1.7391
BMRI.JK,2025-04-22,4610.0,4720.0,4590.0,4720.0,4249.86,126426200,2.3861,2.82
BMRI.JK,2025-04-23,4780.0,4900.0,4740.0,4900.0,4411.93,273395600,3.8136,3.3473
BMRI.JK,2025-04-24,4950.0,5025.0,4860.0,4890.0,4402.93,282970000,-0.2041,3.3333
BMRI.JK,2025-04-25,4960.0,4960.0,4900.0,4900.0,4411.93,134208400,0.2045,1.2097
BMRI.JK,2025-04-28,4950.0,4980.0,4890.0,4920.0,4429.94,90697900,0.4082,1.8182
BMRI.JK,2025-04-29,4930.0,4950.0,4880.0,4940.0,4447.95,108857600,0.4065,1.4199
BMRI.JK,2025-04-30,4900.0,4920.0,4810.0,4890.0,4402.93,278360600,-1.0121,2.2449
BMRI.JK,2025-05-02,4980.0,4980.0,4910.0,4960.0,4465.95,146800800,1.4315,1.4056
BMRI.JK,2025-05-05,4990.0,5100.0,4960.0,4980.0,4483.96,154073100,0.4032,2.8056
BMRI.JK,2025-05-06,5025.0,5050.0,4980.0,4980.0,4483.96,120165500,0.0,1.393
BMRI.JK,2025-05-07,5050.0,5050.0,4950.0,4950.0,4456.95,100674600,-0.6024,1.9802
BMRI.JK,2025-05-08,4960.0,5025.0,4790.0,4790.0,4312.89,205199700,-3.2323,4.7379
BMRI.JK,2025-05-09,4790.0,4830.0,4750.0,4770.0,4294.88,164014200,-0.4175,1.6701
BMRI.JK,2025-05-14,4890.0,5050.0,4880.0,5050.0,4546.99,342468200,5.87,3.4765
BMRI.JK,2025-05-15,5075.0,5400.0,5050.0,5325.0,4794.6,300147300,5.4455,6.8966
BMRI.JK,2025-05-16,5425.0,5475.0,5200.0,5475.0,4929.66,229382100,2.8169,5.0691
BMRI.JK,2025-05-19,5450.0,5575.0,5400.0,5525.0,4974.68,191440600,0.9132,3.211
BMRI.JK,2025-05-20,5500.0,5550.0,5350.0,5400.0,4862.13,145525700,-2.2624,3.6364
BMRI.JK,2025-05-21,5400.0,5550.0,5375.0,5450.0,4907.15,167239400,0.9259,3.2407
BMRI.JK,2025-05-22,5450.0,5500.0,5400.0,5450.0,4907.15,137585600,0.0,1.8349
BMRI.JK,2025-05-23,5450.0,5475.0,5375.0,5425.0,4884.64,67336400,-0.4587,1.8349
BMRI.JK,2025-05-26,5425.0,5475.0,5300.0,5475.0,4929.66,102960800,0.9217,3.2258
BMRI.JK,2025-05-27,5500.0,5500.0,5400.0,5400.0,4862.13,86083800,-1.3699,1.8182
BMRI.JK,2025-05-28,5400.0,5425.0,5300.0,5300.0,4772.09,190669100,-1.8519,2.3148
BMRI.JK,2025-06-02,5200.0,5250.0,5025.0,5075.0,4569.5,373474500,-4.2453,4.3269
BMRI.JK,2025-06-03,5100.0,5125.0,4950.0,5050.0,4546.99,169321800,-0.4926,3.4314
BMRI.JK,2025-06-04,5125.0,5125.0,4980.0,5025.0,4524.48,139577800,-0.495,2.8293
BMRI.JK,2025-06-05,5050.0,5075.0,5000.0,5075.0,4569.5,69179700,0.995,1.4851
BMRI.JK,2025-06-10,5075.0,5250.0,5075.0,5250.0,4727.07,158265000,3.4483,3.4483
BMRI.JK,2025-06-11,5300.0,5300.0,5150.0,5200.0,4682.05,90666100,-0.9524,2.8302
BMRI.JK,2025-06-12,5225.0,5225.0,5125.0,5175.0,4659.54,72423700,-0.4808,1.9139
BMRI.JK,2025-06-13,5175.0,5250.0,5100.0,5150.0,4637.03,128071000,-0.4831,2.8986
BMRI.JK,2025-06-16,5150.0,5200.0,5100.0,5150.0,4637.03,61695600,0.0,1.9417
BMRI.JK,2025-06-17,5175.0,5225.0,5100.0,5100.0,4592.01,70657700,-0.9709,2.4155
BMRI.JK,2025-06-18,5075.0,5100.0,5025.0,5075.0,4569.5,53353000,-0.4902,1.4778
BMRI.JK,2025-06-19,5050.0,5050.0,4910.0,4970.0,4474.96,114769600,-2.069,2.7723
BMRI.JK,2025-06-20,4940.0,4990.0,4830.0,4930.0,4438.94,301154300,-0.8048,3.2389
BMRI.JK,2025-06-23,4870.0,4930.0,4800.0,4920.0,4429.94,119439200,-0.2028,2.6694
BMRI.JK,2025-06-24,5050.0,5125.0,5025.0,5025.0,4524.48,126563900,2.1341,1.9802
BMRI.JK,2025-06-25,5025.0,5050.0,4880.0,4880.0,4393.92,139963400,-2.8856,3.3831
BMRI.JK,2025-06-26,4950.0,5025.0,4910.0,5025.0,4524.48,94704500,2.9713,2.3232
BMRI.JK,2025-06-30,5050.0,5050.0,4880.0,4880.0,4393.92,220479900,-2.8856,3.3663
BMRI.JK,2025-07-01,4900.0,4910.0,4710.0,4750.0,4276.87,319875800,-2.6639,4.0816
BMRI.JK,2025-07-02,4730.0,4770.0,4710.0,4770.0,4294.88,159152200,0.4211,1.2685
BMRI.JK,2025-07-03,4780.0,4850.0,4720.0,4740.0,4267.87,103849000,-0.6289,2.7197
BMRI.JK,2025-07-04,4750.0,4790.0,4700.0,4740.0,4267.87,104170500,0.0,1.8947
BMRI.JK,2025-07-07,4740.0,4750.0,4680.0,4740.0,4267.87,120538300,0.0,1.4768
BMRI.JK,2025-07-08,4710.0,4750.0,4700.0,4720.0,4249.86,132853800,-0.4219,1.0616
BMRI.JK,2025-07-09,4720.0,4760.0,4670.0,4710.0,4240.86,110198500,-0.2119,1.9068
BMRI.JK,2025-07-10,4750.0,4830.0,4730.0,4820.0,4339.9,160889700,2.3355,2.1053
BMRI.JK,2025-07-11,4850.0,4990.0,4830.0,4970.0,4474.96,219980300,3.112,3.299
BMRI.JK,2025-07-14,4980.0,4990.0,4670.0,4690.0,4222.85,429438700,-5.6338,6.4257
BMRI.JK,2025-07-15,4700.0,4740.0,4690.0,4700.0,4231.85,206958200,0.2132,1.0638
BMRI.JK,2025-07-16,4730.0,4760.0,4680.0,4690.0,4222.85,323831100,-0.2128,1.6913
BMRI.JK,2025-07-17,4700.0,4720.0,4680.0,4720.0,4249.86,120304000,0.6397,0.8511
BMRI.JK,2025-07-18,4760.0,4810.0,4720.0,4740.0,4267.87,161262400,0.4237,1.8908
BMRI.JK,2025-07-21,4770.0,4770.0,4680.0,4680.0,4213.84,103387400,-1.2658,1.8868
BMRI.JK,2025-07-22,4680.0,4710.0,4650.0,4660.0,4195.84,132984400,-0.4274,1.2821
BMRI.JK,2025-07-23,4660.0,4690.0,4660.0,4680.0,4213.84,115298400,0.4292,0.6438
BMRI.JK,2025-07-24,4690.0,4840.0,4680.0,4800.0,4321.89,273623100,2.5641,3.4115
BMRI.JK,2025-07-25,4800.0,4800.0,4690.0,4690.0,4222.85,88471700,-2.2917,2.2917
BMRI.JK,2025-07-28,4730.0,4750.0,4690.0,4700.0,4231.85,112048900,0.2132,1.2685
BMRI.JK,2025-07-29,4700.0,4720.0,4690.0,4710.0,4240.86,74422700,0.2128,0.6383
BMRI.JK,2025-07-30,4710.0,4720.0,4620.0,4620.0,4159.82,141263400,-1.9108,2.1231
BMRI.JK,2025-07-31,4610.0,4640.0,4510.0,4510.0,4060.78,155903600,-2.381,2.82
BMRI.JK,2025-08-01,4570.0,4610.0,4510.0,4530.0,4078.78,157949900,0.4435,2.1882
BMRI.JK,2025-08-04,4530.0,4630.0,4510.0,4620.0,4159.82,174404800,1.9868,2.649
BMRI.JK,2025-08-05,4690.0,4780.0,4660.0,4750.0,4276.87,277668300,2.8139,2.5586
BMRI.JK,2025-08-06,4750.0,4750.0,4690.0,4700.0,4231.85,79277900,-1.0526,1.2632
BMRI.JK,2025-08-07,4740.0,4740.0,4680.0,4680.0,4213.84,61453100,-0.4255,1.2658
BMRI.JK,2025-08-08,4680.0,4700.0,4660.0,4670.0,4204.84,71516700,-0.2137,0.8547
BMRI.JK,2025-08-11,4710.0,4780.0,4700.0,4720.0,4249.86,105204200,1.0707,1.6985
BMRI.JK,2025-08-12,4770.0,4920.0,4750.0,4910.0,4420.93,301599000,4.0254,3.5639
BMRI.JK,2025-08-13,4930.0,4970.0,4860.0,4870.0,4384.92,180844900,-0.8147,2.2312
BMRI.JK,2025-08-14,4910.0,4930.0,4840.0,4850.0,4366.91,109457100,-0.4107,1.833
BMRI.JK,2025-08-15,4890.0,4930.0,4850.0,4850.0,4366.91,126685400,0.0,1.636
BMRI.JK,2025-08-19,4860.0,4870.0,4780.0,4800.0,4321.89,116454000,-1.0309,1.8519
BMRI.JK,2025-08-20,4790.0,4950.0,4780.0,4950.0,4456.95,144622900,3.125,3.5491
BMRI.JK,2025-08-21,4950.0,4950.0,4860.0,4900.0,4411.93,132019200,-1.0101,1.8182
BMRI.JK,2025-08-22,4920.0,4920.0,4870.0,4890.0,4402.93,73104500,-0.2041,1.0163
BMRI.JK,2025-08-25,4950.0,4980.0,4920.0,4950.0,4456.95,149580800,1.227,1.2121
BMRI.JK,2025-08-26,4950.0,4950.0,4860.0,4900.0,4411.93,308891700,-1.0101,1.8182
BMRI.JK,2025-08-27,4840.0,4880.0,4800.0,4800.0,4321.89,113576300,-2.0408,1.6529
BMRI.JK,2025-08-28,4790.0,4850.0,4770.0,4770.0,4294.88,111707400,-0.625,1.6701
BMRI.JK,2025-08-29,4720.0,4750.0,4660.0,4730.0,4258.86,176485100,-0.8386,1.9068
BMRI.JK,2025-09-01,4550.0,4670.0,4460.0,4600.0,4141.81,320335300,-2.7484,4.6154
BMRI.JK,2025-09-02,4610.0,4670.0,4560.0,4570.0,4114.8,150045600,-0.6522,2.3861
BMRI.JK,2025-09-03,4620.0,4660.0,4570.0,4620.0,4159.82,131617900,1.0941,1.9481
BMRI.JK,2025-09-04,4630.0,4680.0,4620.0,4680.0,4213.84,88735300,1.2987,1.2959
BMRI.JK,2025-09-08,4750.0,4750.0,4460.0,4490.0,4042.77,200234500,-4.0598,6.1053
BMRI.JK,2025-09-09,4450.0,4480.0,4310.0,4310.0,3880.7,509366600,-4.0089,3.8202
BMRI.JK,2025-09-10,4360.0,4420.0,4350.0,4400.0,3961.73,293494200,2.0882,1.6055
BMRI.JK,2025-09-11,4480.0,4540.0,4450.0,4480.0,4033.77,366697800,1.8182,2.0089
BMRI.JK,2025-09-12,4500.0,4550.0,4480.0,4520.0,4069.78,216960200,0.8929,1.5556
BMRI.JK,2025-09-15,4550.0,4640.0,4520.0,4530.0,4078.78,231346000,0.2212,2.6374
BMRI.JK,2025-09-16,4570.0,4570.0,4460.0,4480.0,4033.77,122027400,-1.1038,2.407
BMRI.JK,2025-09-17,4480.0,4520.0,4440.0,4510.0,4060.78,232702500,0.6696,1.7857
BMRI.JK,2025-09-18,4540.0,4550.0,4420.0,4420.0,3979.74,177560100,-1.9956,2.8634
BMRI.JK,2025-09-19,4350.0,4420.0,4330.0,4380.0,3943.73,235975900,-0.905,2.069
BMRI.JK,2025-09-22,4410.0,4420.0,4360.0,4420.0,3979.74,107176100,0.9132,1.3605
BMRI.JK,2025-09-23,4390.0,4430.0,4370.0,4410.0,3970.74,90675500,-0.2262,1.3667
BMRI.JK,2025-09-24,4410.0,4430.0,4390.0,4390.0,3952.73,85439100,-0.4535,0.907
BMRI.JK,2025-09-25,4400.0,4410.0,4360.0,4360.0,3925.72,73946900,-0.6834,1.1364
BMRI.JK,2025-09-26,4350.0,4430.0,4350.0,4420.0,3979.74,86572900,1.3761,1.8391
BMRI.JK,2025-09-29,4420.0,4430.0,4400.0,4400.0,3961.73,63753600,-0.4525,0.6787
BMRI.JK,2025-09-30,4420.0,4450.0,4380.0,4400.0,3961.73,108639600,0.0,1.5837
BMRI.JK,2025-10-01,4360.0,4400.0,4350.0,4380.0,3943.73,92265100,-0.4545,1.1468
BMRI.JK,2025-10-02,4410.0,4440.0,4360.0,4360.0,3925.72,93387400,-0.4566,1.8141
BMRI.JK,2025-10-03,4370.0,4380.0,4300.0,4310.0,3880.7,102459100,-1.1468,1.8307
BMRI.JK,2025-10-06,4320.0,4330.0,4260.0,4260.0,3835.68,96040500,-1.1601,1.6204
BMRI.JK,2025-10-07,4260.0,4320.0,4250.0,4290.0,3862.69,100237500,0.7042,1.6432
BMRI.JK,2025-10-08,4280.0,4290.0,4210.0,4250.0,3826.67,97466800,-0.9324,1.8692
BMRI.JK,2025-10-09,4240.0,4450.0,4200.0,4390.0,3952.73,183242600,3.2941,5.8962
BMRI.JK,2025-10-10,4410.0,4420.0,4250.0,4250.0,3826.67,139911200,-3.1891,3.8549
BMRI.JK,2025-10-13,4210.0,4240.0,4200.0,4230.0,3808.67,79178600,-0.4706,0.9501
BMRI.JK,2025-10-14,4220.0,4270.0,4090.0,4090.0,3682.61,188507000,-3.3097,4.2654
BMRI.JK,2025-10-15,4110.0,4140.0,4010.0,4050.0,3646.6,270562400,-0.978,3.163
BMRI.JK,2025-10-16,4050.0,4150.0,4050.0,4090.0,3682.61,125979600,0.9877,2.4691
BMRI.JK,2025-10-17,4110.0,4110.0,4030.0,4050.0,3646.6,247510000,-0.978,1.9465
BMRI.JK,2025-10-20,4120.0,4320.0,4070.0,4300.0,3871.69,331939200,6.1728,6.068
BMRI.JK,2025-10-21,4350.0,4390.0,4300.0,4350.0,3916.71,230858900,1.1628,2.069
BMRI.JK,2025-10-22,4350.0,4460.0,4290.0,4330.0,3898.71,216261300,-0.4598,3.908
BMRI.JK,2025-10-23,4310.0,4440.0,4310.0,4430.0,3988.75,202102500,2.3095,3.0162
BMRI.JK,2025-10-24,4380.0,4590.0,4380.0,4550.0,4096.79,350420300,2.7088,4.7945
BMRI.JK,2025-10-27,4590.0,4600.0,4410.0,4470.0,4024.76,245576100,-1.7582,4.1394
BMRI.JK,2025-10-28,4490.0,4510.0,4440.0,4510.0,4060.78,174666600,0.8949,1.559
BMRI.JK,2025-10-29,4500.0,4650.0,4490.0,4650.0,4186.83,176978800,3.1042,3.5556
BMRI.JK,2025-10-30,4670.0,4830.0,4650.0,4800.0,4321.89,390256000,3.2258,3.8544
BMRI.JK,2025-10-31,4790.0,4800.0,4720.0,4720.0,4249.86,227378000,-1.6667,1.6701
BMRI.JK,2025-11-03,4710.0,4760.0,4700.0,4760.0,4285.88,129834200,0.8475,1.2739
BMRI.JK,2025-11-04,4760.0,4790.0,4720.0,4730.0,4258.86,136412400,-0.6303,1.4706
BMRI.JK,2025-11-05,4690.0,4770.0,4680.0,4770.0,4294.88,102878900,0.8457,1.919
BMRI.JK,2025-11-06,4790.0,4790.0,4750.0,4750.0,4276.87,57932600,-0.4193,0.8351
BMRI.JK,2025-11-07,4750.0,4780.0,4740.0,4750.0,4276.87,58845500,0.0,0.8421
BMRI.JK,2025-11-10,4790.0,4790.0,4730.0,4730.0,4258.86,88738200,-0.4211,1.2526
BMRI.JK,2025-11-11,4740.0,4750.0,4610.0,4680.0,4213.84,168794500,-1.0571,2.9536
BMRI.JK,2025-11-12,4680.0,4790.0,4680.0,4760.0,4285.88,138539800,1.7094,2.3504
BMRI.JK,2025-11-13,4760.0,4760.0,4690.0,4700.0,4231.85,108100300,-1.2605,1.4706
BMRI.JK,2025-11-14,4690.0,4750.0,4680.0,4750.0,4276.87,73479600,1.0638,1.4925
BMRI.JK,2025-11-17,4780.0,4850.0,4770.0,4820.0,4339.9,136477100,1.4737,1.6736
BMRI.JK,2025-11-18,4810.0,4850.0,4780.0,4790.0,4312.89,127022100,-0.6224,1.4553
BMRI.JK,2025-11-19,4820.0,4850.0,4800.0,4850.0,4366.91,107585700,1.2526,1.0373
BMRI.JK,2025-11-20,4940.0,4990.0,4900.0,4940.0,4447.95,234717700,1.8557,1.8219
BMRI.JK,2025-11-21,4940.0,4970.0,4900.0,4950.0,4456.95,142452600,0.2024,1.417
BMRI.JK,2025-11-24,4910.0,5100.0,4870.0,5100.0,4592.01,303252000,3.0303,4.6843
BMRI.JK,2025-11-25,5075.0,5100.0,4950.0,5025.0,4524.48,169379300,-1.4706,2.9557
BMRI.JK,2025-11-26,5025.0,5025.0,4960.0,5025.0,4524.48,128492000,0.0,1.2935
BMRI.JK,2025-11-27,5025.0,5025.0,4850.0,4860.0,4375.92,170213000,-3.2836,3.4826
BMRI.JK,2025-11-28,4800.0,4880.0,4800.0,4830.0,4348.9,128777200,-0.6173,1.6667
BMRI.JK,2025-12-01,4850.0,4910.0,4820.0,4860.0,4375.92,58603700,0.6211,1.8557
BMRI.JK,2025-12-02,4920.0,4940.0,4820.0,4850.0,4366.91,104013500,-0.2058,2.439
BMRI.JK,2025-12-03,4850.0,4920.0,4820.0,4880.0,4393.92,102556300,0.6186,2.0619
BMRI.JK,2025-12-04,4930.0,4940.0,4880.0,4920.0,4429.94,59392600,0.8197,1.217
BMRI.JK,2025-12-05,4940.0,4940.0,4870.0,4900.0,4411.93,53969200,-0.4065,1.417
BMRI.JK,2025-12-08,4950.0,4960.0,4910.0,4950.0,4456.95,62947600,1.0204,1.0101
BMRI.JK,2025-12-09,4970.0,4980.0,4870.0,4890.0,4402.93,134575200,-1.2121,2.2133
BMRI.JK,2025-12-10,4950.0,4970.0,4870.0,4970.0,4474.96,96005900,1.636,2.0202
BMRI.JK,2025-12-11,5000.0,5050.0,4830.0,4950.0,4456.95,151956700,-0.4024,4.4
BMRI.JK,2025-12-12,4980.0,4980.0,4820.0,4820.0,4339.9,111830600,-2.6263,3.2129
BMRI.JK,2025-12-15,4820.0,5025.0,4790.0,4990.0,4492.97,122451500,3.527,4.8755
BMRI.JK,2025-12-16,5025.0,5050.0,4920.0,5000.0,4501.97,137373200,0.2004,2.5871
BMRI.JK,2025-12-17,4990.0,5025.0,4960.0,5025.0,4524.48,94254100,0.5,1.3026
BMRI.JK,2025-12-18,5025.0,5175.0,5025.0,5150.0,4637.03,150669000,2.4876,2.9851
BMRI.JK,2025-12-19,5175.0,5200.0,5100.0,5175.0,4659.54,161960800,0.4854,1.9324
BMRI.JK,2025-12-22,5175.0,5200.0,5025.0,5100.0,4592.01,93615600,-1.4493,3.3816
BMRI.JK,2025-12-23,5050.0,5100.0,5000.0,5050.0,4546.99,44307700,-0.9804,1.9802
BMRI.JK,2025-12-24,5025.0,5100.0,5025.0,5050.0,4546.99,40272500,0.0,1.4925
BMRI.JK,2025-12-29,5075.0,5150.0,5050.0,5075.0,4569.5,55697500,0.495,1.9704
BMRI.JK,2025-12-30,5075.0,5150.0,5050.0,5100.0,4592.01,74077800,0.4926,1.9704
BMRI.JK,2026-01-02,5125.0,5150.0,5025.0,5075.0,4569.5,59263700,-0.4902,2.439
BMRI.JK,2026-01-05,5075.0,5100.0,5025.0,5050.0,4546.99,108458200,-0.4926,1.4778
BMRI.JK,2026-01-06,4990.0,4990.0,4880.0,4880.0,4482.69,180600600,-3.3663,2.2044
BMRI.JK,2026-01-07,4890.0,4900.0,4800.0,4810.0,4418.39,284261700,-1.4344,2.045
BMRI.JK,2026-01-08,4820.0,4880.0,4810.0,4810.0,4418.39,108534300,0.0,1.4523
BMRI.JK,2026-01-09,4820.0,4840.0,4760.0,4760.0,4372.46,104703800,-1.0395,1.6598
BMRI.JK,2026-01-12,4780.0,4850.0,4720.0,4770.0,4381.64,118384500,0.2101,2.7197
BMRI.JK,2026-01-13,4800.0,4840.0,4780.0,4820.0,4427.57,93419500,1.0482,1.25
BMRI.JK,2026-01-14,4840.0,4850.0,4770.0,4840.0,4445.95,114314800,0.4149,1.6529
BMRI.JK,2026-01-15,4840.0,5075.0,4830.0,4990.0,4583.73,245024400,3.0992,5.062
BMRI.JK,2026-01-19,5025.0,5100.0,4980.0,5000.0,4592.92,197645100,0.2004,2.3881
BMRI.JK,2026-01-20,5000.0,5075.0,4990.0,5025.0,4615.88,93803800,0.5,1.7
BMRI.JK,2026-01-21,5025.0,5025.0,4930.0,4990.0,4583.73,117548600,-0.6965,1.8905
BMRI.JK,2026-01-22,4990.0,5025.0,4930.0,4980.0,4574.55,145002200,-0.2004,1.9038
BMRI.JK,2026-01-23,4980.0,5000.0,4870.0,4990.0,4583.73,116237200,0.2008,2.6104
BMRI.JK,2026-01-26,4910.0,4970.0,4870.0,4910.0,4510.25,225443300,-1.6032,2.0367
BMRI.JK,2026-01-27,4860.0,4910.0,4800.0,4810.0,4418.39,160620600,-2.0367,2.2634
BMRI.JK,2026-01-28,4570.0,4810.0,4410.0,4560.0,4188.74,643802800,-5.1975,8.7527
BMRI.JK,2026-01-29,4420.0,4640.0,4070.0,4630.0,4253.04,907054600,1.5351,12.8959
BMRI.JK,2026-01-30,4700.0,4880.0,4630.0,4820.0,4427.57,343393600,4.1037,5.3191
BMRI.JK,2026-02-02,4900.0,4920.0,4710.0,4800.0,4409.2,290622800,-0.4149,4.2857
BMRI.JK,2026-02-03,4830.0,4850.0,4710.0,4830.0,4436.76,169775800,0.625,2.8986
BMRI.JK,2026-02-04,4860.0,5025.0,4830.0,5000.0,4592.92,232816800,3.5197,4.0123
BMRI.JK,2026-02-05,5050.0,5100.0,5000.0,5050.0,4638.85,209505400,1.0,1.9802
BMRI.JK,2026-02-06,4950.0,5050.0,4890.0,5050.0,4638.85,278775900,0.0,3.2323
BMRI.JK,2026-02-09,5050.0,5075.0,4950.0,5000.0,4592.92,177079900,-0.9901,2.4752
BMRI.JK,2026-02-10,5000.0,5100.0,4990.0,5100.0,4684.78,177110700,2.0,2.2
BMRI.JK,2026-02-11,5075.0,5100.0,4990.0,5025.0,4615.88,201135900,-1.4706,2.1675
BMRI.JK,2026-02-12,5025.0,5075.0,5000.0,5075.0,4661.81,121407500,0.995,1.4925
BMRI.JK,2026-02-13,5050.0,5075.0,4970.0,5075.0,4661.81,157236900,0.0,2.0792
BMRI.JK,2026-02-18,5075.0,5275.0,5050.0,5275.0,4845.53,212076100,3.9409,4.4335
BMRI.JK,2026-02-19,5275.0,5300.0,5050.0,5075.0,4661.81,133827800,-3.7915,4.7393
BMRI.JK,2026-02-20,5100.0,5175.0,5050.0,5125.0,4707.74,88563800,0.9852,2.451
BMRI.JK,2026-02-23,5150.0,5275.0,5150.0,5275.0,4845.53,131077800,2.9268,2.4272
BMRI.JK,2026-02-24,5275.0,5375.0,5250.0,5375.0,4937.39,203553200,1.8957,2.3697
BMRI.JK,2026-02-25,5350.0,5375.0,5300.0,5300.0,4868.49,147700600,-1.3953,1.4019
BMRI.JK,2026-02-26,5350.0,5350.0,5200.0,5325.0,4891.46,120621100,0.4717,2.8037
BMRI.JK,2026-02-27,5325.0,5350.0,5275.0,5275.0,4845.53,206461200,-0.939,1.4085
BMRI.JK,2026-03-02,5125.0,5175.0,5050.0,5075.0,4661.81,168721700,-3.7915,2.439
BMRI.JK,2026-03-03,5100.0,5175.0,5050.0,5100.0,4684.78,106384700,0.4926,2.451
BMRI.JK,2026-03-04,5050.0,5075.0,4870.0,4980.0,4574.55,294487200,-2.3529,4.0594
BMRI.JK,2026-03-05,5025.0,5125.0,5000.0,5125.0,4707.74,133690000,2.9116,2.4876
BMRI.JK,2026-03-06,5075.0,5100.0,4950.0,4980.0,4574.55,127625100,-2.8293,2.9557
BMRI.JK,2026-03-09,4800.0,4870.0,4780.0,4820.0,4427.57,217673200,-3.2129,1.875
BMRI.JK,2026-03-10,4920.0,4990.0,4860.0,4910.0,4510.25,124581800,1.8672,2.6423
BMRI.JK,2026-03-11,4930.0,4970.0,4880.0,4880.0,4482.69,86606500,-0.611,1.8256
BMRI.JK,2026-03-12,4870.0,4980.0,4870.0,4960.0,4556.18,85989900,1.6393,2.2587
BMRI.JK,2026-03-13,4900.0,4920.0,4750.0,4750.0,4363.27,187462500,-4.2339,3.4694
BMRI.JK,2026-03-16,4730.0,4740.0,4630.0,4700.0,4317.34,149035900,-1.0526,2.3256
BMRI.JK,2026-03-17,4750.0,4780.0,4710.0,4730.0,4344.9,274977700,0.6383,1.4737
BMRI.JK,2026-03-25,4650.0,4970.0,4650.0,4970.0,4565.36,389331300,5.074,6.8817
BMRI.JK,2026-03-26,4970.0,4980.0,4840.0,4840.0,4445.95,120735200,-2.6157,2.8169
BMRI.JK,2026-03-27,4840.0,4870.0,4760.0,4760.0,4372.46,73158700,-1.6529,2.2727
BMRI.JK,2026-03-30,4710.0,4750.0,4690.0,4700.0,4317.34,110819500,-1.2605,1.2739
BMRI.JK,2026-03-31,4710.0,4790.0,4700.0,4720.0,4335.72,184777500,0.4255,1.9108
BMRI.JK,2026-04-01,4800.0,4830.0,4680.0,4720.0,4335.72,162832600,0.0,3.125
BMRI.JK,2026-04-02,4720.0,4730.0,4640.0,4650.0,4271.41,109496300,-1.4831,1.9068
BMRI.JK,2026-04-06,4650.0,4700.0,4600.0,4610.0,4234.67,60887500,-0.8602,2.1505
BMRI.JK,2026-04-07,4600.0,4610.0,4500.0,4510.0,4142.81,190831700,-2.1692,2.3913
BMRI.JK,2026-04-08,4670.0,4700.0,4630.0,4670.0,4289.79,169872400,3.5477,1.4989
BMRI.JK,2026-04-09,4650.0,4650.0,4570.0,4570.0,4197.93,128431200,-2.1413,1.7204
BMRI.JK,2026-04-10,4580.0,4700.0,4580.0,4670.0,4289.79,103583800,2.1882,2.6201
BMRI.JK,2026-04-13,4640.0,4660.0,4600.0,4600.0,4225.49,103202100,-1.4989,1.2931
BMRI.JK,2026-04-14,4670.0,4720.0,4650.0,4710.0,4326.53,135501000,2.3913,1.4989
BMRI.JK,2026-04-15,4750.0,4770.0,4640.0,4650.0,4271.41,104621600,-1.2739,2.7368
BMRI.JK,2026-04-16,4680.0,4680.0,4620.0,4640.0,4262.23,120500900,-0.2151,1.2821
BMRI.JK,2026-04-17,4670.0,4700.0,4580.0,4620.0,4243.86,125867600,-0.431,2.5696
BMRI.JK,2026-04-20,4640.0,4670.0,4590.0,4620.0,4243.86,104938900,0.0,1.7241
BMRI.JK,2026-04-21,4610.0,4700.0,4610.0,4700.0,4317.34,120070400,1.7316,1.9523
BMRI.JK,2026-04-22,4700.0,4770.0,4700.0,4750.0,4363.27,113814200,1.0638,1.4894
BMRI.JK,2026-04-23,4760.0,4770.0,4630.0,4630.0,4253.04,133792200,-2.5263,2.9412
BMRI.JK,2026-04-24,4630.0,4630.0,4490.0,4500.0,4133.63,218703100,-2.8078,3.0238
BMRI.JK,2026-04-27,4500.0,4510.0,4360.0,4400.0,4041.77,257209000,-2.2222,3.3333
BMRI.JK,2026-04-28,4420.0,4480.0,4350.0,4430.0,4069.33,246361500,0.6818,2.9412
BMRI.JK,2026-04-29,4440.0,4530.0,4430.0,4430.0,4069.33,201458600,0.0,2.2523
BMRI.JK,2026-04-30,4430.0,4450.0,4370.0,4390.0,4032.58,186960200,-0.9029,1.8059
BMRI.JK,2026-05-04,4430.0,4470.0,4410.0,4420.0,4060.14,166294600,0.6834,1.3544
BMRI.JK,2026-05-05,4420.0,4570.0,4410.0,4490.0,4124.44,186702000,1.5837,3.6199
BMRI.JK,2026-05-06,4530.0,4550.0,4480.0,4510.0,4142.81,156255400,0.4454,1.5453
BMRI.JK,2026-05-07,4570.0,4640.0,4550.0,4640.0,4262.23,262269600,2.8825,1.9694
BMRI.JK,2026-05-08,4650.0,4710.0,4620.0,4630.0,4253.04,369212800,-0.2155,1.9355
BMRI.JK,2026-05-11,4310.0,4340.0,4250.0,4250.0,4250.0,424518900,-8.2073,2.0882
BMRI.JK,2026-05-12,4270.0,4270.0,4190.0,4240.0,4240.0,221247900,-0.2353,1.8735
BMRI.JK,2026-05-13,4230.0,4250.0,4190.0,4200.0,4200.0,192288300,-0.9434,1.4184
BMRI.JK,2026-05-14,4200.0,4200.0,4200.0,4200.0,4200.0,0,0.0,0.0
BMRI.JK,2026-05-15,4200.0,4200.0,4200.0,4200.0,4200.0,0,0.0,0.0
BMRI.JK,2026-05-18,4170.0,4170.0,4080.0,4130.0,4130.0,316067300,-1.6667,2.1583
BMRI.JK,2026-05-19,4130.0,4260.0,4100.0,4130.0,4130.0,306901800,0.0,3.8741
BMRI.JK,2026-05-20,4150.0,4290.0,4110.0,4230.0,4230.0,308468000,2.4213,4.3373
BMRI.JK,2026-05-21,4280.0,4280.0,4130.0,4170.0,4170.0,137461700,-1.4184,3.5047
BMRI.JK,2026-05-22,4140.0,4150.0,4040.0,4120.0,4120.0,190022900,-1.199,2.657
BMRI.JK,2026-05-25,4160.0,4300.0,4130.0,4220.0,4220.0,235113500,2.4272,4.0865
BMRI.JK,2026-05-26,4210.0,4220.0,4130.0,4130.0,4130.0,181583300,-2.1327,2.1378
BMRI.JK,2026-05-27,4130.0,4130.0,4130.0,4130.0,4130.0,0,0.0,0.0
BMRI.JK,2026-05-28,4130.0,4130.0,4130.0,4130.0,4130.0,0,0.0,0.0
BMRI.JK,2026-05-29,4120.0,4190.0,4080.0,4080.0,4080.0,442625300,-1.2107,2.6699
BMRI.JK,2026-06-02,4090.0,4190.0,4090.0,4170.0,4170.0,261911500,2.2059,2.445
BMRI.JK,2026-06-03,4200.0,4200.0,4020.0,4050.0,4050.0,287274100,-2.8777,4.2857
BMRI.JK,2026-06-04,4050.0,4060.0,3930.0,3970.0,3970.0,328529500,-1.9753,3.2099
BMRI.JK,2026-06-05,3900.0,3950.0,3820.0,3840.0,3840.0,320689600,-3.2746,3.3333
BMRI.JK,2026-06-08,3810.0,3900.0,3700.0,3710.0,3710.0,387103400,-3.3854,5.2493
BMRI.JK,2026-06-09,3650.0,4090.0,3650.0,4090.0,4090.0,484957600,10.2426,12.0548
BMRI.JK,2026-06-10,4100.0,4260.0,4050.0,4260.0,4260.0,359183100,4.1565,5.122
BMRI.JK,2026-06-11,4260.0,4340.0,4140.0,4250.0,4250.0,308861000,-0.2347,4.6948
BMRI.JK,2026-06-12,4320.0,4320.0,4200.0,4200.0,4200.0,241735800,-1.1765,2.7778
BMRI.JK,2026-06-15,4300.0,4500.0,4300.0,4500.0,4500.0,310948900,7.1429,4.6512
BMRI.JK,2026-06-17,4500.0,4570.0,4390.0,4490.0,4490.0,286865700,-0.2222,4.0
BMRI.JK,2026-06-18,4440.0,4470.0,4340.0,4470.0,4470.0,190568200,-0.4454,2.9279
BMRI.JK,2026-06-19,4390.0,4470.0,4300.0,4310.0,4310.0,377274300,-3.5794,3.8724
BMRI.JK,2026-06-22,4320.0,4340.0,4220.0,4220.0,4220.0,101336500,-2.0882,2.7778
BMRI.JK,2026-06-23,4200.0,4210.0,4090.0,4120.0,4120.0,248512500,-2.3697,2.8571
BMRI.JK,2026-06-24,4130.0,4180.0,3970.0,3970.0,3970.0,254221600,-3.6408,5.0847
BMRI.JK,2026-06-25,3970.0,4090.0,3960.0,4000.0,4000.0,275422800,0.7557,3.2746
BMRI.JK,2026-06-26,4000.0,4040.0,3900.0,3990.0,3990.0,247361000,-0.25,3.5
BMRI.JK,2026-06-29,3990.0,4010.0,3930.0,3940.0,3940.0,120733900,-1.2531,2.005
BMRI.JK,2026-06-30,3930.0,3930.0,3830.0,3850.0,3850.0,200553100,-2.2843,2.5445
BMRI.JK,2026-07-01,3810.0,3880.0,3800.0,3810.0,3810.0,142033400,-1.039,2.0997
BMRI.JK,2026-07-02,3810.0,3960.0,3810.0,3900.0,3900.0,181957900,2.3622,3.937
BMRI.JK,2026-07-03,3950.0,4040.0,3950.0,4010.0,4010.0,97694100,2.8205,2.2785
BBNI.JK,2024-07-03,4730.0,4740.0,4630.0,4650.0,3928.04,41531700,,2.3256
BBNI.JK,2024-07-04,4690.0,4770.0,4660.0,4710.0,3978.73,61435900,1.2903,2.3454
BBNI.JK,2024-07-05,4730.0,4780.0,4690.0,4700.0,3970.28,67585600,-0.2123,1.9027
BBNI.JK,2024-07-08,4730.0,4740.0,4670.0,4670.0,3944.94,36004700,-0.6383,1.4799
BBNI.JK,2024-07-09,4670.0,4870.0,4670.0,4860.0,4105.44,87456600,4.0685,4.2827
BBNI.JK,2024-07-10,4850.0,4900.0,4820.0,4820.0,4071.65,48700200,-0.823,1.6495
BBNI.JK,2024-07-11,4850.0,4880.0,4830.0,4870.0,4113.88,37573700,1.0373,1.0309
BBNI.JK,2024-07-12,4920.0,5125.0,4920.0,5025.0,4244.82,151520700,3.1828,4.1667
BBNI.JK,2024-07-15,5050.0,5075.0,4980.0,5025.0,4244.82,94794900,0.0,1.8812
BBNI.JK,2024-07-16,5050.0,5050.0,4980.0,4980.0,4206.81,66371200,-0.8955,1.3861
BBNI.JK,2024-07-17,5050.0,5075.0,5000.0,5000.0,4223.7,59615300,0.4016,1.4851
BBNI.JK,2024-07-18,4990.0,5125.0,4990.0,5075.0,4287.06,86127800,1.5,2.7054
BBNI.JK,2024-07-19,5075.0,5100.0,5025.0,5100.0,4308.17,66907300,0.4926,1.4778
BBNI.JK,2024-07-22,5125.0,5150.0,5050.0,5100.0,4308.17,32378000,0.0,1.9512
BBNI.JK,2024-07-23,5100.0,5125.0,5050.0,5050.0,4265.94,30554100,-0.9804,1.4706
BBNI.JK,2024-07-24,5050.0,5100.0,5000.0,5100.0,4308.17,23442100,0.9901,1.9802
BBNI.JK,2024-07-25,5050.0,5075.0,4980.0,5025.0,4244.82,52463300,-1.4706,1.8812
BBNI.JK,2024-07-26,5000.0,5075.0,4990.0,5000.0,4223.7,41982600,-0.4975,1.7
BBNI.JK,2024-07-29,5025.0,5050.0,5000.0,5025.0,4244.82,19854800,0.5,0.995
BBNI.JK,2024-07-30,5000.0,5000.0,4950.0,4950.0,4181.46,36234500,-1.4925,1.0
BBNI.JK,2024-07-31,4970.0,5025.0,4920.0,4970.0,4198.36,34106000,0.404,2.1127
BBNI.JK,2024-08-01,4940.0,5075.0,4940.0,5075.0,4287.06,54207300,2.1127,2.7328
BBNI.JK,2024-08-02,5050.0,5150.0,5025.0,5100.0,4308.17,75959300,0.4926,2.4752
BBNI.JK,2024-08-05,5025.0,5050.0,4880.0,4960.0,4189.91,65485300,-2.7451,3.3831
BBNI.JK,2024-08-06,5000.0,5075.0,4940.0,5025.0,4244.82,51827100,1.3105,2.7
BBNI.JK,2024-08-07,5025.0,5050.0,4980.0,5000.0,4223.7,32547900,-0.4975,1.393
BBNI.JK,2024-08-08,5000.0,5100.0,4970.0,5025.0,4244.82,51493100,0.5,2.6
BBNI.JK,2024-08-09,5050.0,5200.0,5050.0,5125.0,4329.29,33031700,1.99,2.9703
BBNI.JK,2024-08-12,5150.0,5150.0,5075.0,5125.0,4329.29,14296000,0.0,1.4563
BBNI.JK,2024-08-13,5175.0,5200.0,5125.0,5175.0,4371.53,26196400,0.9756,1.4493
BBNI.JK,2024-08-14,5250.0,5375.0,5225.0,5275.0,4456.0,93112500,1.9324,2.8571
BBNI.JK,2024-08-15,5300.0,5325.0,5225.0,5250.0,4434.88,33034700,-0.4739,1.8868
BBNI.JK,2024-08-16,5300.0,5350.0,5275.0,5300.0,4477.12,33604900,0.9524,1.4151
BBNI.JK,2024-08-19,5300.0,5450.0,5275.0,5350.0,4519.36,55661900,0.9434,3.3019
BBNI.JK,2024-08-20,5375.0,5500.0,5375.0,5475.0,4624.95,69978300,2.3364,2.3256
BBNI.JK,2024-08-21,5475.0,5550.0,5425.0,5450.0,4603.83,92703900,-0.4566,2.2831
BBNI.JK,2024-08-22,5425.0,5425.0,5225.0,5275.0,4456.0,72626600,-3.211,3.6866
BBNI.JK,2024-08-23,5300.0,5500.0,5300.0,5450.0,4603.83,69905300,3.3175,3.7736
BBNI.JK,2024-08-26,5450.0,5550.0,5450.0,5525.0,4667.19,68435700,1.3761,1.8349
BBNI.JK,2024-08-27,5525.0,5550.0,5350.0,5400.0,4561.6,57135700,-2.2624,3.6199
BBNI.JK,2024-08-28,5400.0,5425.0,5275.0,5375.0,4540.48,48476500,-0.463,2.7778
BBNI.JK,2024-08-29,5425.0,5425.0,5300.0,5300.0,4477.12,40749200,-1.3953,2.3041
BBNI.JK,2024-08-30,5300.0,5400.0,5300.0,5350.0,4519.36,86718500,0.9434,1.8868
BBNI.JK,2024-09-02,5350.0,5400.0,5325.0,5350.0,4519.36,22988100,0.0,1.4019
BBNI.JK,2024-09-03,5375.0,5400.0,5325.0,5375.0,4540.48,20288700,0.4673,1.3953
BBNI.JK,2024-09-04,5325.0,5375.0,5300.0,5350.0,4519.36,47278700,-0.4651,1.4085
BBNI.JK,2024-09-05,5375.0,5450.0,5350.0,5450.0,4603.83,62221800,1.8692,1.8605
BBNI.JK,2024-09-06,5500.0,5675.0,5475.0,5650.0,4772.78,139365300,3.6697,3.6364
BBNI.JK,2024-09-09,5650.0,5750.0,5625.0,5725.0,4836.14,78827500,1.3274,2.2124
BBNI.JK,2024-09-10,5750.0,5775.0,5700.0,5700.0,4815.02,55033900,-0.4367,1.3043
BBNI.JK,2024-09-11,5700.0,5750.0,5650.0,5650.0,4772.78,33792600,-0.8772,1.7544
BBNI.JK,2024-09-12,5625.0,5650.0,5575.0,5600.0,4730.54,43318600,-0.885,1.3333
BBNI.JK,2024-09-13,5600.0,5650.0,5575.0,5625.0,4751.66,34311700,0.4464,1.3393
BBNI.JK,2024-09-17,5600.0,5700.0,5600.0,5650.0,4772.78,40776200,0.4444,1.7857
BBNI.JK,2024-09-18,5700.0,5700.0,5600.0,5700.0,4815.02,64489200,0.885,1.7544
BBNI.JK,2024-09-19,5800.0,5850.0,5750.0,5825.0,4920.61,93847800,2.193,1.7241
BBNI.JK,2024-09-20,5825.0,5825.0,5750.0,5750.0,4857.25,47673600,-1.2876,1.2876
BBNI.JK,2024-09-23,5750.0,5850.0,5725.0,5800.0,4899.49,48008700,0.8696,2.1739
BBNI.JK,2024-09-24,5800.0,5825.0,5750.0,5800.0,4899.49,39900400,0.0,1.2931
BBNI.JK,2024-09-25,5750.0,5750.0,5450.0,5600.0,4730.54,120885200,-3.4483,5.2174
BBNI.JK,2024-09-26,5600.0,5625.0,5450.0,5600.0,4730.54,59306200,0.0,3.125
BBNI.JK,2024-09-27,5600.0,5600.0,5400.0,5450.0,4603.83,79718100,-2.6786,3.5714
BBNI.JK,2024-09-30,5400.0,5450.0,5325.0,5350.0,4519.36,69417600,-1.8349,2.3148
BBNI.JK,2024-10-01,5375.0,5450.0,5350.0,5375.0,4540.48,40085600,0.4673,1.8605
BBNI.JK,2024-10-02,5325.0,5400.0,5300.0,5350.0,4519.36,27716400,-0.4651,1.8779
BBNI.JK,2024-10-03,5375.0,5400.0,5300.0,5375.0,4540.48,42597000,0.4673,1.8605
BBNI.JK,2024-10-04,5400.0,5425.0,5250.0,5325.0,4498.24,35822100,-0.9302,3.2407
BBNI.JK,2024-10-07,5325.0,5350.0,5200.0,5200.0,4392.65,52624000,-2.3474,2.8169
BBNI.JK,2024-10-08,5150.0,5400.0,5100.0,5350.0,4519.36,90686900,2.8846,5.8252
BBNI.JK,2024-10-09,5350.0,5425.0,5275.0,5325.0,4498.24,70831500,-0.4673,2.8037
BBNI.JK,2024-10-10,5350.0,5400.0,5325.0,5325.0,4498.24,25892500,0.0,1.4019
BBNI.JK,2024-10-11,5425.0,5425.0,5325.0,5375.0,4540.48,14488900,0.939,1.8433
BBNI.JK,2024-10-14,5375.0,5450.0,5375.0,5425.0,4582.71,36808100,0.9302,1.3953
BBNI.JK,2024-10-15,5450.0,5525.0,5425.0,5500.0,4646.07,44248600,1.3825,1.8349
BBNI.JK,2024-10-16,5500.0,5500.0,5450.0,5475.0,4624.95,26629100,-0.4545,0.9091
BBNI.JK,2024-10-17,5500.0,5575.0,5475.0,5500.0,4646.07,48570900,0.4566,1.8182
BBNI.JK,2024-10-18,5550.0,5650.0,5550.0,5650.0,4772.78,58870300,2.7273,1.8018
BBNI.JK,2024-10-21,5700.0,5750.0,5600.0,5625.0,4751.66,50980600,-0.4425,2.6316
BBNI.JK,2024-10-22,5650.0,5675.0,5575.0,5650.0,4772.78,59956900,0.4444,1.7699
BBNI.JK,2024-10-23,5675.0,5675.0,5600.0,5675.0,4793.9,63163700,0.4425,1.3216
BBNI.JK,2024-10-24,5650.0,5700.0,5625.0,5625.0,4751.66,26445200,-0.8811,1.3274
BBNI.JK,2024-10-25,5625.0,5650.0,5550.0,5650.0,4772.78,20200300,0.4444,1.7778
BBNI.JK,2024-10-28,5650.0,5675.0,5425.0,5500.0,4646.07,48523000,-2.6549,4.4248
BBNI.JK,2024-10-29,5400.0,5500.0,5275.0,5300.0,4477.12,77068500,-3.6364,4.1667
BBNI.JK,2024-10-30,5300.0,5325.0,5200.0,5225.0,4413.77,58411700,-1.4151,2.3585
BBNI.JK,2024-10-31,5200.0,5300.0,5175.0,5250.0,4434.88,50040800,0.4785,2.4038
BBNI.JK,2024-11-01,5250.0,5250.0,5175.0,5200.0,4392.65,21870200,-0.9524,1.4286
BBNI.JK,2024-11-04,5225.0,5325.0,5150.0,5300.0,4477.12,31669500,1.9231,3.3493
BBNI.JK,2024-11-05,5275.0,5450.0,5250.0,5400.0,4561.6,32446400,1.8868,3.7915
BBNI.JK,2024-11-06,5425.0,5425.0,5100.0,5125.0,4329.29,67214100,-5.0926,5.9908
BBNI.JK,2024-11-07,5150.0,5175.0,5025.0,5025.0,4244.82,63745800,-1.9512,2.9126
BBNI.JK,2024-11-08,5075.0,5125.0,4970.0,4980.0,4206.81,51133100,-0.8955,3.0542
BBNI.JK,2024-11-11,4950.0,5025.0,4800.0,4990.0,4215.25,44028300,0.2008,4.5455
BBNI.JK,2024-11-12,4960.0,5000.0,4870.0,4930.0,4164.57,70220900,-1.2024,2.621
BBNI.JK,2024-11-13,4930.0,5025.0,4910.0,4960.0,4189.91,64548800,0.6085,2.3327
BBNI.JK,2024-11-14,4960.0,4970.0,4910.0,4950.0,4181.46,33431400,-0.2016,1.2097
BBNI.JK,2024-11-15,4920.0,4940.0,4870.0,4910.0,4147.67,32785700,-0.8081,1.4228
BBNI.JK,2024-11-18,4930.0,4930.0,4830.0,4870.0,4113.88,22240200,-0.8147,2.0284
BBNI.JK,2024-11-19,4860.0,4890.0,4800.0,4850.0,4096.99,28214800,-0.4107,1.8519
BBNI.JK,2024-11-20,4870.0,4900.0,4800.0,4850.0,4096.99,24693600,0.0,2.0534
BBNI.JK,2024-11-21,4820.0,4850.0,4710.0,4720.0,3987.17,45727200,-2.6804,2.9046
BBNI.JK,2024-11-22,4750.0,4860.0,4740.0,4840.0,4088.54,50258400,2.5424,2.5263
BBNI.JK,2024-11-25,4850.0,5075.0,4840.0,4990.0,4215.25,98405900,3.0992,4.8454
BBNI.JK,2024-11-26,5025.0,5050.0,4950.0,4950.0,4181.46,37322800,-0.8016,1.99
BBNI.JK,2024-11-28,5025.0,5075.0,4950.0,5025.0,4244.82,28337000,1.5152,2.4876
BBNI.JK,2024-11-29,5025.0,5050.0,4940.0,4980.0,4206.81,48885400,-0.8955,2.1891
BBNI.JK,2024-12-02,4980.0,5000.0,4710.0,4710.0,3978.73,49318100,-5.4217,5.8233
BBNI.JK,2024-12-03,4740.0,4840.0,4730.0,4780.0,4037.86,60101100,1.4862,2.3207
BBNI.JK,2024-12-04,4800.0,4980.0,4790.0,4950.0,4181.46,46942200,3.5565,3.9583
BBNI.JK,2024-12-05,4950.0,4950.0,4810.0,4820.0,4071.65,33537600,-2.6263,2.8283
BBNI.JK,2024-12-06,4820.0,4880.0,4780.0,4860.0,4105.44,25735100,0.8299,2.0747
BBNI.JK,2024-12-09,4890.0,5050.0,4880.0,5000.0,4223.7,43938100,2.8807,3.4765
BBNI.JK,2024-12-10,4990.0,5100.0,4930.0,5100.0,4308.17,39158900,2.0,3.4068
BBNI.JK,2024-12-11,5050.0,5175.0,5050.0,5075.0,4287.06,39770900,-0.4902,2.4752
BBNI.JK,2024-12-12,5025.0,5025.0,4880.0,4880.0,4122.33,45911900,-3.8424,2.8856
BBNI.JK,2024-12-13,4800.0,4830.0,4720.0,4730.0,3995.62,72851000,-3.0738,2.2917
BBNI.JK,2024-12-16,4610.0,4720.0,4600.0,4640.0,3919.59,83736700,-1.9027,2.603
BBNI.JK,2024-12-17,4620.0,4640.0,4430.0,4470.0,3775.99,119873700,-3.6638,4.5455
BBNI.JK,2024-12-18,4470.0,4530.0,4410.0,4430.0,3742.2,56470100,-0.8949,2.6846
BBNI.JK,2024-12-19,4360.0,4370.0,4300.0,4310.0,3640.83,71247000,-2.7088,1.6055
BBNI.JK,2024-12-20,4330.0,4360.0,4260.0,4260.0,3598.59,83872500,-1.1601,2.3095
BBNI.JK,2024-12-23,4320.0,4390.0,4320.0,4380.0,3699.96,43668100,2.8169,1.6204
BBNI.JK,2024-12-24,4380.0,4400.0,4340.0,4380.0,3699.96,21458900,0.0,1.3699
BBNI.JK,2024-12-27,4380.0,4430.0,4360.0,4360.0,3683.07,22838700,-0.4566,1.5982
BBNI.JK,2024-12-30,4340.0,4380.0,4270.0,4350.0,3674.62,43899600,-0.2294,2.5346
BBNI.JK,2025-01-02,4360.0,4590.0,4360.0,4590.0,3877.36,56985400,5.5172,5.2752
BBNI.JK,2025-01-03,4600.0,4630.0,4540.0,4540.0,3835.12,76388000,-1.0893,1.9565
BBNI.JK,2025-01-06,4550.0,4560.0,4410.0,4430.0,3742.2,26008100,-2.4229,3.2967
BBNI.JK,2025-01-07,4370.0,4410.0,4340.0,4360.0,3683.07,36973900,-1.5801,1.6018
BBNI.JK,2025-01-08,4350.0,4430.0,4350.0,4370.0,3691.51,39476000,0.2294,1.8391
BBNI.JK,2025-01-09,4360.0,4410.0,4350.0,4380.0,3699.96,25545500,0.2288,1.3761
BBNI.JK,2025-01-10,4380.0,4420.0,4350.0,4350.0,3674.62,28235300,-0.6849,1.5982
BBNI.JK,2025-01-13,4320.0,4330.0,4200.0,4210.0,3556.36,54029800,-3.2184,3.0093
BBNI.JK,2025-01-14,4170.0,4240.0,4110.0,4130.0,3488.78,71568000,-1.9002,3.1175
BBNI.JK,2025-01-15,4150.0,4430.0,4150.0,4410.0,3725.3,82038200,6.7797,6.747
BBNI.JK,2025-01-16,4600.0,4600.0,4480.0,4500.0,3801.33,113849300,2.0408,2.6087
BBNI.JK,2025-01-17,4450.0,4570.0,4380.0,4470.0,3775.99,40130000,-0.6667,4.2697
BBNI.JK,2025-01-20,4520.0,4660.0,4490.0,4620.0,3902.7,67692300,3.3557,3.7611
BBNI.JK,2025-01-21,4690.0,4820.0,4650.0,4740.0,4004.07,96008700,2.5974,3.6247
BBNI.JK,2025-01-22,4790.0,4810.0,4760.0,4790.0,4046.3,55899500,1.0549,1.0438
BBNI.JK,2025-01-23,4790.0,4820.0,4650.0,4650.0,3928.04,86704800,-2.9228,3.5491
BBNI.JK,2025-01-24,4660.0,4700.0,4610.0,4610.0,3894.25,42140900,-0.8602,1.9313
BBNI.JK,2025-01-30,4610.0,4670.0,4580.0,4640.0,3919.59,23980100,0.6508,1.9523
BBNI.JK,2025-01-31,4660.0,4880.0,4660.0,4770.0,4029.41,78958600,2.8017,4.721
BBNI.JK,2025-02-03,4770.0,4800.0,4640.0,4780.0,4037.86,63072700,0.2096,3.3543
BBNI.JK,2025-02-04,4770.0,4780.0,4700.0,4700.0,3970.28,44266700,-1.6736,1.6771
BBNI.JK,2025-02-05,4650.0,4680.0,4480.0,4500.0,3801.33,52077600,-4.2553,4.3011
BBNI.JK,2025-02-06,4500.0,4510.0,4260.0,4290.0,3623.93,72520900,-4.6667,5.5556
BBNI.JK,2025-02-07,4250.0,4350.0,4160.0,4270.0,3607.04,69268900,-0.4662,4.4706
BBNI.JK,2025-02-10,4270.0,4310.0,4150.0,4150.0,3505.67,46856100,-2.8103,3.7471
BBNI.JK,2025-02-11,4150.0,4170.0,4050.0,4070.0,3438.09,52994400,-1.9277,2.8916
BBNI.JK,2025-02-12,4130.0,4300.0,4100.0,4300.0,3632.38,57782300,5.6511,4.8426
BBNI.JK,2025-02-13,4280.0,4300.0,4210.0,4250.0,3590.14,38173200,-1.1628,2.1028
BBNI.JK,2025-02-14,4310.0,4390.0,4300.0,4370.0,3691.51,61932800,2.8235,2.0882
BBNI.JK,2025-02-17,4370.0,4590.0,4350.0,4570.0,3860.46,52492800,4.5767,5.492
BBNI.JK,2025-02-18,4600.0,4750.0,4600.0,4750.0,4012.51,73992700,3.9387,3.2609
BBNI.JK,2025-02-19,4750.0,4750.0,4480.0,4520.0,3818.22,72328000,-4.8421,5.6842
BBNI.JK,2025-02-20,4520.0,4550.0,4400.0,4460.0,3767.54,49467500,-1.3274,3.3186
BBNI.JK,2025-02-21,4410.0,4440.0,4300.0,4300.0,3632.38,70115400,-3.5874,3.1746
BBNI.JK,2025-02-24,4300.0,4320.0,4200.0,4200.0,3547.91,61467000,-2.3256,2.7907
BBNI.JK,2025-02-25,4230.0,4280.0,4110.0,4230.0,3573.25,45778400,0.7143,4.0189
BBNI.JK,2025-02-26,4250.0,4350.0,4210.0,4350.0,3674.62,42114300,2.8369,3.2941
BBNI.JK,2025-02-27,4350.0,4370.0,4200.0,4340.0,3666.17,58362900,-0.2299,3.908
BBNI.JK,2025-02-28,4270.0,4270.0,4010.0,4030.0,3404.3,156574800,-7.1429,6.089
BBNI.JK,2025-03-03,4180.0,4310.0,4120.0,4260.0,3598.59,156616300,5.7072,4.5455
BBNI.JK,2025-03-04,4240.0,4290.0,4170.0,4220.0,3564.8,71340000,-0.939,2.8302
BBNI.JK,2025-03-05,4250.0,4540.0,4250.0,4460.0,3767.54,101995600,5.6872,6.8235
BBNI.JK,2025-03-06,4550.0,4700.0,4540.0,4590.0,3877.36,104226000,2.9148,3.5165
BBNI.JK,2025-03-07,4590.0,4590.0,4460.0,4540.0,3835.12,61630700,-1.0893,2.8322
BBNI.JK,2025-03-10,4540.0,4540.0,4410.0,4450.0,3759.09,43038000,-1.9824,2.8634
BBNI.JK,2025-03-11,4380.0,4460.0,4360.0,4450.0,3759.09,44323600,0.0,2.2831
BBNI.JK,2025-03-12,4490.0,4550.0,4480.0,4530.0,3826.67,44656600,1.7978,1.559
BBNI.JK,2025-03-13,4600.0,4600.0,4440.0,4530.0,3826.67,48947400,0.0,3.4783
BBNI.JK,2025-03-14,4470.0,4520.0,4400.0,4430.0,3742.2,50335900,-2.2075,2.6846
BBNI.JK,2025-03-17,4430.0,4460.0,4260.0,4330.0,3657.72,60911900,-2.2573,4.5147
BBNI.JK,2025-03-18,4300.0,4310.0,4030.0,4190.0,3539.46,80141500,-3.2333,6.5116
BBNI.JK,2025-03-19,4190.0,4250.0,4120.0,4170.0,3522.57,110420100,-0.4773,3.1026
BBNI.JK,2025-03-20,4240.0,4270.0,4050.0,4080.0,3446.54,109598400,-2.1583,5.1887
BBNI.JK,2025-03-21,4080.0,4090.0,3770.0,3770.0,3184.67,246727700,-7.598,7.8431
BBNI.JK,2025-03-24,3770.0,3830.0,3630.0,3720.0,3142.43,135658700,-1.3263,5.305
BBNI.JK,2025-03-25,3770.0,3930.0,3740.0,3900.0,3294.49,157671900,4.8387,5.0398
BBNI.JK,2025-03-26,4010.0,4280.0,4000.0,4250.0,3590.14,229422000,8.9744,6.9825
BBNI.JK,2025-03-27,4250.0,4280.0,4110.0,4240.0,3581.7,101189600,-0.2353,4.0
BBNI.JK,2025-04-08,3680.0,4080.0,3610.0,4030.0,3404.3,185281600,-4.9528,12.7717
BBNI.JK,2025-04-09,4030.0,4140.0,3970.0,4040.0,3412.75,81414200,0.2481,4.2184
BBNI.JK,2025-04-10,4380.0,4400.0,4220.0,4260.0,3598.59,131182600,5.4455,4.1096
BBNI.JK,2025-04-11,4240.0,4400.0,4200.0,4390.0,3708.41,90221600,3.0516,4.717
BBNI.JK,2025-04-14,4450.0,4550.0,4440.0,4550.0,3843.57,162128800,3.6446,2.4719
BBNI.JK,2025-04-15,4280.0,4350.0,4270.0,4280.0,3939.34,156480600,-5.9341,1.8692
BBNI.JK,2025-04-16,4280.0,4290.0,4090.0,4100.0,3773.67,109735100,-4.2056,4.6729
BBNI.JK,2025-04-17,4110.0,4150.0,4040.0,4040.0,3718.44,68392500,-1.4634,2.6764
BBNI.JK,2025-04-21,4040.0,4050.0,3950.0,3990.0,3672.42,67071400,-1.2376,2.4752
BBNI.JK,2025-04-22,3990.0,4050.0,3960.0,4010.0,3690.83,84001100,0.5013,2.2556
BBNI.JK,2025-04-23,4080.0,4170.0,4030.0,4150.0,3819.69,128948700,3.4913,3.4314
BBNI.JK,2025-04-24,4200.0,4250.0,4120.0,4170.0,3838.1,145433700,0.4819,3.0952
BBNI.JK,2025-04-25,4200.0,4210.0,4140.0,4200.0,3865.71,102065100,0.7194,1.6667
BBNI.JK,2025-04-28,4210.0,4250.0,4170.0,4190.0,3856.51,68481300,-0.2381,1.9002
BBNI.JK,2025-04-29,4210.0,4220.0,4120.0,4140.0,3810.48,61824000,-1.1933,2.3753
BBNI.JK,2025-04-30,4160.0,4180.0,4080.0,4180.0,3847.3,85510000,0.9662,2.4038
BBNI.JK,2025-05-02,4220.0,4230.0,4160.0,4200.0,3865.71,81966800,0.4785,1.6588
BBNI.JK,2025-05-05,4210.0,4280.0,4180.0,4210.0,3874.91,60392100,0.2381,2.3753
BBNI.JK,2025-05-06,4220.0,4230.0,4170.0,4180.0,3847.3,66444400,-0.7126,1.4218
BBNI.JK,2025-05-07,4190.0,4200.0,4140.0,4160.0,3828.89,57689300,-0.4785,1.432
BBNI.JK,2025-05-08,4160.0,4220.0,4080.0,4120.0,3792.08,77995600,-0.9615,3.3654
BBNI.JK,2025-05-09,4120.0,4140.0,4060.0,4100.0,3773.67,37787800,-0.4854,1.9417
BBNI.JK,2025-05-14,4180.0,4370.0,4160.0,4370.0,4022.18,179465400,6.5854,5.0239
BBNI.JK,2025-05-15,4390.0,4530.0,4390.0,4500.0,4141.83,120598100,2.9748,3.1891
BBNI.JK,2025-05-16,4530.0,4530.0,4360.0,4500.0,4141.83,88956700,0.0,3.7528
BBNI.JK,2025-05-19,4480.0,4520.0,4430.0,4460.0,4105.02,60120200,-0.8889,2.0089
BBNI.JK,2025-05-20,4460.0,4570.0,4420.0,4450.0,4095.81,81048500,-0.2242,3.3632
BBNI.JK,2025-05-21,4480.0,4580.0,4470.0,4520.0,4160.24,79967600,1.573,2.4554
BBNI.JK,2025-05-22,4520.0,4540.0,4470.0,4470.0,4114.22,42314700,-1.1062,1.5487
BBNI.JK,2025-05-23,4510.0,4520.0,4480.0,4510.0,4151.04,21621500,0.8949,0.8869
BBNI.JK,2025-05-26,4510.0,4520.0,4420.0,4500.0,4141.83,36713800,-0.2217,2.2173
BBNI.JK,2025-05-27,4500.0,4530.0,4460.0,4530.0,4169.44,40871300,0.6667,1.5556
BBNI.JK,2025-05-28,4520.0,4540.0,4470.0,4490.0,4132.63,63745800,-0.883,1.5487
BBNI.JK,2025-06-02,4480.0,4480.0,4300.0,4370.0,4022.18,68993300,-2.6726,4.0179
BBNI.JK,2025-06-03,4350.0,4380.0,4260.0,4370.0,4022.18,42954800,0.0,2.7586
BBNI.JK,2025-06-04,4420.0,4420.0,4300.0,4300.0,3957.75,35499900,-1.6018,2.7149
BBNI.JK,2025-06-05,4310.0,4420.0,4310.0,4420.0,4068.2,36143400,2.7907,2.5522
BBNI.JK,2025-06-10,4470.0,4520.0,4450.0,4520.0,4160.24,45818600,2.2624,1.566
BBNI.JK,2025-06-11,4530.0,4540.0,4480.0,4540.0,4178.65,35008700,0.4425,1.3245
BBNI.JK,2025-06-12,4530.0,4540.0,4480.0,4540.0,4178.65,29571100,0.0,1.3245
BBNI.JK,2025-06-13,4480.0,4540.0,4450.0,4540.0,4178.65,30548300,0.0,2.0089
BBNI.JK,2025-06-16,4490.0,4490.0,4360.0,4400.0,4049.79,90223800,-3.0837,2.8953
BBNI.JK,2025-06-17,4400.0,4420.0,4350.0,4360.0,4012.97,44876400,-0.9091,1.5909
BBNI.JK,2025-06-18,4350.0,4360.0,4250.0,4300.0,3957.75,40711200,-1.3761,2.5287
BBNI.JK,2025-06-19,4300.0,4300.0,4100.0,4130.0,3801.28,87781700,-3.9535,4.6512
BBNI.JK,2025-06-20,4120.0,4140.0,4050.0,4110.0,3782.87,178503500,-0.4843,2.1845
BBNI.JK,2025-06-23,4060.0,4100.0,3970.0,4060.0,3736.85,53486300,-1.2165,3.202
BBNI.JK,2025-06-24,4160.0,4210.0,4140.0,4140.0,3810.48,51925200,1.9704,1.6827
BBNI.JK,2025-06-25,4200.0,4200.0,4060.0,4110.0,3782.87,33883900,-0.7246,3.3333
BBNI.JK,2025-06-26,4110.0,4120.0,4050.0,4120.0,3792.08,31912200,0.2433,1.7032
BBNI.JK,2025-06-30,4130.0,4130.0,4050.0,4120.0,3792.08,53732100,0.0,1.937
BBNI.JK,2025-07-01,4120.0,4130.0,4000.0,4010.0,3690.83,55711200,-2.6699,3.1553
BBNI.JK,2025-07-02,4010.0,4040.0,3970.0,4020.0,3700.04,31192900,0.2494,1.7456
BBNI.JK,2025-07-03,4010.0,4060.0,3970.0,3970.0,3654.02,49947500,-1.2438,2.2444
BBNI.JK,2025-07-04,3970.0,4010.0,3950.0,4000.0,3681.63,30396500,0.7557,1.5113
BBNI.JK,2025-07-07,4000.0,4010.0,3930.0,4000.0,3681.63,28005400,0.0,2.0
BBNI.JK,2025-07-08,3980.0,4020.0,3950.0,3970.0,3654.02,27867600,-0.75,1.7588
BBNI.JK,2025-07-09,3960.0,4000.0,3950.0,4000.0,3681.63,27904300,0.7557,1.2626
BBNI.JK,2025-07-10,3980.0,4140.0,3980.0,4110.0,3782.87,44060900,2.75,4.0201
BBNI.JK,2025-07-11,4130.0,4220.0,4120.0,4180.0,3847.3,48939300,1.7032,2.4213
BBNI.JK,2025-07-14,4190.0,4190.0,4000.0,4040.0,3718.44,68377100,-3.3493,4.5346
BBNI.JK,2025-07-15,4040.0,4070.0,4010.0,4050.0,3727.65,30497400,0.2475,1.4851
BBNI.JK,2025-07-16,4130.0,4150.0,4080.0,4130.0,3801.28,66349800,1.9753,1.6949
BBNI.JK,2025-07-17,4140.0,4140.0,4090.0,4110.0,3782.87,25818000,-0.4843,1.2077
BBNI.JK,2025-07-18,4120.0,4150.0,4100.0,4120.0,3792.08,35072000,0.2433,1.2136
BBNI.JK,2025-07-21,4140.0,4140.0,4070.0,4070.0,3746.06,35004100,-1.2136,1.6908
BBNI.JK,2025-07-22,4090.0,4090.0,4040.0,4050.0,3727.65,32607800,-0.4914,1.2225
BBNI.JK,2025-07-23,4080.0,4100.0,4040.0,4100.0,3773.67,23315700,1.2346,1.4706
BBNI.JK,2025-07-24,4100.0,4250.0,4080.0,4220.0,3884.12,57276100,2.9268,4.1463
BBNI.JK,2025-07-25,4160.0,4180.0,4070.0,4090.0,3764.46,48597600,-3.0806,2.6442
BBNI.JK,2025-07-28,4110.0,4220.0,4090.0,4210.0,3874.91,45451600,2.934,3.163
BBNI.JK,2025-07-29,4200.0,4200.0,4120.0,4150.0,3819.69,27287100,-1.4252,1.9048
BBNI.JK,2025-07-30,4150.0,4160.0,4090.0,4120.0,3792.08,33919100,-0.7229,1.6867
BBNI.JK,2025-07-31,4100.0,4110.0,4010.0,4010.0,3690.83,50384500,-2.6699,2.439
BBNI.JK,2025-08-01,4050.0,4070.0,4010.0,4010.0,3690.83,32295500,0.0,1.4815
BBNI.JK,2025-08-04,4000.0,4030.0,3990.0,4010.0,3690.83,30440700,0.0,1.0
BBNI.JK,2025-08-05,4040.0,4230.0,4040.0,4220.0,3884.12,93772600,5.2369,4.703
BBNI.JK,2025-08-06,4220.0,4230.0,4100.0,4100.0,3773.67,27975700,-2.8436,3.0806
BBNI.JK,2025-08-07,4120.0,4140.0,4100.0,4120.0,3792.08,21207800,0.4878,0.9709
BBNI.JK,2025-08-08,4090.0,4100.0,4070.0,4070.0,3746.06,43531000,-1.2136,0.7335
BBNI.JK,2025-08-11,4090.0,4220.0,4080.0,4200.0,3865.71,61703500,3.1941,3.423
BBNI.JK,2025-08-12,4220.0,4420.0,4210.0,4360.0,4012.97,120908000,3.8095,4.9763
BBNI.JK,2025-08-13,4390.0,4420.0,4310.0,4370.0,4022.18,54042400,0.2294,2.5057
BBNI.JK,2025-08-14,4400.0,4400.0,4360.0,4390.0,4040.59,43156900,0.4577,0.9091
BBNI.JK,2025-08-15,4370.0,4450.0,4370.0,4370.0,4022.18,62301400,-0.4556,1.8307
BBNI.JK,2025-08-19,4360.0,4360.0,4280.0,4330.0,3985.36,34407300,-0.9153,1.8349
BBNI.JK,2025-08-20,4290.0,4450.0,4290.0,4430.0,4077.4,52897600,2.3095,3.7296
BBNI.JK,2025-08-21,4420.0,4490.0,4400.0,4490.0,4132.63,60899400,1.3544,2.0362
BBNI.JK,2025-08-22,4500.0,4500.0,4380.0,4390.0,4040.59,32633000,-2.2272,2.6667
BBNI.JK,2025-08-25,4460.0,4520.0,4440.0,4450.0,4095.81,53434200,1.3667,1.7937
BBNI.JK,2025-08-26,4430.0,4540.0,4370.0,4540.0,4178.65,85603900,2.0225,3.8375
BBNI.JK,2025-08-27,4500.0,4500.0,4400.0,4450.0,4095.81,45966700,-1.9824,2.2222
BBNI.JK,2025-08-28,4480.0,4500.0,4450.0,4460.0,4105.02,37274600,0.2247,1.1161
BBNI.JK,2025-08-29,4440.0,4460.0,4350.0,4380.0,4031.38,60711900,-1.7937,2.4775
BBNI.JK,2025-09-01,4170.0,4400.0,4150.0,4320.0,3976.16,60513100,-1.3699,5.9952
BBNI.JK,2025-09-02,4340.0,4430.0,4290.0,4310.0,3966.95,28513000,-0.2315,3.2258
BBNI.JK,2025-09-03,4320.0,4410.0,4320.0,4410.0,4058.99,29754100,2.3202,2.0833
BBNI.JK,2025-09-04,4410.0,4410.0,4340.0,4370.0,4022.18,17346200,-0.907,1.5873
BBNI.JK,2025-09-08,4430.0,4440.0,4050.0,4180.0,3847.3,55687200,-4.3478,8.8036
BBNI.JK,2025-09-09,4160.0,4200.0,4020.0,4080.0,3755.26,102884200,-2.3923,4.3269
BBNI.JK,2025-09-10,4100.0,4140.0,4080.0,4100.0,3773.67,64536400,0.4902,1.4634
BBNI.JK,2025-09-11,4210.0,4430.0,4210.0,4420.0,4068.2,130159900,7.8049,5.2257
BBNI.JK,2025-09-12,4430.0,4530.0,4330.0,4520.0,4160.24,109797000,2.2624,4.5147
BBNI.JK,2025-09-15,4550.0,4600.0,4410.0,4410.0,4058.99,74523200,-2.4336,4.1758
BBNI.JK,2025-09-16,4440.0,4450.0,4320.0,4370.0,4022.18,52083500,-0.907,2.9279
BBNI.JK,2025-09-17,4390.0,4450.0,4330.0,4450.0,4095.81,54546000,1.8307,2.7335
BBNI.JK,2025-09-18,4480.0,4490.0,4250.0,4340.0,3994.57,90929900,-2.4719,5.3571
BBNI.JK,2025-09-19,4250.0,4290.0,4210.0,4270.0,3930.14,100584800,-1.6129,1.8824
BBNI.JK,2025-09-22,4270.0,4280.0,4170.0,4210.0,3874.91,63520200,-1.4052,2.5761
BBNI.JK,2025-09-23,4210.0,4240.0,4170.0,4200.0,3865.71,39154400,-0.2375,1.6627
BBNI.JK,2025-09-24,4220.0,4230.0,4170.0,4190.0,3856.51,28653700,-0.2381,1.4218
BBNI.JK,2025-09-25,4180.0,4190.0,4140.0,4190.0,3856.51,35633900,0.0,1.1962
BBNI.JK,2025-09-26,4150.0,4180.0,4110.0,4180.0,3847.3,39380500,-0.2387,1.6867
BBNI.JK,2025-09-29,4160.0,4170.0,4110.0,4170.0,3838.1,41037000,-0.2392,1.4423
BBNI.JK,2025-09-30,4170.0,4170.0,4100.0,4100.0,3773.67,60162600,-1.6787,1.6787
BBNI.JK,2025-10-01,4050.0,4120.0,4050.0,4050.0,3727.65,37812400,-1.2195,1.7284
BBNI.JK,2025-10-02,4050.0,4100.0,4040.0,4040.0,3718.44,34730200,-0.2469,1.4815
BBNI.JK,2025-10-03,4060.0,4080.0,4010.0,4040.0,3718.44,26763100,0.0,1.7241
BBNI.JK,2025-10-06,4040.0,4090.0,4000.0,4000.0,3681.63,35060200,-0.9901,2.2277
BBNI.JK,2025-10-07,4030.0,4040.0,3970.0,3990.0,3672.42,41251900,-0.25,1.737
BBNI.JK,2025-10-08,4000.0,4010.0,3930.0,3940.0,3626.4,28812600,-1.2531,2.0
BBNI.JK,2025-10-09,3910.0,4150.0,3860.0,4100.0,3773.67,106114200,4.0609,7.4169
BBNI.JK,2025-10-10,4090.0,4090.0,3950.0,3970.0,3654.02,48778300,-3.1707,3.423
BBNI.JK,2025-10-13,3920.0,3940.0,3870.0,3900.0,3589.59,38351600,-1.7632,1.7857
BBNI.JK,2025-10-14,3910.0,3940.0,3800.0,3800.0,3497.55,69452000,-2.5641,3.5806
BBNI.JK,2025-10-15,3810.0,3840.0,3720.0,3770.0,3469.93,84578200,-0.7895,3.1496
BBNI.JK,2025-10-16,3790.0,3890.0,3760.0,3850.0,3543.57,55980800,2.122,3.4301
BBNI.JK,2025-10-17,3870.0,3900.0,3800.0,3800.0,3497.55,60733400,-1.2987,2.584
BBNI.JK,2025-10-20,3870.0,4110.0,3860.0,4040.0,3718.44,146203400,6.3158,6.4599
BBNI.JK,2025-10-21,4110.0,4130.0,4030.0,4050.0,3727.65,88064800,0.2475,2.4331
BBNI.JK,2025-10-22,4070.0,4150.0,4000.0,4030.0,3709.24,81226400,-0.4938,3.6855
BBNI.JK,2025-10-23,4030.0,4250.0,4020.0,4240.0,3902.53,130641200,5.2109,5.7072
BBNI.JK,2025-10-24,4220.0,4440.0,4210.0,4370.0,4022.18,177603900,3.066,5.4502
BBNI.JK,2025-10-27,4440.0,4450.0,4270.0,4370.0,4022.18,102355700,0.0,4.0541
BBNI.JK,2025-10-28,4390.0,4440.0,4340.0,4370.0,4022.18,58463900,0.0,2.2779
BBNI.JK,2025-10-29,4380.0,4440.0,4320.0,4440.0,4086.61,71743700,1.6018,2.7397
BBNI.JK,2025-10-30,4420.0,4530.0,4370.0,4410.0,4058.99,91042600,-0.6757,3.6199
BBNI.JK,2025-10-31,4400.0,4450.0,4350.0,4380.0,4031.38,69141700,-0.6803,2.2727
BBNI.JK,2025-11-03,4390.0,4460.0,4380.0,4430.0,4077.4,40455000,1.1416,1.8223
BBNI.JK,2025-11-04,4430.0,4510.0,4430.0,4450.0,4095.81,73342900,0.4515,1.8059
BBNI.JK,2025-11-05,4400.0,4480.0,4380.0,4460.0,4105.02,43447700,0.2247,2.2727
BBNI.JK,2025-11-06,4450.0,4480.0,4430.0,4440.0,4086.61,31809500,-0.4484,1.1236
BBNI.JK,2025-11-07,4440.0,4500.0,4440.0,4500.0,4141.83,36148800,1.3514,1.3514
BBNI.JK,2025-11-10,4520.0,4520.0,4410.0,4420.0,4068.2,45518800,-1.7778,2.4336
BBNI.JK,2025-11-11,4450.0,4450.0,4370.0,4420.0,4068.2,48792200,0.0,1.7978
BBNI.JK,2025-11-12,4410.0,4480.0,4400.0,4460.0,4105.02,35386800,0.905,1.8141
BBNI.JK,2025-11-13,4470.0,4480.0,4420.0,4420.0,4068.2,20207300,-0.8969,1.3423
BBNI.JK,2025-11-14,4410.0,4450.0,4370.0,4390.0,4040.59,34602500,-0.6787,1.8141
BBNI.JK,2025-11-17,4390.0,4440.0,4380.0,4390.0,4040.59,28453300,0.0,1.3667
BBNI.JK,2025-11-18,4400.0,4470.0,4400.0,4460.0,4105.02,36957300,1.5945,1.5909
BBNI.JK,2025-11-19,4470.0,4470.0,4410.0,4460.0,4105.02,34300600,0.0,1.3423
BBNI.JK,2025-11-20,4470.0,4560.0,4450.0,4460.0,4105.02,54706000,0.0,2.4609
BBNI.JK,2025-11-21,4450.0,4450.0,4370.0,4390.0,4040.59,45565700,-1.5695,1.7978
BBNI.JK,2025-11-24,4400.0,4440.0,4350.0,4390.0,4040.59,76652700,0.0,2.0455
BBNI.JK,2025-11-25,4420.0,4450.0,4370.0,4420.0,4068.2,36142900,0.6834,1.81
BBNI.JK,2025-11-26,4420.0,4420.0,4370.0,4410.0,4058.99,31686100,-0.2262,1.1312
BBNI.JK,2025-11-27,4420.0,4420.0,4300.0,4350.0,4003.77,33618200,-1.3605,2.7149
BBNI.JK,2025-11-28,4330.0,4350.0,4260.0,4260.0,3920.93,40758200,-2.069,2.0785
BBNI.JK,2025-12-01,4240.0,4350.0,4240.0,4310.0,3966.95,19335100,1.1737,2.5943
BBNI.JK,2025-12-02,4340.0,4360.0,4250.0,4270.0,3930.14,39091800,-0.9281,2.5346
BBNI.JK,2025-12-03,4270.0,4290.0,4240.0,4260.0,3920.93,28263900,-0.2342,1.171
BBNI.JK,2025-12-04,4260.0,4320.0,4240.0,4310.0,3966.95,23544900,1.1737,1.8779
BBNI.JK,2025-12-05,4330.0,4360.0,4290.0,4290.0,3948.55,28877500,-0.464,1.6166
BBNI.JK,2025-12-08,4360.0,4360.0,4290.0,4310.0,3966.95,28219300,0.4662,1.6055
BBNI.JK,2025-12-09,4310.0,4330.0,4260.0,4320.0,3976.16,34461400,0.232,1.6241
BBNI.JK,2025-12-10,4350.0,4350.0,4270.0,4310.0,3966.95,19908000,-0.2315,1.8391
BBNI.JK,2025-12-11,4350.0,4390.0,4190.0,4230.0,3893.32,43389300,-1.8561,4.5977
BBNI.JK,2025-12-12,4290.0,4290.0,4170.0,4240.0,3902.53,23240100,0.2364,2.7972
BBNI.JK,2025-12-15,4270.0,4450.0,4230.0,4440.0,4086.61,57531500,4.717,5.1522
BBNI.JK,2025-12-16,4440.0,4460.0,4330.0,4400.0,4049.79,36287500,-0.9009,2.9279
BBNI.JK,2025-12-17,4400.0,4420.0,4340.0,4370.0,4022.18,27653900,-0.6818,1.8182
BBNI.JK,2025-12-18,4360.0,4440.0,4360.0,4380.0,4031.38,45694900,0.2288,1.8349
BBNI.JK,2025-12-19,4380.0,4410.0,4320.0,4340.0,3994.57,47290300,-0.9132,2.0548
BBNI.JK,2025-12-22,4330.0,4360.0,4290.0,4330.0,3985.36,28113800,-0.2304,1.6166
BBNI.JK,2025-12-23,4290.0,4320.0,4250.0,4290.0,3948.55,26801700,-0.9238,1.6317
BBNI.JK,2025-12-24,4260.0,4330.0,4260.0,4270.0,3930.14,18160600,-0.4662,1.6432
BBNI.JK,2025-12-29,4270.0,4320.0,4260.0,4260.0,3920.93,24490400,-0.2342,1.4052
BBNI.JK,2025-12-30,4260.0,4380.0,4250.0,4370.0,4022.18,44229200,2.5822,3.0516
BBNI.JK,2026-01-02,4340.0,4350.0,4260.0,4260.0,3920.93,32693200,-2.5172,2.0737
BBNI.JK,2026-01-05,4260.0,4270.0,4210.0,4230.0,3893.32,48778200,-0.7042,1.4085
BBNI.JK,2026-01-06,4230.0,4260.0,4200.0,4240.0,3902.53,53908900,0.2364,1.4184
BBNI.JK,2026-01-07,4200.0,4240.0,4200.0,4200.0,3865.71,39295200,-0.9434,0.9524
BBNI.JK,2026-01-08,4200.0,4270.0,4200.0,4210.0,3874.91,40059400,0.2381,1.6667
BBNI.JK,2026-01-09,4230.0,4240.0,4180.0,4180.0,3847.3,35407500,-0.7126,1.4184
BBNI.JK,2026-01-12,4190.0,4250.0,4190.0,4220.0,3884.12,24965900,0.9569,1.432
BBNI.JK,2026-01-13,4250.0,4340.0,4240.0,4340.0,3994.57,76022000,2.8436,2.3529
BBNI.JK,2026-01-14,4340.0,4390.0,4310.0,4360.0,4012.97,41778700,0.4608,1.8433
BBNI.JK,2026-01-15,4380.0,4600.0,4370.0,4540.0,4178.65,132483000,4.1284,5.2511
BBNI.JK,2026-01-19,4540.0,4720.0,4510.0,4620.0,4252.28,123397300,1.7621,4.6256
BBNI.JK,2026-01-20,4620.0,4640.0,4560.0,4570.0,4206.26,67785900,-1.0823,1.7316
BBNI.JK,2026-01-21,4570.0,4590.0,4500.0,4590.0,4224.67,54281000,0.4376,1.9694
BBNI.JK,2026-01-22,4600.0,4670.0,4590.0,4590.0,4224.67,60255300,0.0,1.7391
BBNI.JK,2026-01-23,4590.0,4610.0,4520.0,4600.0,4233.87,37564400,0.2179,1.9608
BBNI.JK,2026-01-26,4590.0,4600.0,4520.0,4530.0,4169.44,79139000,-1.5217,1.7429
BBNI.JK,2026-01-27,4530.0,4540.0,4470.0,4500.0,4141.83,40655600,-0.6623,1.5453
BBNI.JK,2026-01-28,4380.0,4550.0,4270.0,4440.0,4086.61,114151800,-1.3333,6.3927
BBNI.JK,2026-01-29,4310.0,4460.0,3990.0,4420.0,4068.2,242945800,-0.4505,10.9049
BBNI.JK,2026-01-30,4450.0,4590.0,4430.0,4490.0,4132.63,167017600,1.5837,3.5955
BBNI.JK,2026-02-02,4570.0,4580.0,4370.0,4500.0,4141.83,85790700,0.2227,4.5952
BBNI.JK,2026-02-03,4570.0,4630.0,4380.0,4590.0,4224.67,82653800,2.0,5.4705
BBNI.JK,2026-02-04,4590.0,4650.0,4570.0,4630.0,4261.48,92915700,0.8715,1.7429
BBNI.JK,2026-02-05,4630.0,4730.0,4570.0,4570.0,4206.26,94551800,-1.2959,3.4557
BBNI.JK,2026-02-06,4510.0,4560.0,4470.0,4530.0,4169.44,59930200,-0.8753,1.9956
BBNI.JK,2026-02-09,4570.0,4570.0,4450.0,4520.0,4160.24,51513700,-0.2208,2.6258
BBNI.JK,2026-02-10,4520.0,4540.0,4480.0,4510.0,4151.04,38280100,-0.2212,1.3274
BBNI.JK,2026-02-11,4500.0,4510.0,4460.0,4480.0,4123.42,54082900,-0.6652,1.1111
BBNI.JK,2026-02-12,4480.0,4510.0,4470.0,4510.0,4151.04,27571700,0.6696,0.8929
BBNI.JK,2026-02-13,4510.0,4510.0,4470.0,4480.0,4123.42,25116200,-0.6652,0.8869
BBNI.JK,2026-02-18,4510.0,4540.0,4480.0,4490.0,4132.63,38802300,0.2232,1.3304
BBNI.JK,2026-02-19,4520.0,4550.0,4450.0,4450.0,4095.81,54011700,-0.8909,2.2124
BBNI.JK,2026-02-20,4450.0,4500.0,4420.0,4470.0,4114.22,48070400,0.4494,1.7978
BBNI.JK,2026-02-23,4470.0,4510.0,4460.0,4500.0,4141.83,34453500,0.6711,1.1186
BBNI.JK,2026-02-24,4480.0,4490.0,4430.0,4450.0,4095.81,58150200,-1.1111,1.3393
BBNI.JK,2026-02-25,4470.0,4520.0,4440.0,4500.0,4141.83,53012100,1.1236,1.7897
BBNI.JK,2026-02-26,4500.0,4510.0,4420.0,4460.0,4105.02,53377800,-0.8889,2.0
BBNI.JK,2026-02-27,4460.0,4460.0,4400.0,4400.0,4049.79,83010300,-1.3453,1.3453
BBNI.JK,2026-03-02,4350.0,4380.0,4300.0,4300.0,3957.75,77493000,-2.2727,1.8391
BBNI.JK,2026-03-03,4310.0,4360.0,4300.0,4300.0,3957.75,34412500,0.0,1.3921
BBNI.JK,2026-03-04,4280.0,4290.0,4120.0,4150.0,3819.69,101732000,-3.4884,3.972
BBNI.JK,2026-03-05,4220.0,4320.0,4200.0,4280.0,3939.34,52177600,3.1325,2.8436
BBNI.JK,2026-03-06,4270.0,4300.0,4210.0,4270.0,3930.14,47786400,-0.2336,2.1077
BBNI.JK,2026-03-09,4150.0,4330.0,4130.0,4290.0,3948.55,102376100,0.4684,4.8193
BBNI.JK,2026-03-10,4350.0,4370.0,4250.0,4260.0,3920.93,66622300,-0.6993,2.7586
BBNI.JK,2026-03-11,4300.0,4330.0,4280.0,4290.0,3948.55,54719700,0.7042,1.1628
BBNI.JK,2026-03-12,4300.0,4350.0,4270.0,4280.0,3939.34,87013000,-0.2331,1.8605
BBNI.JK,2026-03-13,4290.0,4310.0,4220.0,4240.0,3902.53,99440600,-0.9346,2.0979
BBNI.JK,2026-03-16,4250.0,4340.0,4230.0,4320.0,3976.16,126138200,1.8868,2.5882
BBNI.JK,2026-03-17,4330.0,4390.0,4320.0,4390.0,4040.59,209818800,1.6204,1.6166
BBNI.JK,2026-03-25,4050.0,4090.0,3980.0,4040.0,4040.0,247976300,-7.9727,2.716
BBNI.JK,2026-03-26,4050.0,4060.0,3970.0,4000.0,4000.0,90175900,-0.9901,2.2222
BBNI.JK,2026-03-27,3980.0,3990.0,3900.0,3900.0,3900.0,76824500,-2.5,2.2613
BBNI.JK,2026-03-30,3860.0,3860.0,3780.0,3850.0,3850.0,82872100,-1.2821,2.0725
BBNI.JK,2026-03-31,3850.0,3880.0,3760.0,3760.0,3760.0,76852900,-2.3377,3.1169
BBNI.JK,2026-04-01,3830.0,3840.0,3720.0,3720.0,3720.0,88881000,-1.0638,3.1332
BBNI.JK,2026-04-02,3730.0,3750.0,3690.0,3700.0,3700.0,53750100,-0.5376,1.6086
BBNI.JK,2026-04-06,3700.0,3720.0,3630.0,3640.0,3640.0,45425200,-1.6216,2.4324
BBNI.JK,2026-04-07,3640.0,3660.0,3510.0,3510.0,3510.0,101448300,-3.5714,4.1209
BBNI.JK,2026-04-08,3650.0,3800.0,3630.0,3780.0,3780.0,112845200,7.6923,4.6575
BBNI.JK,2026-04-09,3760.0,3770.0,3680.0,3710.0,3710.0,55090400,-1.8519,2.3936
BBNI.JK,2026-04-10,3730.0,3820.0,3700.0,3730.0,3730.0,58848500,0.5391,3.2172
BBNI.JK,2026-04-13,3710.0,3710.0,3660.0,3680.0,3680.0,36975400,-1.3405,1.3477
BBNI.JK,2026-04-14,3740.0,3780.0,3710.0,3740.0,3740.0,51368500,1.6304,1.8717
BBNI.JK,2026-04-15,3770.0,3790.0,3660.0,3670.0,3670.0,57711000,-1.8717,3.4483
BBNI.JK,2026-04-16,3700.0,3700.0,3660.0,3700.0,3700.0,30456000,0.8174,1.0811
BBNI.JK,2026-04-17,3690.0,3740.0,3690.0,3710.0,3710.0,22706000,0.2703,1.355
BBNI.JK,2026-04-20,3710.0,3730.0,3660.0,3670.0,3670.0,36946800,-1.0782,1.8868
BBNI.JK,2026-04-21,3670.0,3730.0,3660.0,3730.0,3730.0,30514900,1.6349,1.9074
BBNI.JK,2026-04-22,3750.0,3840.0,3740.0,3830.0,3830.0,58900700,2.681,2.6667
BBNI.JK,2026-04-23,3850.0,3890.0,3820.0,3870.0,3870.0,56532500,1.0444,1.8182
BBNI.JK,2026-04-24,3850.0,3860.0,3720.0,3770.0,3770.0,53993700,-2.584,3.6364
BBNI.JK,2026-04-27,3790.0,3800.0,3720.0,3720.0,3720.0,27549200,-1.3263,2.1108
BBNI.JK,2026-04-28,3750.0,3790.0,3680.0,3790.0,3790.0,31602700,1.8817,2.9333
BBNI.JK,2026-04-29,3810.0,3840.0,3770.0,3800.0,3800.0,27956600,0.2639,1.8373
BBNI.JK,2026-04-30,3790.0,3800.0,3720.0,3720.0,3720.0,57549500,-2.1053,2.1108
BBNI.JK,2026-05-04,3780.0,3860.0,3760.0,3840.0,3840.0,39293500,3.2258,2.6455
BBNI.JK,2026-05-05,3840.0,3970.0,3810.0,3920.0,3920.0,52767900,2.0833,4.1667
BBNI.JK,2026-05-06,3920.0,3930.0,3800.0,3830.0,3830.0,41949100,-2.2959,3.3163
BBNI.JK,2026-05-07,3880.0,3990.0,3860.0,3980.0,3980.0,56083300,3.9164,3.3505
BBNI.JK,2026-05-08,3980.0,3990.0,3860.0,3860.0,3860.0,58943300,-3.0151,3.2663
BBNI.JK,2026-05-11,3890.0,3890.0,3800.0,3820.0,3820.0,31597700,-1.0363,2.3136
BBNI.JK,2026-05-12,3820.0,3910.0,3770.0,3910.0,3910.0,44682300,2.356,3.6649
BBNI.JK,2026-05-13,3890.0,3890.0,3820.0,3870.0,3870.0,24634300,-1.023,1.7995
BBNI.JK,2026-05-14,3870.0,3870.0,3870.0,3870.0,3870.0,0,0.0,0.0
BBNI.JK,2026-05-15,3870.0,3870.0,3870.0,3870.0,3870.0,0,0.0,0.0
BBNI.JK,2026-05-18,3830.0,3840.0,3730.0,3800.0,3800.0,37869300,-1.8088,2.8721
BBNI.JK,2026-05-19,3810.0,3880.0,3770.0,3810.0,3810.0,42431700,0.2632,2.8871
BBNI.JK,2026-05-20,3830.0,3880.0,3770.0,3800.0,3800.0,54487000,-0.2625,2.8721
BBNI.JK,2026-05-21,3810.0,3860.0,3780.0,3800.0,3800.0,29621700,0.0,2.0997
BBNI.JK,2026-05-22,3800.0,3810.0,3750.0,3780.0,3780.0,25045300,-0.5263,1.5789
BBNI.JK,2026-05-25,3810.0,3930.0,3800.0,3890.0,3890.0,56968300,2.9101,3.4121
BBNI.JK,2026-05-26,3890.0,3890.0,3810.0,3840.0,3840.0,25818200,-1.2853,2.0566
BBNI.JK,2026-05-27,3840.0,3840.0,3840.0,3840.0,3840.0,0,0.0,0.0
BBNI.JK,2026-05-28,3840.0,3840.0,3840.0,3840.0,3840.0,0,0.0,0.0
BBNI.JK,2026-05-29,3820.0,3850.0,3700.0,3700.0,3700.0,160150400,-3.6458,3.9267
BBNI.JK,2026-06-02,3760.0,3820.0,3710.0,3760.0,3760.0,50891200,1.6216,2.9255
BBNI.JK,2026-06-03,3770.0,3790.0,3560.0,3570.0,3570.0,60855300,-5.0532,6.1008
BBNI.JK,2026-06-04,3570.0,3580.0,3350.0,3420.0,3420.0,107483200,-4.2017,6.4426
BBNI.JK,2026-06-05,3400.0,3420.0,3210.0,3210.0,3210.0,87511600,-6.1404,6.1765
BBNI.JK,2026-06-08,3150.0,3190.0,3010.0,3010.0,3010.0,146586500,-6.2305,5.7143
BBNI.JK,2026-06-09,3000.0,3350.0,2990.0,3270.0,3270.0,182146000,8.6379,12.0
BBNI.JK,2026-06-10,3320.0,3560.0,3300.0,3450.0,3450.0,213541800,5.5046,7.8313
BBNI.JK,2026-06-11,3490.0,3620.0,3400.0,3500.0,3500.0,135430000,1.4493,6.3037
BBNI.JK,2026-06-12,3570.0,3650.0,3520.0,3560.0,3560.0,74824100,1.7143,3.6415
BBNI.JK,2026-06-15,3650.0,3830.0,3650.0,3800.0,3800.0,110833800,6.7416,4.9315
BBNI.JK,2026-06-17,3810.0,3920.0,3670.0,3800.0,3800.0,90260200,0.0,6.5617
BBNI.JK,2026-06-18,3780.0,3780.0,3660.0,3730.0,3730.0,70456300,-1.8421,3.1746
BBNI.JK,2026-06-19,3720.0,3760.0,3640.0,3670.0,3670.0,95367400,-1.6086,3.2258
BBNI.JK,2026-06-22,3720.0,3720.0,3490.0,3490.0,3490.0,56952800,-4.9046,6.1828
BBNI.JK,2026-06-23,3490.0,3490.0,3390.0,3430.0,3430.0,69805600,-1.7192,2.8653
BBNI.JK,2026-06-24,3430.0,3490.0,3290.0,3320.0,3320.0,102475500,-3.207,5.8309
BBNI.JK,2026-06-25,3320.0,3430.0,3300.0,3350.0,3350.0,51645300,0.9036,3.9157
BBNI.JK,2026-06-26,3330.0,3370.0,3230.0,3320.0,3320.0,75387100,-0.8955,4.2042
BBNI.JK,2026-06-29,3340.0,3350.0,3260.0,3260.0,3260.0,30133200,-1.8072,2.6946
BBNI.JK,2026-06-30,3250.0,3270.0,3160.0,3160.0,3160.0,68047800,-3.0675,3.3846
BBNI.JK,2026-07-01,3160.0,3180.0,3090.0,3100.0,3100.0,68356600,-1.8987,2.8481
BBNI.JK,2026-07-02,3110.0,3230.0,3110.0,3170.0,3170.0,56394800,2.2581,3.8585
BBNI.JK,2026-07-03,3210.0,3290.0,3210.0,3250.0,3250.0,28681500,2.5237,2.4922
TLKM.JK,2024-07-03,3040.0,3050.0,3020.0,3030.0,2597.01,51977100,,0.9868
TLKM.JK,2024-07-04,3000.0,3050.0,2960.0,2960.0,2537.01,93100500,-2.3102,3.0
TLKM.JK,2024-07-05,2970.0,3020.0,2960.0,3020.0,2588.44,69339200,2.027,2.0202
TLKM.JK,2024-07-08,3040.0,3090.0,3000.0,3080.0,2639.86,125004600,1.9868,2.9605
TLKM.JK,2024-07-09,3050.0,3120.0,3040.0,3080.0,2639.86,118245600,0.0,2.623
TLKM.JK,2024-07-10,3090.0,3180.0,3090.0,3160.0,2708.43,120007400,2.5974,2.9126
TLKM.JK,2024-07-11,3200.0,3200.0,3160.0,3180.0,2725.57,126490000,0.6329,1.25
TLKM.JK,2024-07-12,3230.0,3270.0,3210.0,3220.0,2759.86,135830300,1.2579,1.8576
TLKM.JK,2024-07-15,3220.0,3220.0,3130.0,3160.0,2708.43,100918500,-1.8634,2.795
TLKM.JK,2024-07-16,3180.0,3180.0,3090.0,3100.0,2657.0,78769700,-1.8987,2.8302
TLKM.JK,2024-07-17,3190.0,3270.0,3160.0,3250.0,2785.57,167149300,4.8387,3.4483
TLKM.JK,2024-07-18,3260.0,3280.0,3190.0,3210.0,2751.29,98903500,-1.2308,2.7607
TLKM.JK,2024-07-19,3200.0,3210.0,3120.0,3140.0,2691.29,138117200,-2.1807,2.8125
TLKM.JK,2024-07-22,3180.0,3210.0,3090.0,3100.0,2657.0,139383000,-1.2739,3.7736
TLKM.JK,2024-07-23,3140.0,3160.0,3100.0,3160.0,2708.43,74338000,1.9355,1.9108
TLKM.JK,2024-07-24,3140.0,3150.0,3040.0,3060.0,2622.72,98752100,-3.1646,3.5032
TLKM.JK,2024-07-25,3080.0,3090.0,3030.0,3090.0,2648.43,67060000,0.9804,1.9481
TLKM.JK,2024-07-26,3110.0,3110.0,3060.0,3100.0,2657.0,94900300,0.3236,1.6077
TLKM.JK,2024-07-29,3090.0,3120.0,3040.0,3050.0,2614.15,90885600,-1.6129,2.589
TLKM.JK,2024-07-30,3000.0,3000.0,2880.0,2880.0,2468.44,321472800,-5.5738,4.0
TLKM.JK,2024-07-31,2880.0,2920.0,2840.0,2880.0,2468.44,207440800,0.0,2.7778
TLKM.JK,2024-08-01,2890.0,2930.0,2880.0,2880.0,2468.44,121021800,0.0,1.7301
TLKM.JK,2024-08-02,2880.0,2880.0,2820.0,2850.0,2442.73,105816800,-1.0417,2.0833
TLKM.JK,2024-08-05,2820.0,2830.0,2760.0,2790.0,2391.3,105246400,-2.1053,2.4823
TLKM.JK,2024-08-06,2800.0,2840.0,2790.0,2790.0,2391.3,98524200,0.0,1.7857
TLKM.JK,2024-08-07,2800.0,2840.0,2790.0,2820.0,2417.02,77263000,1.0753,1.7857
TLKM.JK,2024-08-08,2800.0,2880.0,2800.0,2850.0,2442.73,99533000,1.0638,2.8571
TLKM.JK,2024-08-09,2860.0,2880.0,2830.0,2830.0,2425.59,80800300,-0.7018,1.7483
TLKM.JK,2024-08-12,2850.0,2910.0,2840.0,2870.0,2459.87,62746600,1.4134,2.4561
TLKM.JK,2024-08-13,2900.0,2900.0,2840.0,2850.0,2442.73,82063600,-0.6969,2.069
TLKM.JK,2024-08-14,2850.0,2890.0,2850.0,2860.0,2451.3,70188800,0.3509,1.4035
TLKM.JK,2024-08-15,2870.0,2880.0,2820.0,2870.0,2459.87,79724100,0.3497,2.0906
TLKM.JK,2024-08-16,2910.0,2990.0,2900.0,2960.0,2537.01,207060000,3.1359,3.0928
TLKM.JK,2024-08-19,2960.0,2970.0,2910.0,2930.0,2511.3,68692700,-1.0135,2.027
TLKM.JK,2024-08-20,2990.0,3000.0,2960.0,2980.0,2554.15,100434600,1.7065,1.3378
TLKM.JK,2024-08-21,2980.0,3010.0,2960.0,2970.0,2545.58,111842200,-0.3356,1.6779
TLKM.JK,2024-08-22,2940.0,2970.0,2920.0,2920.0,2502.73,90336300,-1.6835,1.7007
TLKM.JK,2024-08-23,2970.0,3010.0,2950.0,2950.0,2528.44,86092500,1.0274,2.0202
TLKM.JK,2024-08-26,2940.0,2990.0,2930.0,2980.0,2554.15,88941900,1.0169,2.0408
TLKM.JK,2024-08-27,2990.0,3000.0,2950.0,2990.0,2562.72,71223800,0.3356,1.6722
TLKM.JK,2024-08-28,3000.0,3000.0,2960.0,2980.0,2554.15,68736300,-0.3344,1.3333
TLKM.JK,2024-08-29,2980.0,3080.0,2980.0,3030.0,2597.01,160714800,1.6779,3.3557
TLKM.JK,2024-08-30,3030.0,3070.0,3010.0,3060.0,2622.72,195809000,0.9901,1.9802
TLKM.JK,2024-09-02,3090.0,3150.0,3080.0,3140.0,2691.29,118928500,2.6144,2.2654
TLKM.JK,2024-09-03,3140.0,3150.0,3080.0,3080.0,2639.86,82172000,-1.9108,2.2293
TLKM.JK,2024-09-04,3060.0,3100.0,3040.0,3080.0,2639.86,81041700,0.0,1.9608
TLKM.JK,2024-09-05,3080.0,3090.0,3020.0,3020.0,2588.44,78989400,-1.9481,2.2727
TLKM.JK,2024-09-06,3010.0,3050.0,3010.0,3040.0,2605.58,82391200,0.6623,1.3289
TLKM.JK,2024-09-09,3050.0,3080.0,3000.0,3030.0,2597.01,69264400,-0.3289,2.623
TLKM.JK,2024-09-10,3060.0,3060.0,3020.0,3030.0,2597.01,46436100,0.0,1.3072
TLKM.JK,2024-09-11,3030.0,3050.0,3020.0,3040.0,2605.58,62899600,0.33,0.9901
TLKM.JK,2024-09-12,3060.0,3070.0,3050.0,3050.0,2614.15,85785000,0.3289,0.6536
TLKM.JK,2024-09-13,3080.0,3120.0,3070.0,3110.0,2665.58,125032200,1.9672,1.6234
TLKM.JK,2024-09-17,3120.0,3130.0,3080.0,3090.0,2648.43,56181000,-0.6431,1.6026
TLKM.JK,2024-09-18,3120.0,3130.0,3100.0,3120.0,2674.15,87120700,0.9709,0.9615
TLKM.JK,2024-09-19,3140.0,3150.0,3120.0,3140.0,2691.29,130418300,0.641,0.9554
TLKM.JK,2024-09-20,3150.0,3170.0,3120.0,3150.0,2699.86,152477400,0.3185,1.5873
TLKM.JK,2024-09-23,3150.0,3180.0,3130.0,3170.0,2717.0,82274400,0.6349,1.5873
TLKM.JK,2024-09-24,3180.0,3180.0,3150.0,3160.0,2708.43,92256900,-0.3155,0.9434
TLKM.JK,2024-09-25,3100.0,3190.0,3060.0,3190.0,2734.14,215241700,0.9494,4.1935
TLKM.JK,2024-09-26,3170.0,3180.0,3120.0,3170.0,2717.0,120042500,-0.627,1.8927
TLKM.JK,2024-09-27,3130.0,3140.0,3010.0,3050.0,2614.15,291217300,-3.7855,4.1534
TLKM.JK,2024-09-30,3030.0,3030.0,2990.0,2990.0,2562.72,150844800,-1.9672,1.3201
TLKM.JK,2024-10-01,2990.0,3040.0,2990.0,3020.0,2588.44,77208500,1.0033,1.6722
TLKM.JK,2024-10-02,2950.0,2980.0,2920.0,2920.0,2502.73,124629400,-3.3113,2.0339
TLKM.JK,2024-10-03,2950.0,2950.0,2890.0,2890.0,2477.01,92510900,-1.0274,2.0339
TLKM.JK,2024-10-04,2900.0,2930.0,2860.0,2880.0,2468.44,76757200,-0.346,2.4138
TLKM.JK,2024-10-07,2910.0,2910.0,2870.0,2900.0,2485.59,84507100,0.6944,1.3746
TLKM.JK,2024-10-08,2890.0,2990.0,2870.0,2990.0,2562.72,135357200,3.1034,4.1522
TLKM.JK,2024-10-09,2980.0,3010.0,2960.0,2960.0,2537.01,69435900,-1.0033,1.6779
TLKM.JK,2024-10-10,2960.0,2980.0,2940.0,2950.0,2528.44,57867000,-0.3378,1.3514
TLKM.JK,2024-10-11,3000.0,3000.0,2920.0,2940.0,2519.87,40454300,-0.339,2.6667
TLKM.JK,2024-10-14,2930.0,2970.0,2900.0,2900.0,2485.59,66631500,-1.3605,2.3891
TLKM.JK,2024-10-15,2920.0,2970.0,2910.0,2940.0,2519.87,74529600,1.3793,2.0548
TLKM.JK,2024-10-16,2970.0,3000.0,2930.0,3000.0,2571.29,163988000,2.0408,2.3569
TLKM.JK,2024-10-17,3000.0,3060.0,2980.0,3040.0,2605.58,107040100,1.3333,2.6667
TLKM.JK,2024-10-18,3050.0,3130.0,3040.0,3100.0,2657.0,138783600,1.9737,2.9508
TLKM.JK,2024-10-21,3100.0,3130.0,3060.0,3100.0,2657.0,92240300,0.0,2.2581
TLKM.JK,2024-10-22,3060.0,3070.0,3010.0,3010.0,2579.87,93662500,-2.9032,1.9608
TLKM.JK,2024-10-23,2940.0,2980.0,2930.0,2940.0,2519.87,99423700,-2.3256,1.7007
TLKM.JK,2024-10-24,2940.0,2960.0,2900.0,2900.0,2485.59,72559000,-1.3605,2.0408
TLKM.JK,2024-10-25,2900.0,2950.0,2900.0,2910.0,2494.16,50694200,0.3448,1.7241
TLKM.JK,2024-10-28,2920.0,2940.0,2900.0,2920.0,2502.73,38720700,0.3436,1.3699
TLKM.JK,2024-10-29,2910.0,2930.0,2880.0,2900.0,2485.59,67727500,-0.6849,1.7182
TLKM.JK,2024-10-30,2880.0,2900.0,2850.0,2900.0,2485.59,123573100,0.0,1.7361
TLKM.JK,2024-10-31,2860.0,2870.0,2820.0,2820.0,2417.02,139590300,-2.7586,1.7483
TLKM.JK,2024-11-01,2820.0,2840.0,2760.0,2780.0,2382.73,99364500,-1.4184,2.8369
TLKM.JK,2024-11-04,2780.0,2810.0,2750.0,2800.0,2399.88,63112300,0.7194,2.1583
TLKM.JK,2024-11-05,2800.0,2810.0,2730.0,2770.0,2374.16,96721100,-1.0714,2.8571
TLKM.JK,2024-11-06,2780.0,2800.0,2740.0,2740.0,2348.45,66808900,-1.083,2.1583
TLKM.JK,2024-11-07,2760.0,2790.0,2740.0,2760.0,2365.59,79485800,0.7299,1.8116
TLKM.JK,2024-11-08,2760.0,2780.0,2750.0,2750.0,2357.02,66113200,-0.3623,1.087
TLKM.JK,2024-11-11,2720.0,2730.0,2650.0,2690.0,2305.59,108153500,-2.1818,2.9412
TLKM.JK,2024-11-12,2660.0,2670.0,2600.0,2600.0,2228.46,215910600,-3.3457,2.6316
TLKM.JK,2024-11-13,2610.0,2630.0,2570.0,2580.0,2211.31,142812600,-0.7692,2.2989
TLKM.JK,2024-11-14,2550.0,2590.0,2530.0,2530.0,2168.46,185269500,-1.938,2.3529
TLKM.JK,2024-11-15,2500.0,2580.0,2500.0,2540.0,2177.03,103680400,0.3953,3.2
TLKM.JK,2024-11-18,2540.0,2610.0,2520.0,2590.0,2219.88,119481300,1.9685,3.5433
TLKM.JK,2024-11-19,2610.0,2850.0,2590.0,2780.0,2382.73,275670300,7.3359,9.9617
TLKM.JK,2024-11-20,2740.0,2750.0,2640.0,2680.0,2297.02,150242900,-3.5971,4.0146
TLKM.JK,2024-11-21,2680.0,2810.0,2680.0,2770.0,2374.16,128294600,3.3582,4.8507
TLKM.JK,2024-11-22,2750.0,2790.0,2720.0,2750.0,2357.02,135265300,-0.722,2.5455
TLKM.JK,2024-11-25,2740.0,2780.0,2720.0,2740.0,2348.45,358617100,-0.3636,2.1898
TLKM.JK,2024-11-26,2770.0,2800.0,2680.0,2710.0,2322.74,106721000,-1.0949,4.3321
TLKM.JK,2024-11-28,2680.0,2750.0,2680.0,2720.0,2331.31,102808400,0.369,2.6119
TLKM.JK,2024-11-29,2700.0,2760.0,2700.0,2710.0,2322.74,103162000,-0.3676,2.2222
TLKM.JK,2024-12-02,2720.0,2730.0,2680.0,2680.0,2297.02,66025900,-1.107,1.8382
TLKM.JK,2024-12-03,2760.0,2830.0,2710.0,2820.0,2417.02,167603900,5.2239,4.3478
TLKM.JK,2024-12-04,2820.0,2850.0,2800.0,2840.0,2434.16,83412800,0.7092,1.773
TLKM.JK,2024-12-05,2840.0,2840.0,2730.0,2770.0,2374.16,96025400,-2.4648,3.8732
TLKM.JK,2024-12-06,2740.0,2780.0,2740.0,2760.0,2365.59,48179800,-0.361,1.4599
TLKM.JK,2024-12-09,2760.0,2770.0,2730.0,2740.0,2348.45,63671900,-0.7246,1.4493
TLKM.JK,2024-12-10,2770.0,2830.0,2750.0,2770.0,2374.16,124138200,1.0949,2.8881
TLKM.JK,2024-12-11,2770.0,2880.0,2770.0,2860.0,2451.3,140611400,3.2491,3.9711
TLKM.JK,2024-12-12,2830.0,2850.0,2780.0,2820.0,2417.02,66977700,-1.3986,2.4735
TLKM.JK,2024-12-13,2770.0,2790.0,2750.0,2790.0,2391.3,77540100,-1.0638,1.444
TLKM.JK,2024-12-16,2760.0,2760.0,2650.0,2660.0,2279.88,147655600,-4.6595,3.9855
TLKM.JK,2024-12-17,2630.0,2650.0,2600.0,2620.0,2245.6,113785500,-1.5038,1.9011
TLKM.JK,2024-12-18,2620.0,2660.0,2570.0,2570.0,2202.74,79565300,-1.9084,3.4351
TLKM.JK,2024-12-19,2510.0,2560.0,2500.0,2530.0,2168.46,123504200,-1.5564,2.3904
TLKM.JK,2024-12-20,2530.0,2570.0,2520.0,2550.0,2185.6,110308800,0.7905,1.9763
TLKM.JK,2024-12-23,2580.0,2670.0,2580.0,2650.0,2271.31,72113700,3.9216,3.4884
TLKM.JK,2024-12-24,2680.0,2750.0,2620.0,2740.0,2348.45,117582400,3.3962,4.8507
TLKM.JK,2024-12-27,2770.0,2800.0,2710.0,2750.0,2357.02,92727600,0.365,3.2491
TLKM.JK,2024-12-30,2720.0,2760.0,2700.0,2710.0,2322.74,74279200,-1.4545,2.2059
TLKM.JK,2025-01-02,2710.0,2740.0,2680.0,2700.0,2314.17,38776700,-0.369,2.214
TLKM.JK,2025-01-03,2740.0,2770.0,2730.0,2750.0,2357.02,49907500,1.8519,1.4599
TLKM.JK,2025-01-06,2760.0,2770.0,2660.0,2690.0,2305.59,54087800,-2.1818,3.9855
TLKM.JK,2025-01-07,2670.0,2680.0,2570.0,2570.0,2202.74,109758000,-4.461,4.1199
TLKM.JK,2025-01-08,2590.0,2700.0,2590.0,2650.0,2271.31,100688500,3.1128,4.2471
TLKM.JK,2025-01-09,2690.0,2700.0,2620.0,2620.0,2245.6,55206700,-1.1321,2.974
TLKM.JK,2025-01-10,2640.0,2690.0,2630.0,2680.0,2297.02,54496800,2.2901,2.2727
TLKM.JK,2025-01-13,2670.0,2740.0,2650.0,2670.0,2288.45,90816500,-0.3731,3.3708
TLKM.JK,2025-01-14,2670.0,2690.0,2610.0,2620.0,2245.6,53116800,-1.8727,2.9963
TLKM.JK,2025-01-15,2640.0,2670.0,2620.0,2630.0,2254.17,52867900,0.3817,1.8939
TLKM.JK,2025-01-16,2660.0,2660.0,2590.0,2590.0,2219.88,118890200,-1.5209,2.6316
TLKM.JK,2025-01-17,2630.0,2680.0,2610.0,2660.0,2279.88,107245400,2.7027,2.6616
TLKM.JK,2025-01-20,2670.0,2690.0,2610.0,2610.0,2237.03,49752300,-1.8797,2.9963
TLKM.JK,2025-01-21,2630.0,2660.0,2600.0,2630.0,2254.17,86549000,0.7663,2.2814
TLKM.JK,2025-01-22,2680.0,2750.0,2650.0,2730.0,2339.88,128617700,3.8023,3.7313
TLKM.JK,2025-01-23,2730.0,2750.0,2710.0,2710.0,2322.74,63216100,-0.7326,1.4652
TLKM.JK,2025-01-24,2740.0,2750.0,2690.0,2690.0,2305.59,49844700,-0.738,2.1898
TLKM.JK,2025-01-30,2690.0,2710.0,2610.0,2640.0,2262.74,89736900,-1.8587,3.7175
TLKM.JK,2025-01-31,2660.0,2710.0,2660.0,2660.0,2279.88,83736900,0.7576,1.8797
TLKM.JK,2025-02-03,2620.0,2630.0,2560.0,2630.0,2254.17,91801900,-1.1278,2.6718
TLKM.JK,2025-02-04,2640.0,2660.0,2590.0,2640.0,2262.74,95311100,0.3802,2.6515
TLKM.JK,2025-02-05,2600.0,2640.0,2590.0,2620.0,2245.6,110400300,-0.7576,1.9231
TLKM.JK,2025-02-06,2630.0,2630.0,2520.0,2560.0,2194.17,90471900,-2.2901,4.1825
TLKM.JK,2025-02-07,2550.0,2590.0,2510.0,2590.0,2219.88,105020200,1.1719,3.1373
TLKM.JK,2025-02-10,2520.0,2550.0,2440.0,2440.0,2091.32,153328500,-5.7915,4.3651
TLKM.JK,2025-02-11,2430.0,2450.0,2300.0,2320.0,1988.47,254907800,-4.918,6.1728
TLKM.JK,2025-02-12,2360.0,2480.0,2350.0,2480.0,2125.6,173407600,6.8966,5.5085
TLKM.JK,2025-02-13,2370.0,2420.0,2310.0,2420.0,2074.18,219425500,-2.4194,4.6414
TLKM.JK,2025-02-14,2460.0,2530.0,2440.0,2530.0,2168.46,156474300,4.5455,3.6585
TLKM.JK,2025-02-17,2570.0,2650.0,2530.0,2650.0,2271.31,113998200,4.7431,4.6693
TLKM.JK,2025-02-18,2660.0,2710.0,2630.0,2680.0,2297.02,115881200,1.1321,3.0075
TLKM.JK,2025-02-19,2680.0,2690.0,2600.0,2670.0,2288.45,119388200,-0.3731,3.3582
TLKM.JK,2025-02-20,2650.0,2680.0,2620.0,2670.0,2288.45,90411700,0.0,2.2642
TLKM.JK,2025-02-21,2670.0,2680.0,2630.0,2650.0,2271.31,75110600,-0.7491,1.8727
TLKM.JK,2025-02-24,2630.0,2640.0,2570.0,2600.0,2228.46,42327600,-1.8868,2.6616
TLKM.JK,2025-02-25,2560.0,2580.0,2460.0,2460.0,2108.46,111687700,-5.3846,4.6875
TLKM.JK,2025-02-26,2500.0,2520.0,2460.0,2520.0,2159.89,65752000,2.439,2.4
TLKM.JK,2025-02-27,2520.0,2560.0,2430.0,2490.0,2134.17,88741400,-1.1905,5.1587
TLKM.JK,2025-02-28,2470.0,2470.0,2350.0,2350.0,2014.18,249795300,-5.6225,4.8583
TLKM.JK,2025-03-03,2400.0,2420.0,2370.0,2400.0,2057.04,178833400,2.1277,2.0833
TLKM.JK,2025-03-04,2400.0,2440.0,2350.0,2380.0,2039.89,131347800,-0.8333,3.75
TLKM.JK,2025-03-05,2420.0,2470.0,2410.0,2450.0,2099.89,167407400,2.9412,2.4793
TLKM.JK,2025-03-06,2490.0,2510.0,2400.0,2400.0,2057.04,131136100,-2.0408,4.4177
TLKM.JK,2025-03-07,2430.0,2470.0,2350.0,2410.0,2065.61,182407000,0.4167,4.9383
TLKM.JK,2025-03-10,2430.0,2430.0,2370.0,2390.0,2048.46,88949400,-0.8299,2.4691
TLKM.JK,2025-03-11,2380.0,2390.0,2350.0,2370.0,2031.32,102235600,-0.8368,1.6807
TLKM.JK,2025-03-12,2410.0,2490.0,2400.0,2450.0,2099.89,98938700,3.3755,3.7344
TLKM.JK,2025-03-13,2470.0,2490.0,2420.0,2430.0,2082.75,66706500,-0.8163,2.834
TLKM.JK,2025-03-14,2450.0,2480.0,2410.0,2420.0,2074.18,107627100,-0.4115,2.8571
TLKM.JK,2025-03-17,2420.0,2450.0,2410.0,2420.0,2074.18,58129400,0.0,1.6529
TLKM.JK,2025-03-18,2450.0,2470.0,2300.0,2420.0,2074.18,139758600,0.0,6.9388
TLKM.JK,2025-03-19,2420.0,2440.0,2380.0,2430.0,2082.75,96825800,0.4132,2.4793
TLKM.JK,2025-03-20,2440.0,2440.0,2350.0,2390.0,2048.46,94823100,-1.6461,3.6885
TLKM.JK,2025-03-21,2370.0,2380.0,2300.0,2310.0,1979.9,204534000,-3.3473,3.3755
TLKM.JK,2025-03-24,2320.0,2360.0,2240.0,2330.0,1997.04,105865000,0.8658,5.1724
TLKM.JK,2025-03-25,2340.0,2360.0,2300.0,2340.0,2005.61,107964200,0.4292,2.5641
TLKM.JK,2025-03-26,2360.0,2460.0,2350.0,2440.0,2091.32,215856700,4.2735,4.661
TLKM.JK,2025-03-27,2430.0,2430.0,2390.0,2410.0,2065.61,120411200,-1.2295,1.6461
TLKM.JK,2025-04-08,2050.0,2300.0,2050.0,2290.0,1962.76,409973200,-4.9793,12.1951
TLKM.JK,2025-04-09,2440.0,2440.0,2300.0,2320.0,1988.47,120363300,1.31,5.7377
TLKM.JK,2025-04-10,2450.0,2470.0,2320.0,2350.0,2014.18,139327100,1.2931,6.1224
TLKM.JK,2025-04-11,2320.0,2350.0,2300.0,2330.0,1997.04,60214100,-0.8511,2.1552
TLKM.JK,2025-04-14,2320.0,2430.0,2310.0,2430.0,2082.75,116968600,4.2918,5.1724
TLKM.JK,2025-04-15,2460.0,2470.0,2420.0,2450.0,2099.89,99064500,0.823,2.0325
TLKM.JK,2025-04-16,2490.0,2510.0,2450.0,2480.0,2125.6,121853000,1.2245,2.4096
TLKM.JK,2025-04-17,2500.0,2660.0,2490.0,2550.0,2185.6,195577900,2.8226,6.8
TLKM.JK,2025-04-21,2600.0,2610.0,2510.0,2570.0,2202.74,84209300,0.7843,3.8462
TLKM.JK,2025-04-22,2570.0,2570.0,2520.0,2550.0,2185.6,44958000,-0.7782,1.9455
TLKM.JK,2025-04-23,2580.0,2640.0,2570.0,2630.0,2254.17,128704200,3.1373,2.7132
TLKM.JK,2025-04-24,2630.0,2650.0,2600.0,2630.0,2254.17,75733400,0.0,1.9011
TLKM.JK,2025-04-25,2630.0,2650.0,2570.0,2600.0,2228.46,93439600,-1.1407,3.0418
TLKM.JK,2025-04-28,2600.0,2610.0,2560.0,2560.0,2194.17,51086400,-1.5385,1.9231
TLKM.JK,2025-04-29,2570.0,2600.0,2560.0,2590.0,2219.88,56546100,1.1719,1.5564
TLKM.JK,2025-04-30,2600.0,2640.0,2600.0,2640.0,2262.74,96333300,1.9305,1.5385
TLKM.JK,2025-05-02,2640.0,2720.0,2620.0,2680.0,2297.02,132357600,1.5152,3.7879
TLKM.JK,2025-05-05,2710.0,2710.0,2670.0,2700.0,2314.17,85592500,0.7463,1.476
TLKM.JK,2025-05-06,2720.0,2730.0,2680.0,2680.0,2297.02,76948300,-0.7407,1.8382
TLKM.JK,2025-05-07,2680.0,2690.0,2620.0,2620.0,2245.6,100293700,-2.2388,2.6119
TLKM.JK,2025-05-08,2630.0,2640.0,2570.0,2570.0,2202.74,122965300,-1.9084,2.6616
TLKM.JK,2025-05-09,2570.0,2630.0,2570.0,2600.0,2228.46,59433500,1.1673,2.3346
TLKM.JK,2025-05-14,2530.0,2620.0,2530.0,2590.0,2219.88,132760900,-0.3846,3.5573
TLKM.JK,2025-05-15,2580.0,2690.0,2580.0,2660.0,2279.88,120039700,2.7027,4.2636
TLKM.JK,2025-05-16,2710.0,2750.0,2680.0,2740.0,2348.45,101569600,3.0075,2.583
TLKM.JK,2025-05-19,2760.0,2860.0,2740.0,2820.0,2417.02,164194700,2.9197,4.3478
TLKM.JK,2025-05-20,2830.0,2840.0,2740.0,2740.0,2348.45,129805200,-2.8369,3.5336
TLKM.JK,2025-05-21,2710.0,2780.0,2690.0,2750.0,2357.02,120242100,0.365,3.321
TLKM.JK,2025-05-22,2750.0,2850.0,2750.0,2800.0,2399.88,131277300,1.8182,3.6364
TLKM.JK,2025-05-23,2710.0,2720.0,2690.0,2690.0,2305.59,141199500,-3.9286,1.107
TLKM.JK,2025-05-26,2720.0,2820.0,2700.0,2800.0,2399.88,186806300,4.0892,4.4118
TLKM.JK,2025-05-27,2840.0,2880.0,2790.0,2830.0,2425.59,279180500,1.0714,3.169
TLKM.JK,2025-05-28,2860.0,2870.0,2800.0,2820.0,2417.02,531309500,-0.3534,2.4476
TLKM.JK,2025-06-02,2780.0,2820.0,2750.0,2780.0,2382.73,211393400,-1.4184,2.518
TLKM.JK,2025-06-03,2780.0,2830.0,2730.0,2800.0,2399.88,142896600,0.7194,3.5971
TLKM.JK,2025-06-04,2810.0,2860.0,2810.0,2820.0,2417.02,125006700,0.7143,1.7794
TLKM.JK,2025-06-05,2850.0,2850.0,2820.0,2840.0,2434.16,95008500,0.7092,1.0526
TLKM.JK,2025-06-10,2920.0,2920.0,2880.0,2910.0,2494.16,213564000,2.4648,1.3699
TLKM.JK,2025-06-11,2750.0,2810.0,2730.0,2800.0,2588.9,200609800,-3.7801,2.9091
TLKM.JK,2025-06-12,2830.0,2830.0,2750.0,2780.0,2570.41,97099100,-0.7143,2.8269
TLKM.JK,2025-06-13,2770.0,2770.0,2720.0,2740.0,2533.42,81111300,-1.4388,1.8051
TLKM.JK,2025-06-16,2740.0,2770.0,2730.0,2740.0,2533.42,46641000,0.0,1.4599
TLKM.JK,2025-06-17,2800.0,2800.0,2760.0,2760.0,2551.91,59643500,0.7299,1.4286
TLKM.JK,2025-06-18,2770.0,2800.0,2760.0,2770.0,2561.16,70757600,0.3623,1.444
TLKM.JK,2025-06-19,2740.0,2780.0,2630.0,2690.0,2487.19,98911200,-2.8881,5.4745
TLKM.JK,2025-06-20,2700.0,2710.0,2640.0,2640.0,2440.96,243027500,-1.8587,2.5926
TLKM.JK,2025-06-23,2610.0,2610.0,2560.0,2580.0,2385.48,73554200,-2.2727,1.9157
TLKM.JK,2025-06-24,2600.0,2670.0,2580.0,2590.0,2394.73,107300200,0.3876,3.4615
TLKM.JK,2025-06-25,2650.0,2650.0,2560.0,2620.0,2422.47,79958900,1.1583,3.3962
TLKM.JK,2025-06-26,2620.0,2710.0,2590.0,2710.0,2505.68,132868200,3.4351,4.5802
TLKM.JK,2025-06-30,2780.0,2790.0,2730.0,2780.0,2570.41,124299500,2.583,2.1583
TLKM.JK,2025-07-01,2800.0,2810.0,2760.0,2810.0,2598.14,73006700,1.0791,1.7857
TLKM.JK,2025-07-02,2820.0,2820.0,2730.0,2780.0,2570.41,92321600,-1.0676,3.1915
TLKM.JK,2025-07-03,2780.0,2810.0,2690.0,2710.0,2505.68,69094400,-2.518,4.3165
TLKM.JK,2025-07-04,2710.0,2720.0,2620.0,2630.0,2431.71,53587300,-2.952,3.69
TLKM.JK,2025-07-07,2630.0,2700.0,2610.0,2700.0,2496.44,33446600,2.6616,3.4221
TLKM.JK,2025-07-08,2680.0,2700.0,2640.0,2650.0,2450.21,45926000,-1.8519,2.2388
TLKM.JK,2025-07-09,2650.0,2680.0,2640.0,2670.0,2468.7,44897100,0.7547,1.5094
TLKM.JK,2025-07-10,2690.0,2710.0,2650.0,2690.0,2487.19,41108700,0.7491,2.2305
TLKM.JK,2025-07-11,2710.0,2730.0,2690.0,2730.0,2524.17,47851300,1.487,1.476
TLKM.JK,2025-07-14,2700.0,2710.0,2640.0,2690.0,2487.19,60458400,-1.4652,2.5926
TLKM.JK,2025-07-15,2690.0,2690.0,2640.0,2640.0,2440.96,35309100,-1.8587,1.8587
TLKM.JK,2025-07-16,2660.0,2680.0,2650.0,2650.0,2450.21,43385900,0.3788,1.1278
TLKM.JK,2025-07-17,2700.0,2770.0,2660.0,2770.0,2561.16,102642100,4.5283,4.0741
TLKM.JK,2025-07-18,2800.0,2800.0,2750.0,2770.0,2561.16,83762800,0.0,1.7857
TLKM.JK,2025-07-21,2800.0,2800.0,2750.0,2800.0,2588.9,52553200,1.083,1.7857
TLKM.JK,2025-07-22,2800.0,2850.0,2800.0,2850.0,2635.13,108243300,1.7857,1.7857
TLKM.JK,2025-07-23,2870.0,2870.0,2840.0,2850.0,2635.13,86077600,0.0,1.0453
TLKM.JK,2025-07-24,2860.0,2870.0,2800.0,2840.0,2625.88,74224200,-0.3509,2.4476
TLKM.JK,2025-07-25,2810.0,2830.0,2780.0,2820.0,2607.39,41296200,-0.7042,1.7794
TLKM.JK,2025-07-28,2870.0,2870.0,2830.0,2860.0,2644.37,40193800,1.4184,1.3937
TLKM.JK,2025-07-29,2870.0,2880.0,2840.0,2880.0,2662.87,46357400,0.6993,1.3937
TLKM.JK,2025-07-30,2890.0,2890.0,2850.0,2880.0,2662.87,99062400,0.0,1.3841
TLKM.JK,2025-07-31,2890.0,2930.0,2860.0,2880.0,2662.87,201065700,0.0,2.4221
TLKM.JK,2025-08-01,2960.0,2990.0,2910.0,2980.0,2755.33,130977000,3.4722,2.7027
TLKM.JK,2025-08-04,3000.0,3030.0,2990.0,3030.0,2801.56,96385300,1.6779,1.3333
TLKM.JK,2025-08-05,3050.0,3050.0,2990.0,3030.0,2801.56,99396900,0.0,1.9672
TLKM.JK,2025-08-06,3000.0,3010.0,2960.0,2990.0,2764.57,86215200,-1.3201,1.6667
TLKM.JK,2025-08-07,2990.0,2990.0,2930.0,2950.0,2727.59,46506200,-1.3378,2.0067
TLKM.JK,2025-08-08,2950.0,2960.0,2930.0,2940.0,2718.34,46945800,-0.339,1.0169
TLKM.JK,2025-08-11,2990.0,3010.0,2970.0,2990.0,2764.57,74978300,1.7007,1.3378
TLKM.JK,2025-08-12,3050.0,3200.0,3010.0,3180.0,2940.25,217607800,6.3545,6.2295
TLKM.JK,2025-08-13,3220.0,3420.0,3210.0,3360.0,3106.68,465722400,5.6604,6.5217
TLKM.JK,2025-08-14,3370.0,3490.0,3370.0,3420.0,3162.15,232557200,1.7857,3.5608
TLKM.JK,2025-08-15,3360.0,3410.0,3310.0,3310.0,3060.45,182893900,-3.2164,2.9762
TLKM.JK,2025-08-19,3260.0,3330.0,3240.0,3250.0,3004.97,164921000,-1.8127,2.7607
TLKM.JK,2025-08-20,3220.0,3290.0,3220.0,3220.0,2977.23,80084600,-0.9231,2.1739
TLKM.JK,2025-08-21,3210.0,3270.0,3210.0,3250.0,3004.97,63861900,0.9317,1.8692
TLKM.JK,2025-08-22,3270.0,3290.0,3220.0,3240.0,2995.72,61351700,-0.3077,2.1407
TLKM.JK,2025-08-25,3280.0,3350.0,3250.0,3310.0,3060.45,93221500,2.1605,3.0488
TLKM.JK,2025-08-26,3310.0,3320.0,3230.0,3260.0,3014.22,227364800,-1.5106,2.719
TLKM.JK,2025-08-27,3200.0,3250.0,3100.0,3170.0,2931.0,118158900,-2.7607,4.6875
TLKM.JK,2025-08-28,3160.0,3220.0,3150.0,3180.0,2940.25,55940600,0.3155,2.2152
TLKM.JK,2025-08-29,3180.0,3210.0,3100.0,3130.0,2894.02,72585500,-1.5723,3.4591
TLKM.JK,2025-09-01,3080.0,3110.0,2960.0,3110.0,2875.53,130027900,-0.639,4.8701
TLKM.JK,2025-09-02,3120.0,3140.0,3050.0,3070.0,2838.54,64402900,-1.2862,2.8846
TLKM.JK,2025-09-03,3080.0,3170.0,3070.0,3110.0,2875.53,113875700,1.3029,3.2468
TLKM.JK,2025-09-04,3090.0,3170.0,3090.0,3150.0,2912.51,37223800,1.2862,2.589
TLKM.JK,2025-09-08,3300.0,3300.0,3090.0,3090.0,2857.03,93725000,-1.9048,6.3636
TLKM.JK,2025-09-09,3100.0,3130.0,3000.0,3050.0,2820.05,104463400,-1.2945,4.1935
TLKM.JK,2025-09-10,3070.0,3180.0,3050.0,3150.0,2912.51,49840200,3.2787,4.2345
TLKM.JK,2025-09-11,3180.0,3190.0,3070.0,3080.0,2847.79,71919900,-2.2222,3.7736
TLKM.JK,2025-09-12,3090.0,3110.0,3050.0,3100.0,2866.28,61521400,0.6494,1.9417
TLKM.JK,2025-09-15,3150.0,3260.0,3130.0,3260.0,3014.22,115361300,5.1613,4.127
TLKM.JK,2025-09-16,3300.0,3300.0,3260.0,3300.0,3051.2,80642900,1.227,1.2121
TLKM.JK,2025-09-17,3300.0,3340.0,3210.0,3340.0,3088.18,73539700,1.2121,3.9394
TLKM.JK,2025-09-18,3400.0,3400.0,3230.0,3250.0,3004.97,99501600,-2.6946,5.0
TLKM.JK,2025-09-19,3210.0,3300.0,3160.0,3230.0,2986.48,113834400,-0.6154,4.3614
TLKM.JK,2025-09-22,3300.0,3300.0,3190.0,3220.0,2977.23,53704700,-0.3096,3.3333
TLKM.JK,2025-09-23,3240.0,3260.0,3130.0,3190.0,2949.49,40100300,-0.9317,4.0123
TLKM.JK,2025-09-24,3190.0,3190.0,3150.0,3160.0,2921.76,37086500,-0.9404,1.2539
TLKM.JK,2025-09-25,3160.0,3200.0,3110.0,3120.0,2884.77,37627500,-1.2658,2.8481
TLKM.JK,2025-09-26,3100.0,3160.0,3090.0,3110.0,2875.53,66789300,-0.3205,2.2581
TLKM.JK,2025-09-29,3110.0,3130.0,3050.0,3080.0,2847.79,85911300,-0.9646,2.5723
TLKM.JK,2025-09-30,3090.0,3140.0,3060.0,3060.0,2829.29,117025800,-0.6494,2.589
TLKM.JK,2025-10-01,3060.0,3100.0,3060.0,3060.0,2829.29,59779700,0.0,1.3072
TLKM.JK,2025-10-02,3070.0,3200.0,3060.0,3130.0,2894.02,113431700,2.2876,4.5603
TLKM.JK,2025-10-03,3110.0,3130.0,3050.0,3070.0,2838.54,59116700,-1.9169,2.5723
TLKM.JK,2025-10-06,3080.0,3090.0,2960.0,3010.0,2783.06,59707600,-1.9544,4.2208
TLKM.JK,2025-10-07,3030.0,3050.0,3000.0,3010.0,2783.06,30353000,0.0,1.6502
TLKM.JK,2025-10-08,3030.0,3040.0,2940.0,2990.0,2764.57,66090700,-0.6645,3.3003
TLKM.JK,2025-10-09,2950.0,3020.0,2950.0,3010.0,2783.06,54769300,0.6689,2.3729
TLKM.JK,2025-10-10,3030.0,3080.0,3000.0,3040.0,2810.8,62254500,0.9967,2.6403
TLKM.JK,2025-10-13,3020.0,3070.0,2980.0,3020.0,2792.31,46978500,-0.6579,2.9801
TLKM.JK,2025-10-14,3050.0,3070.0,2960.0,2960.0,2736.83,38518800,-1.9868,3.6066
TLKM.JK,2025-10-15,3000.0,3090.0,2950.0,3080.0,2847.79,67503700,4.0541,4.6667
TLKM.JK,2025-10-16,2970.0,3020.0,2900.0,2950.0,2727.59,103687000,-4.2208,4.0404
TLKM.JK,2025-10-17,2950.0,2960.0,2850.0,2880.0,2662.87,82482200,-2.3729,3.7288
TLKM.JK,2025-10-20,2930.0,2970.0,2900.0,2940.0,2718.34,96029300,2.0833,2.3891
TLKM.JK,2025-10-21,2970.0,3290.0,2970.0,3280.0,3032.71,223104600,11.5646,10.7744
TLKM.JK,2025-10-22,3220.0,3220.0,3120.0,3150.0,2912.51,128796800,-3.9634,3.1056
TLKM.JK,2025-10-23,3180.0,3400.0,3170.0,3360.0,3106.68,218967200,6.6667,7.2327
TLKM.JK,2025-10-24,3370.0,3440.0,3290.0,3290.0,3041.95,115104000,-2.0833,4.451
TLKM.JK,2025-10-27,3320.0,3360.0,3280.0,3330.0,3078.94,105683900,1.2158,2.4096
TLKM.JK,2025-10-28,3330.0,3480.0,3270.0,3400.0,3143.66,143082100,2.1021,6.3063
TLKM.JK,2025-10-29,3390.0,3390.0,3270.0,3290.0,3041.95,93073800,-3.2353,3.5398
TLKM.JK,2025-10-30,3290.0,3310.0,3200.0,3250.0,3004.97,83523100,-1.2158,3.3435
TLKM.JK,2025-10-31,3200.0,3250.0,3150.0,3210.0,2967.99,126790400,-1.2308,3.125
TLKM.JK,2025-11-03,3210.0,3380.0,3210.0,3350.0,3097.43,107151300,4.3614,5.296
TLKM.JK,2025-11-04,3360.0,3590.0,3360.0,3500.0,3236.12,227450800,4.4776,6.8452
TLKM.JK,2025-11-05,3600.0,3630.0,3510.0,3540.0,3273.11,182624300,1.1429,3.3333
TLKM.JK,2025-11-06,3540.0,3550.0,3470.0,3480.0,3217.63,71766000,-1.6949,2.2599
TLKM.JK,2025-11-07,3460.0,3490.0,3420.0,3470.0,3208.38,58917900,-0.2874,2.0231
TLKM.JK,2025-11-10,3490.0,3550.0,3440.0,3440.0,3180.65,88941900,-0.8646,3.1519
TLKM.JK,2025-11-11,3500.0,3530.0,3470.0,3520.0,3254.61,63130300,2.3256,1.7143
TLKM.JK,2025-11-12,3540.0,3590.0,3510.0,3560.0,3291.6,61339600,1.1364,2.2599
TLKM.JK,2025-11-13,3570.0,3570.0,3480.0,3500.0,3236.12,57467900,-1.6854,2.521
TLKM.JK,2025-11-14,3530.0,3560.0,3510.0,3550.0,3282.35,55079600,1.4286,1.4164
TLKM.JK,2025-11-17,3570.0,3630.0,3560.0,3610.0,3337.83,76833800,1.6901,1.9608
TLKM.JK,2025-11-18,3610.0,3630.0,3540.0,3620.0,3347.07,97747000,0.277,2.4931
TLKM.JK,2025-11-19,3620.0,3690.0,3620.0,3650.0,3374.81,109911100,0.8287,1.9337
TLKM.JK,2025-11-20,3650.0,3660.0,3620.0,3640.0,3365.57,52200700,-0.274,1.0959
TLKM.JK,2025-11-21,3590.0,3610.0,3460.0,3500.0,3236.12,93181600,-3.8462,4.1783
TLKM.JK,2025-11-24,3560.0,3700.0,3540.0,3700.0,3421.04,241304000,5.7143,4.4944
TLKM.JK,2025-11-25,3690.0,3690.0,3560.0,3650.0,3374.81,84816600,-1.3514,3.523
TLKM.JK,2025-11-26,3600.0,3720.0,3600.0,3720.0,3439.53,111114600,1.9178,3.3333
TLKM.JK,2025-11-27,3700.0,3700.0,3560.0,3570.0,3300.84,48436500,-4.0323,3.7838
TLKM.JK,2025-11-28,3600.0,3630.0,3500.0,3510.0,3245.37,70943000,-1.6807,3.6111
TLKM.JK,2025-12-01,3530.0,3650.0,3520.0,3650.0,3374.81,89045500,3.9886,3.6827
TLKM.JK,2025-12-02,3660.0,3670.0,3560.0,3560.0,3291.6,62155900,-2.4658,3.0055
TLKM.JK,2025-12-03,3590.0,3650.0,3580.0,3580.0,3310.09,60429900,0.5618,1.9499
TLKM.JK,2025-12-04,3660.0,3660.0,3580.0,3630.0,3356.32,38947500,1.3966,2.1858
TLKM.JK,2025-12-05,3630.0,3700.0,3610.0,3700.0,3421.04,50641400,1.9284,2.4793
TLKM.JK,2025-12-08,3700.0,3700.0,3600.0,3630.0,3356.32,64911000,-1.8919,2.7027
TLKM.JK,2025-12-09,3650.0,3650.0,3520.0,3570.0,3300.84,94381800,-1.6529,3.5616
TLKM.JK,2025-12-10,3620.0,3700.0,3590.0,3640.0,3365.57,68644900,1.9608,3.0387
TLKM.JK,2025-12-11,3670.0,3690.0,3500.0,3570.0,3300.84,84823100,-1.9231,5.1771
TLKM.JK,2025-12-12,3630.0,3630.0,3500.0,3550.0,3282.35,67076200,-0.5602,3.5813
TLKM.JK,2025-12-15,3550.0,3560.0,3460.0,3470.0,3208.38,121707400,-2.2535,2.8169
TLKM.JK,2025-12-16,3490.0,3550.0,3470.0,3520.0,3254.61,120576700,1.4409,2.2923
TLKM.JK,2025-12-17,3540.0,3590.0,3490.0,3500.0,3236.12,118452300,-0.5682,2.8249
TLKM.JK,2025-12-18,3540.0,3580.0,3460.0,3460.0,3199.14,111042200,-1.1429,3.3898
TLKM.JK,2025-12-19,3520.0,3520.0,3390.0,3410.0,3152.91,236770700,-1.4451,3.6932
TLKM.JK,2025-12-22,3440.0,3490.0,3420.0,3470.0,3208.38,113720300,1.7595,2.0349
TLKM.JK,2025-12-23,3470.0,3470.0,3420.0,3470.0,3208.38,39083700,0.0,1.4409
TLKM.JK,2025-12-24,3480.0,3500.0,3440.0,3460.0,3199.14,30919800,-0.2882,1.7241
TLKM.JK,2025-12-29,3480.0,3530.0,3460.0,3490.0,3226.88,53079900,0.8671,2.0115
TLKM.JK,2025-12-30,3490.0,3510.0,3480.0,3480.0,3217.63,48019100,-0.2865,0.8596
TLKM.JK,2026-01-02,3510.0,3510.0,3450.0,3470.0,3208.38,34812500,-0.2874,1.7094
TLKM.JK,2026-01-05,3490.0,3590.0,3480.0,3580.0,3310.09,77224000,3.17,3.1519
TLKM.JK,2026-01-06,3600.0,3600.0,3490.0,3520.0,3254.61,77477100,-1.676,3.0556
TLKM.JK,2026-01-07,3540.0,3550.0,3500.0,3540.0,3273.11,60466200,0.5682,1.4124
TLKM.JK,2026-01-08,3540.0,3580.0,3520.0,3530.0,3263.86,61219400,-0.2825,1.6949
TLKM.JK,2026-01-09,3550.0,3560.0,3450.0,3450.0,3189.89,82708700,-2.2663,3.0986
TLKM.JK,2026-01-12,3470.0,3530.0,3460.0,3520.0,3254.61,89165400,2.029,2.0173
TLKM.JK,2026-01-13,3600.0,3660.0,3550.0,3620.0,3347.07,129812000,2.8409,3.0556
TLKM.JK,2026-01-14,3690.0,3700.0,3610.0,3650.0,3374.81,98179400,0.8287,2.439
TLKM.JK,2026-01-15,3650.0,3680.0,3610.0,3660.0,3384.06,83981800,0.274,1.9178
TLKM.JK,2026-01-19,3590.0,3630.0,3490.0,3620.0,3347.07,147127900,-1.0929,3.8997
TLKM.JK,2026-01-20,3550.0,3680.0,3550.0,3600.0,3328.58,89987800,-0.5525,3.662
TLKM.JK,2026-01-21,3670.0,3700.0,3570.0,3600.0,3328.58,104120400,0.0,3.5422
TLKM.JK,2026-01-22,3670.0,3790.0,3660.0,3740.0,3458.03,149259700,3.8889,3.5422
TLKM.JK,2026-01-23,3790.0,3800.0,3730.0,3770.0,3485.77,109079700,0.8021,1.847
TLKM.JK,2026-01-26,3780.0,3850.0,3750.0,3850.0,3559.73,91258600,2.122,2.6455
TLKM.JK,2026-01-27,3850.0,3990.0,3730.0,3940.0,3642.95,161704800,2.3377,6.7532
TLKM.JK,2026-01-28,3800.0,3800.0,3390.0,3470.0,3208.38,439277400,-11.9289,10.7895
TLKM.JK,2026-01-29,3420.0,3500.0,3100.0,3450.0,3189.89,582049700,-0.5764,11.6959
TLKM.JK,2026-01-30,3550.0,3740.0,3540.0,3600.0,3328.58,332372800,4.3478,5.6338
TLKM.JK,2026-02-02,3670.0,3700.0,3430.0,3500.0,3236.12,157041400,-2.7778,7.3569
TLKM.JK,2026-02-03,3540.0,3550.0,3420.0,3450.0,3189.89,155611200,-1.4286,3.6723
TLKM.JK,2026-02-04,3420.0,3440.0,3260.0,3330.0,3078.94,215692700,-3.4783,5.2632
TLKM.JK,2026-02-05,3350.0,3360.0,3260.0,3290.0,3041.95,148908600,-1.2012,2.9851
TLKM.JK,2026-02-06,3310.0,3390.0,3270.0,3380.0,3125.17,137552600,2.7356,3.6254
TLKM.JK,2026-02-09,3430.0,3430.0,3340.0,3350.0,3097.43,109053400,-0.8876,2.6239
TLKM.JK,2026-02-10,3380.0,3430.0,3360.0,3400.0,3143.66,129254100,1.4925,2.071
TLKM.JK,2026-02-11,3430.0,3530.0,3420.0,3530.0,3263.86,151785400,3.8235,3.207
TLKM.JK,2026-02-12,3500.0,3560.0,3470.0,3560.0,3291.6,114656400,0.8499,2.5714
TLKM.JK,2026-02-13,3540.0,3550.0,3440.0,3450.0,3189.89,102244000,-3.0899,3.1073
TLKM.JK,2026-02-18,3470.0,3510.0,3460.0,3490.0,3226.88,82797000,1.1594,1.4409
TLKM.JK,2026-02-19,3500.0,3500.0,3460.0,3480.0,3217.63,70690600,-0.2865,1.1429
TLKM.JK,2026-02-20,3490.0,3510.0,3430.0,3480.0,3217.63,75231500,0.0,2.2923
TLKM.JK,2026-02-23,3480.0,3550.0,3480.0,3550.0,3282.35,59621900,2.0115,2.0115
TLKM.JK,2026-02-24,3600.0,3600.0,3510.0,3580.0,3310.09,119024300,0.8451,2.5
TLKM.JK,2026-02-25,3580.0,3660.0,3580.0,3600.0,3328.58,66237300,0.5587,2.2346
TLKM.JK,2026-02-26,3560.0,3650.0,3510.0,3650.0,3374.81,111136200,1.3889,3.9326
TLKM.JK,2026-02-27,3630.0,3630.0,3530.0,3540.0,3273.11,140862100,-3.0137,2.7548
TLKM.JK,2026-03-02,3440.0,3490.0,3410.0,3450.0,3189.89,80022100,-2.5424,2.3256
TLKM.JK,2026-03-03,3520.0,3530.0,3440.0,3450.0,3189.89,125403800,0.0,2.5568
TLKM.JK,2026-03-04,3430.0,3450.0,3110.0,3200.0,2958.74,206478300,-7.2464,9.9125
TLKM.JK,2026-03-05,3300.0,3350.0,3210.0,3260.0,3014.22,137853600,1.875,4.2424
TLKM.JK,2026-03-06,3270.0,3290.0,3180.0,3190.0,2949.49,84932600,-2.1472,3.3639
TLKM.JK,2026-03-09,3160.0,3160.0,3000.0,3100.0,2866.28,126776600,-2.8213,5.0633
TLKM.JK,2026-03-10,3120.0,3150.0,2930.0,2960.0,2736.83,288339600,-4.5161,7.0513
TLKM.JK,2026-03-11,3000.0,3020.0,2930.0,3000.0,2773.82,209073500,1.3514,3.0
TLKM.JK,2026-03-12,3020.0,3060.0,2980.0,3020.0,2792.31,100856000,0.6667,2.649
TLKM.JK,2026-03-13,3030.0,3050.0,2920.0,2970.0,2746.08,102546800,-1.6556,4.2904
TLKM.JK,2026-03-16,2970.0,2980.0,2830.0,2960.0,2736.83,95426400,-0.3367,5.0505
TLKM.JK,2026-03-17,3050.0,3050.0,2960.0,3050.0,2820.05,164842700,3.0405,2.9508
TLKM.JK,2026-03-25,3140.0,3300.0,3130.0,3300.0,3051.2,228354400,8.1967,5.414
TLKM.JK,2026-03-26,3240.0,3260.0,3130.0,3170.0,2931.0,130477500,-3.9394,4.0123
TLKM.JK,2026-03-27,3150.0,3160.0,3050.0,3050.0,2820.05,72337500,-3.7855,3.4921
TLKM.JK,2026-03-30,3050.0,3110.0,3030.0,3040.0,2810.8,115529200,-0.3279,2.623
TLKM.JK,2026-03-31,3130.0,3130.0,3040.0,3060.0,2829.29,95463800,0.6579,2.8754
TLKM.JK,2026-04-01,3150.0,3150.0,3100.0,3150.0,2912.51,68303100,2.9412,1.5873
TLKM.JK,2026-04-02,3150.0,3160.0,3080.0,3130.0,2894.02,56283200,-0.6349,2.5397
TLKM.JK,2026-04-06,3200.0,3200.0,3100.0,3160.0,2921.76,37192400,0.9585,3.125
TLKM.JK,2026-04-07,3150.0,3160.0,3060.0,3100.0,2866.28,49528200,-1.8987,3.1746
TLKM.JK,2026-04-08,3150.0,3180.0,3110.0,3160.0,2921.76,78411200,1.9355,2.2222
TLKM.JK,2026-04-09,3170.0,3190.0,3120.0,3190.0,2949.49,58857300,0.9494,2.2082
TLKM.JK,2026-04-10,3190.0,3220.0,3170.0,3210.0,2967.99,70335700,0.627,1.5674
TLKM.JK,2026-04-13,3130.0,3200.0,3130.0,3190.0,2949.49,77410000,-0.6231,2.2364
TLKM.JK,2026-04-14,3190.0,3200.0,3110.0,3120.0,2884.77,92852900,-2.1944,2.8213
TLKM.JK,2026-04-15,3120.0,3150.0,3060.0,3090.0,2857.03,89181500,-0.9615,2.8846
TLKM.JK,2026-04-16,3100.0,3150.0,3100.0,3120.0,2884.77,57013000,0.9709,1.6129
TLKM.JK,2026-04-17,3120.0,3150.0,3080.0,3100.0,2866.28,96349500,-0.641,2.2436
TLKM.JK,2026-04-20,3130.0,3160.0,3050.0,3100.0,2866.28,142308900,0.0,3.5144
TLKM.JK,2026-04-21,3050.0,3070.0,2980.0,3010.0,2783.06,137586500,-2.9032,2.9508
TLKM.JK,2026-04-22,3010.0,3030.0,2990.0,3000.0,2773.82,57088500,-0.3322,1.3289
TLKM.JK,2026-04-23,3010.0,3020.0,2880.0,2880.0,2662.87,164145000,-4.0,4.6512
TLKM.JK,2026-04-24,2880.0,2940.0,2750.0,2810.0,2598.14,254588000,-2.4306,6.5972
TLKM.JK,2026-04-27,2850.0,2850.0,2810.0,2830.0,2616.64,77838700,0.7117,1.4035
TLKM.JK,2026-04-28,2790.0,2820.0,2750.0,2820.0,2607.39,146311100,-0.3534,2.509
TLKM.JK,2026-04-29,2820.0,2880.0,2800.0,2870.0,2653.62,144598700,1.773,2.8369
TLKM.JK,2026-04-30,2860.0,2870.0,2810.0,2810.0,2598.14,134260800,-2.0906,2.0979
TLKM.JK,2026-05-04,2840.0,2890.0,2840.0,2890.0,2672.11,81120300,2.847,1.7606
TLKM.JK,2026-05-05,2910.0,2940.0,2870.0,2880.0,2662.87,71127200,-0.346,2.4055
TLKM.JK,2026-05-06,2890.0,2910.0,2870.0,2900.0,2681.36,82205900,0.6944,1.3841
TLKM.JK,2026-05-07,2950.0,2980.0,2920.0,2930.0,2709.1,102205600,1.0345,2.0339
TLKM.JK,2026-05-08,2930.0,3000.0,2900.0,2960.0,2736.83,102107300,1.0239,3.413
TLKM.JK,2026-05-11,2990.0,3010.0,2920.0,2960.0,2736.83,58491000,0.0,3.01
TLKM.JK,2026-05-12,3000.0,3000.0,2860.0,2950.0,2727.59,91619700,-0.3378,4.6667
TLKM.JK,2026-05-13,2950.0,2970.0,2920.0,2960.0,2736.83,62623700,0.339,1.6949
TLKM.JK,2026-05-14,2960.0,2960.0,2960.0,2960.0,2736.83,0,0.0,0.0
TLKM.JK,2026-05-15,2960.0,2960.0,2960.0,2960.0,2736.83,0,0.0,0.0
TLKM.JK,2026-05-18,2910.0,3080.0,2860.0,3080.0,2847.79,148994300,4.0541,7.5601
TLKM.JK,2026-05-19,3080.0,3130.0,3030.0,3080.0,2847.79,147808100,0.0,3.2468
TLKM.JK,2026-05-20,3130.0,3190.0,3100.0,3100.0,2866.28,191400600,0.6494,2.8754
TLKM.JK,2026-05-21,3100.0,3120.0,2950.0,3000.0,2773.82,141907000,-3.2258,5.4839
TLKM.JK,2026-05-22,3000.0,3010.0,2850.0,2920.0,2699.85,138085300,-2.6667,5.3333
TLKM.JK,2026-05-25,2880.0,2960.0,2870.0,2930.0,2709.1,88999600,0.3425,3.125
TLKM.JK,2026-05-26,2950.0,3100.0,2940.0,3090.0,2857.03,136083800,5.4608,5.4237
TLKM.JK,2026-05-27,3090.0,3090.0,3090.0,3090.0,2857.03,0,0.0,0.0
TLKM.JK,2026-05-28,3090.0,3090.0,3090.0,3090.0,2857.03,0,0.0,0.0
TLKM.JK,2026-05-29,2900.0,3170.0,2900.0,3030.0,2801.56,835364400,-1.9417,9.3103
TLKM.JK,2026-06-02,2990.0,3020.0,2910.0,2950.0,2727.59,242446000,-2.6403,3.6789
TLKM.JK,2026-06-03,2900.0,2950.0,2850.0,2850.0,2635.13,168085400,-3.3898,3.4483
TLKM.JK,2026-06-04,2900.0,2950.0,2680.0,2900.0,2681.36,197151900,1.7544,9.3103
TLKM.JK,2026-06-05,2900.0,2930.0,2760.0,2760.0,2551.91,105040300,-4.8276,5.8621
TLKM.JK,2026-06-08,2620.0,2650.0,2350.0,2350.0,2172.82,331947700,-14.8551,11.4504
TLKM.JK,2026-06-09,2510.0,2620.0,2510.0,2620.0,2422.47,371055600,11.4894,4.3825
TLKM.JK,2026-06-10,2500.0,2810.0,2500.0,2810.0,2598.14,391732600,7.2519,12.4
TLKM.JK,2026-06-11,2870.0,2970.0,2810.0,2870.0,2653.62,274793100,2.1352,5.5749
TLKM.JK,2026-06-12,2910.0,2980.0,2860.0,2860.0,2644.37,181531900,-0.3484,4.1237
TLKM.JK,2026-06-15,2900.0,2970.0,2890.0,2930.0,2709.1,156789000,2.4476,2.7586
TLKM.JK,2026-06-17,2950.0,3030.0,2940.0,2960.0,2736.83,200799700,1.0239,3.0508
TLKM.JK,2026-06-18,2800.0,2800.0,2670.0,2780.0,2780.0,210813900,-6.0811,4.6429
TLKM.JK,2026-06-19,2700.0,2710.0,2580.0,2580.0,2580.0,374544500,-7.1942,4.8148
TLKM.JK,2026-06-22,2580.0,2590.0,2500.0,2510.0,2510.0,194270900,-2.7132,3.4884
TLKM.JK,2026-06-23,2500.0,2610.0,2500.0,2540.0,2540.0,173184800,1.1952,4.4
TLKM.JK,2026-06-24,2570.0,2590.0,2480.0,2500.0,2500.0,173348900,-1.5748,4.2802
TLKM.JK,2026-06-25,2530.0,2540.0,2500.0,2500.0,2500.0,94937900,0.0,1.581
TLKM.JK,2026-06-26,2420.0,2480.0,2370.0,2480.0,2480.0,220918000,-0.8,4.5455
TLKM.JK,2026-06-29,2470.0,2470.0,2410.0,2410.0,2410.0,124858100,-2.8226,2.4291
TLKM.JK,2026-06-30,2390.0,2400.0,2350.0,2350.0,2350.0,318664200,-2.4896,2.0921
TLKM.JK,2026-07-01,2380.0,2450.0,2350.0,2440.0,2440.0,111997100,3.8298,4.2017
TLKM.JK,2026-07-02,2470.0,2490.0,2420.0,2450.0,2450.0,112046100,0.4098,2.834
TLKM.JK,2026-07-03,2480.0,2540.0,2470.0,2520.0,2520.0,83587600,2.8571,2.8226
ASII.JK,2024-07-03,4550.0,4580.0,4520.0,4570.0,3928.44,30743200,,1.3187
ASII.JK,2024-07-04,4580.0,4610.0,4550.0,4550.0,3911.25,44755400,-0.4376,1.31
ASII.JK,2024-07-05,4570.0,4610.0,4540.0,4580.0,3937.03,53196500,0.6593,1.5317
ASII.JK,2024-07-08,4600.0,4640.0,4560.0,4640.0,3988.61,69535000,1.31,1.7391
ASII.JK,2024-07-09,4620.0,4620.0,4540.0,4560.0,3919.84,84784500,-1.7241,1.7316
ASII.JK,2024-07-10,4570.0,4580.0,4520.0,4540.0,3902.65,44563900,-0.4386,1.3129
ASII.JK,2024-07-11,4550.0,4600.0,4500.0,4510.0,3876.86,71140800,-0.6608,2.1978
ASII.JK,2024-07-12,4510.0,4570.0,4500.0,4540.0,3902.65,54299700,0.6652,1.5521
ASII.JK,2024-07-15,4540.0,4550.0,4460.0,4470.0,3842.48,53234000,-1.5419,1.9824
ASII.JK,2024-07-16,4480.0,4490.0,4380.0,4380.0,3765.11,83814800,-2.0134,2.4554
ASII.JK,2024-07-17,4420.0,4470.0,4400.0,4460.0,3833.88,49379700,1.8265,1.5837
ASII.JK,2024-07-18,4470.0,4540.0,4460.0,4540.0,3902.65,54184300,1.7937,1.7897
ASII.JK,2024-07-19,4520.0,4540.0,4480.0,4530.0,3894.05,40785800,-0.2203,1.3274
ASII.JK,2024-07-22,4530.0,4540.0,4480.0,4520.0,3885.46,33128600,-0.2208,1.3245
ASII.JK,2024-07-23,4510.0,4530.0,4450.0,4450.0,3825.28,46427300,-1.5487,1.7738
ASII.JK,2024-07-24,4470.0,4560.0,4460.0,4530.0,3894.05,50741700,1.7978,2.2371
ASII.JK,2024-07-25,4530.0,4530.0,4450.0,4490.0,3859.67,40364400,-0.883,1.766
ASII.JK,2024-07-26,4500.0,4620.0,4500.0,4610.0,3962.82,92236800,2.6726,2.6667
ASII.JK,2024-07-29,4620.0,4630.0,4580.0,4610.0,3962.82,42232800,0.0,1.0823
ASII.JK,2024-07-30,4610.0,4610.0,4520.0,4540.0,3902.65,40995800,-1.5184,1.9523
ASII.JK,2024-07-31,4620.0,4730.0,4590.0,4720.0,4057.38,170406600,3.9648,3.0303
ASII.JK,2024-08-01,4700.0,4740.0,4660.0,4740.0,4074.57,50775700,0.4237,1.7021
ASII.JK,2024-08-02,4710.0,4740.0,4670.0,4690.0,4031.59,47509800,-1.0549,1.4862
ASII.JK,2024-08-05,4640.0,4650.0,4520.0,4560.0,3919.84,93952300,-2.7719,2.8017
ASII.JK,2024-08-06,4600.0,4620.0,4540.0,4610.0,3962.82,56748800,1.0965,1.7391
ASII.JK,2024-08-07,4600.0,4630.0,4560.0,4630.0,3980.02,72464900,0.4338,1.5217
ASII.JK,2024-08-08,4620.0,4750.0,4600.0,4740.0,4074.57,116387300,2.3758,3.2468
ASII.JK,2024-08-09,4760.0,4790.0,4730.0,4760.0,4091.76,44489500,0.4219,1.2605
ASII.JK,2024-08-12,4760.0,4780.0,4720.0,4760.0,4091.76,34027600,0.0,1.2605
ASII.JK,2024-08-13,4800.0,4800.0,4740.0,4760.0,4091.76,43904800,0.0,1.25
ASII.JK,2024-08-14,4800.0,4930.0,4770.0,4890.0,4203.51,91874600,2.7311,3.3333
ASII.JK,2024-08-15,4890.0,4920.0,4840.0,4890.0,4203.51,46694800,0.0,1.636
ASII.JK,2024-08-16,4900.0,4990.0,4900.0,4970.0,4272.28,65502100,1.636,1.8367
ASII.JK,2024-08-19,4970.0,5050.0,4940.0,5025.0,4319.56,54296700,1.1066,2.2133
ASII.JK,2024-08-20,5050.0,5150.0,5025.0,5125.0,4405.52,94493800,1.99,2.4752
ASII.JK,2024-08-21,5150.0,5225.0,5075.0,5075.0,4362.54,94502800,-0.9756,2.9126
ASII.JK,2024-08-22,5025.0,5050.0,4990.0,5000.0,4298.07,63177200,-1.4778,1.194
ASII.JK,2024-08-23,5050.0,5175.0,5050.0,5100.0,4384.03,52275100,2.0,2.4752
ASII.JK,2024-08-26,5125.0,5200.0,5125.0,5150.0,4427.01,30540900,0.9804,1.4634
ASII.JK,2024-08-27,5150.0,5175.0,5075.0,5150.0,4427.01,30475700,0.0,1.9417
ASII.JK,2024-08-28,5150.0,5150.0,5000.0,5025.0,4319.56,64090900,-2.4272,2.9126
ASII.JK,2024-08-29,5050.0,5075.0,5000.0,5075.0,4362.54,42502100,0.995,1.4851
ASII.JK,2024-08-30,5075.0,5125.0,5025.0,5100.0,4384.03,74429400,0.4926,1.9704
ASII.JK,2024-09-02,5100.0,5225.0,5100.0,5200.0,4470.0,84858600,1.9608,2.451
ASII.JK,2024-09-03,5225.0,5225.0,5125.0,5125.0,4405.52,34864300,-1.4423,1.9139
ASII.JK,2024-09-04,5050.0,5100.0,5025.0,5050.0,4341.05,45331200,-1.4634,1.4851
ASII.JK,2024-09-05,5075.0,5125.0,5050.0,5075.0,4362.54,34711100,0.495,1.4778
ASII.JK,2024-09-06,5050.0,5125.0,5050.0,5050.0,4341.05,32014300,-0.4926,1.4851
ASII.JK,2024-09-09,5050.0,5100.0,5000.0,5025.0,4319.56,55466500,-0.495,1.9802
ASII.JK,2024-09-10,5075.0,5100.0,5000.0,5025.0,4319.56,58871700,0.0,1.9704
ASII.JK,2024-09-11,5025.0,5050.0,5000.0,5025.0,4319.56,27381100,0.0,0.995
ASII.JK,2024-09-12,5025.0,5075.0,5025.0,5025.0,4319.56,24718300,0.0,0.995
ASII.JK,2024-09-13,5025.0,5075.0,5025.0,5075.0,4362.54,24921900,0.995,0.995
ASII.JK,2024-09-17,5075.0,5100.0,5025.0,5075.0,4362.54,35574000,0.0,1.4778
ASII.JK,2024-09-18,5100.0,5275.0,5075.0,5250.0,4512.98,123540100,3.4483,3.9216
ASII.JK,2024-09-19,5275.0,5275.0,5200.0,5275.0,4534.47,57254000,0.4762,1.4218
ASII.JK,2024-09-20,5275.0,5275.0,5200.0,5225.0,4491.49,47509500,-0.9479,1.4218
ASII.JK,2024-09-23,5250.0,5275.0,5225.0,5225.0,4491.49,23362800,0.0,0.9524
ASII.JK,2024-09-24,5250.0,5275.0,5225.0,5275.0,4534.47,43482600,0.9569,0.9524
ASII.JK,2024-09-25,5300.0,5300.0,5150.0,5225.0,4491.49,63437200,-0.9479,2.8302
ASII.JK,2024-09-26,5250.0,5275.0,5175.0,5250.0,4512.98,56030300,0.4785,1.9048
ASII.JK,2024-09-27,5275.0,5275.0,5050.0,5100.0,4384.03,57476200,-2.8571,4.2654
ASII.JK,2024-09-30,5100.0,5100.0,5000.0,5050.0,4341.05,66737800,-0.9804,1.9608
ASII.JK,2024-10-01,5100.0,5175.0,5075.0,5175.0,4448.5,39024000,2.4752,1.9608
ASII.JK,2024-10-02,5150.0,5150.0,5050.0,5150.0,4427.01,39888600,-0.4831,1.9417
ASII.JK,2024-10-03,5175.0,5250.0,5100.0,5250.0,4512.98,56763900,1.9417,2.8986
ASII.JK,2024-10-04,5250.0,5250.0,5100.0,5150.0,4427.01,35939300,-1.9048,2.8571
ASII.JK,2024-10-07,5150.0,5175.0,5075.0,5100.0,4384.03,27889100,-0.9709,1.9417
ASII.JK,2024-10-08,5100.0,5225.0,5075.0,5225.0,4491.49,42347600,2.451,2.9412
ASII.JK,2024-10-09,5225.0,5225.0,5075.0,5075.0,4362.54,33544900,-2.8708,2.8708
ASII.JK,2024-10-10,5100.0,5125.0,5075.0,5125.0,4405.52,27734400,0.9852,0.9804
ASII.JK,2024-10-11,5125.0,5150.0,5075.0,5075.0,4362.54,39320000,-0.9756,1.4634
ASII.JK,2024-10-14,5025.0,5025.0,4920.0,4930.0,4321.35,71369100,-2.8571,2.0896
ASII.JK,2024-10-15,4930.0,4970.0,4900.0,4930.0,4321.35,61263600,0.0,1.4199
ASII.JK,2024-10-16,4950.0,4960.0,4900.0,4960.0,4347.64,80530100,0.6085,1.2121
ASII.JK,2024-10-17,4950.0,4970.0,4930.0,4950.0,4338.88,54164800,-0.2016,0.8081
ASII.JK,2024-10-18,4960.0,4960.0,4920.0,4920.0,4312.58,39805400,-0.6061,0.8065
ASII.JK,2024-10-21,4950.0,5100.0,4930.0,5100.0,4470.36,88954300,3.6585,3.4343
ASII.JK,2024-10-22,5125.0,5275.0,5100.0,5275.0,4623.75,132222000,3.4314,3.4146
ASII.JK,2024-10-23,5275.0,5300.0,5175.0,5300.0,4645.67,64519100,0.4739,2.3697
ASII.JK,2024-10-24,5300.0,5300.0,5200.0,5275.0,4623.75,50777100,-0.4717,1.8868
ASII.JK,2024-10-25,5275.0,5275.0,5200.0,5225.0,4579.93,27247500,-0.9479,1.4218
ASII.JK,2024-10-28,5250.0,5250.0,5125.0,5250.0,4601.84,40165900,0.4785,2.381
ASII.JK,2024-10-29,5250.0,5250.0,5125.0,5125.0,4492.27,45247600,-2.381,2.381
ASII.JK,2024-10-30,5125.0,5200.0,5050.0,5200.0,4558.01,33200300,1.4634,2.9268
ASII.JK,2024-10-31,5300.0,5300.0,5100.0,5100.0,4470.36,77263000,-1.9231,3.7736
ASII.JK,2024-11-01,5125.0,5175.0,5050.0,5075.0,4448.44,54219100,-0.4902,2.439
ASII.JK,2024-11-04,5075.0,5125.0,4980.0,5125.0,4492.27,52362100,0.9852,2.8571
ASII.JK,2024-11-05,5125.0,5200.0,5075.0,5175.0,4536.1,31165800,0.9756,2.439
ASII.JK,2024-11-06,5175.0,5175.0,5025.0,5050.0,4426.53,32975900,-2.4155,2.8986
ASII.JK,2024-11-07,5050.0,5075.0,5000.0,5000.0,4382.7,46053500,-0.9901,1.4851
ASII.JK,2024-11-08,5050.0,5075.0,4950.0,4960.0,4347.64,32828900,-0.8,2.4752
ASII.JK,2024-11-11,4960.0,4990.0,4850.0,4970.0,4356.41,49885000,0.2016,2.8226
ASII.JK,2024-11-12,5000.0,5000.0,4930.0,4970.0,4356.41,43239600,0.0,1.4
ASII.JK,2024-11-13,5000.0,5025.0,4950.0,5025.0,4404.62,24479600,1.1066,1.5
ASII.JK,2024-11-14,5025.0,5025.0,4930.0,4950.0,4338.88,38255700,-1.4925,1.8905
ASII.JK,2024-11-15,4940.0,4960.0,4920.0,4940.0,4330.11,14867600,-0.202,0.8097
ASII.JK,2024-11-18,4950.0,4970.0,4910.0,4930.0,4321.35,17408700,-0.2024,1.2121
ASII.JK,2024-11-19,4930.0,4970.0,4900.0,4970.0,4356.41,36816800,0.8114,1.4199
ASII.JK,2024-11-20,4970.0,5025.0,4950.0,5000.0,4382.7,18634300,0.6036,1.5091
ASII.JK,2024-11-21,4990.0,4990.0,4890.0,4890.0,4286.28,27662900,-2.2,2.004
ASII.JK,2024-11-22,4900.0,4960.0,4860.0,4910.0,4303.82,21241800,0.409,2.0408
ASII.JK,2024-11-25,4950.0,5175.0,4940.0,5175.0,4536.1,84518400,5.3971,4.7475
ASII.JK,2024-11-26,5150.0,5200.0,5100.0,5150.0,4514.19,45059300,-0.4831,1.9417
ASII.JK,2024-11-28,5200.0,5225.0,5125.0,5125.0,4492.27,30554200,-0.4854,1.9231
ASII.JK,2024-11-29,5125.0,5125.0,5025.0,5100.0,4470.36,48756800,-0.4878,1.9512
ASII.JK,2024-12-02,5100.0,5150.0,4900.0,4940.0,4330.11,47373200,-3.1373,4.902
ASII.JK,2024-12-03,4980.0,5125.0,4970.0,5125.0,4492.27,46752800,3.7449,3.1124
ASII.JK,2024-12-04,5100.0,5225.0,5075.0,5225.0,4579.93,51733400,1.9512,2.9412
ASII.JK,2024-12-05,5225.0,5225.0,5125.0,5200.0,4558.01,21948400,-0.4785,1.9139
ASII.JK,2024-12-06,5150.0,5175.0,5050.0,5150.0,4514.19,36599600,-0.9615,2.4272
ASII.JK,2024-12-09,5150.0,5225.0,5100.0,5225.0,4579.93,37208600,1.4563,2.4272
ASII.JK,2024-12-10,5200.0,5225.0,5150.0,5225.0,4579.93,41536400,0.0,1.4423
ASII.JK,2024-12-11,5175.0,5250.0,5175.0,5250.0,4601.84,41090000,0.4785,1.4493
ASII.JK,2024-12-12,5150.0,5225.0,5050.0,5100.0,4470.36,37254100,-2.8571,3.3981
ASII.JK,2024-12-13,5100.0,5150.0,5050.0,5125.0,4492.27,27732300,0.4902,1.9608
ASII.JK,2024-12-16,5075.0,5150.0,5000.0,5125.0,4492.27,35937800,0.0,2.9557
ASII.JK,2024-12-17,5100.0,5150.0,4950.0,4980.0,4365.17,48682400,-2.8293,3.9216
ASII.JK,2024-12-18,4980.0,5050.0,4960.0,5000.0,4382.7,27412000,0.4016,1.8072
ASII.JK,2024-12-19,4950.0,4950.0,4860.0,4880.0,4277.52,39151900,-2.4,1.8182
ASII.JK,2024-12-20,4880.0,4900.0,4850.0,4870.0,4268.75,44851200,-0.2049,1.0246
ASII.JK,2024-12-23,4900.0,4950.0,4870.0,4950.0,4338.88,29678900,1.6427,1.6327
ASII.JK,2024-12-24,4940.0,4980.0,4880.0,4880.0,4277.52,22600500,-1.4141,2.0243
ASII.JK,2024-12-27,4890.0,4940.0,4880.0,4930.0,4321.35,14456700,1.0246,1.227
ASII.JK,2024-12-30,4930.0,4940.0,4880.0,4900.0,4295.05,23926400,-0.6085,1.217
ASII.JK,2025-01-02,4910.0,4970.0,4900.0,4950.0,4338.88,17924000,1.0204,1.4257
ASII.JK,2025-01-03,4950.0,4970.0,4920.0,4950.0,4338.88,12711800,0.0,1.0101
ASII.JK,2025-01-06,4950.0,5000.0,4860.0,4860.0,4259.99,18412500,-1.8182,2.8283
ASII.JK,2025-01-07,4860.0,4920.0,4850.0,4920.0,4312.58,20452200,1.2346,1.4403
ASII.JK,2025-01-08,4880.0,4910.0,4810.0,4810.0,4216.16,23739400,-2.2358,2.0492
ASII.JK,2025-01-09,4830.0,4950.0,4830.0,4930.0,4321.35,23802600,2.4948,2.4845
ASII.JK,2025-01-10,4940.0,4960.0,4860.0,4900.0,4295.05,31951800,-0.6085,2.0243
ASII.JK,2025-01-13,4910.0,4920.0,4720.0,4750.0,4163.57,46247300,-3.0612,4.0733
ASII.JK,2025-01-14,4770.0,4850.0,4750.0,4750.0,4163.57,28096700,0.0,2.0964
ASII.JK,2025-01-15,4790.0,4940.0,4780.0,4940.0,4330.11,27497200,4.0,3.3403
ASII.JK,2025-01-16,5025.0,5025.0,4880.0,4880.0,4277.52,30520200,-1.2146,2.8856
ASII.JK,2025-01-17,4860.0,4970.0,4840.0,4940.0,4330.11,23691900,1.2295,2.6749
ASII.JK,2025-01-20,4940.0,4960.0,4900.0,4910.0,4303.82,11873200,-0.6073,1.2146
ASII.JK,2025-01-21,4930.0,4970.0,4900.0,4910.0,4303.82,21762200,0.0,1.4199
ASII.JK,2025-01-22,4920.0,4980.0,4880.0,4960.0,4347.64,33116700,1.0183,2.0325
ASII.JK,2025-01-23,4960.0,4980.0,4900.0,4900.0,4295.05,17049700,-1.2097,1.6129
ASII.JK,2025-01-24,4900.0,4960.0,4870.0,4870.0,4268.75,19663900,-0.6122,1.8367
ASII.JK,2025-01-30,4870.0,4870.0,4780.0,4780.0,4189.86,28147100,-1.848,1.848
ASII.JK,2025-01-31,4790.0,4840.0,4790.0,4800.0,4207.4,27064100,0.4184,1.0438
ASII.JK,2025-02-03,4800.0,4800.0,4740.0,4760.0,4172.33,33116100,-0.8333,1.25
ASII.JK,2025-02-04,4770.0,4840.0,4760.0,4800.0,4207.4,20631500,0.8403,1.6771
ASII.JK,2025-02-05,4850.0,4850.0,4730.0,4740.0,4154.8,20436200,-1.25,2.4742
ASII.JK,2025-02-06,4740.0,4740.0,4520.0,4550.0,3988.26,61645400,-4.0084,4.6414
ASII.JK,2025-02-07,4610.0,4670.0,4530.0,4650.0,4075.92,33223300,2.1978,3.0369
ASII.JK,2025-02-10,4610.0,4650.0,4520.0,4570.0,4005.79,40230000,-1.7204,2.82
ASII.JK,2025-02-11,4590.0,4650.0,4570.0,4610.0,4040.85,32956400,0.8753,1.7429
ASII.JK,2025-02-12,4680.0,4680.0,4620.0,4640.0,4067.15,30762900,0.6508,1.2821
ASII.JK,2025-02-13,4640.0,4670.0,4580.0,4660.0,4084.68,21320200,0.431,1.9397
ASII.JK,2025-02-14,4660.0,4730.0,4640.0,4680.0,4102.21,31409000,0.4292,1.9313
ASII.JK,2025-02-17,4680.0,4780.0,4670.0,4740.0,4154.8,30270200,1.2821,2.3504
ASII.JK,2025-02-18,4740.0,4840.0,4740.0,4800.0,4207.4,31828200,1.2658,2.1097
ASII.JK,2025-02-19,4820.0,4840.0,4610.0,4700.0,4119.74,47951400,-2.0833,4.7718
ASII.JK,2025-02-20,4700.0,4740.0,4650.0,4720.0,4137.27,23653800,0.4255,1.9149
ASII.JK,2025-02-21,4740.0,4800.0,4600.0,4750.0,4163.57,31937400,0.6356,4.2194
ASII.JK,2025-02-24,4750.0,4770.0,4660.0,4700.0,4119.74,22303600,-1.0526,2.3158
ASII.JK,2025-02-25,4710.0,4750.0,4550.0,4560.0,3997.03,42728600,-2.9787,4.2463
ASII.JK,2025-02-26,4560.0,4600.0,4520.0,4580.0,4014.56,19351300,0.4386,1.7544
ASII.JK,2025-02-27,4550.0,4590.0,4480.0,4590.0,4023.32,37731000,0.2183,2.4176
ASII.JK,2025-02-28,4650.0,4650.0,4370.0,4530.0,3970.73,70620000,-1.3072,6.0215
ASII.JK,2025-03-03,4530.0,4720.0,4500.0,4680.0,4102.21,65345600,3.3113,4.8565
ASII.JK,2025-03-04,4680.0,4700.0,4590.0,4690.0,4110.98,40873900,0.2137,2.3504
ASII.JK,2025-03-05,4700.0,4900.0,4690.0,4900.0,4295.05,86703900,4.4776,4.4681
ASII.JK,2025-03-06,4900.0,4960.0,4860.0,4900.0,4295.05,51276300,0.0,2.0408
ASII.JK,2025-03-07,4900.0,4970.0,4790.0,4930.0,4321.35,59830500,0.6122,3.6735
ASII.JK,2025-03-10,4900.0,4900.0,4750.0,4770.0,4181.1,53139600,-3.2454,3.0612
ASII.JK,2025-03-11,4720.0,4800.0,4700.0,4800.0,4207.4,35571600,0.6289,2.1186
ASII.JK,2025-03-12,4760.0,4830.0,4740.0,4810.0,4216.16,29264500,0.2083,1.8908
ASII.JK,2025-03-13,4790.0,4810.0,4680.0,4730.0,4146.04,41066600,-1.6632,2.714
ASII.JK,2025-03-14,4730.0,4730.0,4610.0,4620.0,4049.62,35967600,-2.3256,2.537
ASII.JK,2025-03-17,4660.0,4670.0,4610.0,4620.0,4049.62,23856300,0.0,1.2876
ASII.JK,2025-03-18,4630.0,4650.0,4460.0,4650.0,4075.92,66583100,0.6494,4.1037
ASII.JK,2025-03-19,4650.0,4700.0,4610.0,4690.0,4110.98,37556400,0.8602,1.9355
ASII.JK,2025-03-20,4690.0,4750.0,4640.0,4710.0,4128.51,23310500,0.4264,2.3454
ASII.JK,2025-03-21,4720.0,4840.0,4630.0,4840.0,4242.46,57730500,2.7601,4.4492
ASII.JK,2025-03-24,4780.0,4780.0,4540.0,4690.0,4110.98,29695400,-3.0992,5.0209
ASII.JK,2025-03-25,4700.0,4700.0,4610.0,4650.0,4075.92,26320300,-0.8529,1.9149
ASII.JK,2025-03-26,4660.0,4840.0,4660.0,4800.0,4207.4,30508200,3.2258,3.8627
ASII.JK,2025-03-27,4800.0,4920.0,4790.0,4920.0,4312.58,44551200,2.5,2.7083
ASII.JK,2025-04-08,4800.0,4800.0,4450.0,4480.0,3926.9,94752400,-8.9431,7.2917
ASII.JK,2025-04-09,4480.0,4660.0,4470.0,4620.0,4049.62,46086300,3.125,4.2411
ASII.JK,2025-04-10,4750.0,4840.0,4690.0,4710.0,4128.51,43115600,1.9481,3.1579
ASII.JK,2025-04-11,4660.0,4740.0,4620.0,4710.0,4128.51,31446100,0.0,2.5751
ASII.JK,2025-04-14,4740.0,4930.0,4710.0,4930.0,4321.35,39843200,4.6709,4.6414
ASII.JK,2025-04-15,4930.0,4950.0,4800.0,4870.0,4268.75,56488100,-1.217,3.0426
ASII.JK,2025-04-16,4850.0,4860.0,4690.0,4780.0,4189.86,44479500,-1.848,3.5052
ASII.JK,2025-04-17,4770.0,4770.0,4710.0,4750.0,4163.57,28099700,-0.6276,1.2579
ASII.JK,2025-04-21,4750.0,4810.0,4740.0,4790.0,4198.63,14313200,0.8421,1.4737
ASII.JK,2025-04-22,4750.0,4780.0,4720.0,4740.0,4154.8,29906300,-1.0438,1.2632
ASII.JK,2025-04-23,4770.0,4840.0,4770.0,4820.0,4224.93,38609800,1.6878,1.4675
ASII.JK,2025-04-24,4830.0,4840.0,4770.0,4770.0,4181.1,42307000,-1.0373,1.4493
ASII.JK,2025-04-25,4790.0,4910.0,4790.0,4860.0,4259.99,45465200,1.8868,2.5052
ASII.JK,2025-04-28,4880.0,4930.0,4870.0,4890.0,4286.28,22380800,0.6173,1.2295
ASII.JK,2025-04-29,4910.0,4910.0,4800.0,4800.0,4207.4,46881000,-1.8405,2.2403
ASII.JK,2025-04-30,4800.0,4840.0,4780.0,4800.0,4207.4,46038900,0.0,1.25
ASII.JK,2025-05-02,4810.0,4860.0,4760.0,4790.0,4198.63,61301400,-0.2083,2.079
ASII.JK,2025-05-05,4800.0,4810.0,4770.0,4780.0,4189.86,30747900,-0.2088,0.8333
ASII.JK,2025-05-06,4780.0,4800.0,4750.0,4750.0,4163.57,53222000,-0.6276,1.046
ASII.JK,2025-05-07,4780.0,4840.0,4770.0,4830.0,4233.69,47790800,1.6842,1.4644
ASII.JK,2025-05-08,4860.0,4930.0,4780.0,4780.0,4189.86,92459500,-1.0352,3.0864
ASII.JK,2025-05-09,4790.0,4830.0,4780.0,4780.0,4189.86,38964000,0.0,1.0438
ASII.JK,2025-05-14,4860.0,4880.0,4800.0,4810.0,4216.16,92389200,0.6276,1.6461
ASII.JK,2025-05-15,4820.0,4850.0,4810.0,4820.0,4224.93,69701600,0.2079,0.8299
ASII.JK,2025-05-16,4840.0,4880.0,4810.0,4880.0,4277.52,64271600,1.2448,1.4463
ASII.JK,2025-05-19,4890.0,4960.0,4880.0,4940.0,4330.11,97782400,1.2295,1.636
ASII.JK,2025-05-20,4960.0,4960.0,4860.0,4860.0,4259.99,127610600,-1.6194,2.0161
ASII.JK,2025-05-21,4600.0,4690.0,4570.0,4670.0,4370.42,115335300,-3.9095,2.6087
ASII.JK,2025-05-22,4680.0,4710.0,4630.0,4630.0,4332.98,52032700,-0.8565,1.7094
ASII.JK,2025-05-23,4770.0,4780.0,4730.0,4740.0,4435.93,42300400,2.3758,1.0482
ASII.JK,2025-05-26,4770.0,4780.0,4690.0,4730.0,4426.57,40971400,-0.211,1.8868
ASII.JK,2025-05-27,4710.0,4730.0,4660.0,4700.0,4398.49,38680100,-0.6342,1.4862
ASII.JK,2025-05-28,4710.0,4850.0,4660.0,4850.0,4538.87,188036300,3.1915,4.034
ASII.JK,2025-06-02,4780.0,4800.0,4730.0,4780.0,4473.36,115876200,-1.4433,1.4644
ASII.JK,2025-06-03,4750.0,4760.0,4650.0,4700.0,4398.49,51574100,-1.6736,2.3158
ASII.JK,2025-06-04,4760.0,4760.0,4610.0,4610.0,4314.27,55901000,-1.9149,3.1513
ASII.JK,2025-06-05,4640.0,4670.0,4610.0,4610.0,4314.27,38381400,0.0,1.2931
ASII.JK,2025-06-10,4670.0,4670.0,4600.0,4600.0,4304.91,60469600,-0.2169,1.4989
ASII.JK,2025-06-11,4610.0,4630.0,4580.0,4610.0,4314.27,50550100,0.2174,1.0846
ASII.JK,2025-06-12,4610.0,4620.0,4560.0,4560.0,4267.47,54629900,-1.0846,1.3015
ASII.JK,2025-06-13,4580.0,4600.0,4560.0,4570.0,4276.83,38510500,0.2193,0.8734
ASII.JK,2025-06-16,4570.0,4630.0,4560.0,4610.0,4314.27,29939400,0.8753,1.5317
ASII.JK,2025-06-17,4640.0,4640.0,4590.0,4600.0,4304.91,29978400,-0.2169,1.0776
ASII.JK,2025-06-18,4610.0,4620.0,4590.0,4590.0,4295.55,19386900,-0.2174,0.6508
ASII.JK,2025-06-19,4590.0,4600.0,4500.0,4530.0,4239.4,30832700,-1.3072,2.1786
ASII.JK,2025-06-20,4530.0,4530.0,4480.0,4490.0,4201.97,50116600,-0.883,1.1038
ASII.JK,2025-06-23,4470.0,4470.0,4400.0,4430.0,4145.81,28820000,-1.3363,1.566
ASII.JK,2025-06-24,4470.0,4500.0,4430.0,4470.0,4183.25,37523200,0.9029,1.566
ASII.JK,2025-06-25,4530.0,4530.0,4420.0,4470.0,4183.25,33217200,0.0,2.4283
ASII.JK,2025-06-26,4440.0,4450.0,4410.0,4450.0,4164.53,26909800,-0.4474,0.9009
ASII.JK,2025-06-30,4470.0,4520.0,4450.0,4500.0,4211.32,41865200,1.1236,1.566
ASII.JK,2025-07-01,4490.0,4510.0,4440.0,4450.0,4164.53,27410600,-1.1111,1.559
ASII.JK,2025-07-02,4450.0,4550.0,4440.0,4540.0,4248.76,34231600,2.0225,2.4719
ASII.JK,2025-07-03,4540.0,4590.0,4530.0,4570.0,4276.83,24120100,0.6608,1.3216
ASII.JK,2025-07-04,4600.0,4650.0,4570.0,4620.0,4323.63,25298100,1.0941,1.7391
ASII.JK,2025-07-07,4620.0,4680.0,4590.0,4680.0,4379.78,20181800,1.2987,1.9481
ASII.JK,2025-07-08,4670.0,4670.0,4620.0,4660.0,4361.06,21173700,-0.4274,1.0707
ASII.JK,2025-07-09,4680.0,4720.0,4670.0,4720.0,4417.21,32577400,1.2876,1.0684
ASII.JK,2025-07-10,4720.0,4730.0,4680.0,4680.0,4379.78,21464100,-0.8475,1.0593
ASII.JK,2025-07-11,4720.0,4720.0,4680.0,4710.0,4407.85,19382400,0.641,0.8475
ASII.JK,2025-07-14,4710.0,4750.0,4650.0,4700.0,4398.49,32985800,-0.2123,2.1231
ASII.JK,2025-07-15,4700.0,4700.0,4630.0,4700.0,4398.49,25045900,0.0,1.4894
ASII.JK,2025-07-16,4700.0,4810.0,4690.0,4750.0,4445.29,53394000,1.0638,2.5532
ASII.JK,2025-07-17,4750.0,4820.0,4730.0,4790.0,4482.72,37859000,0.8421,1.8947
ASII.JK,2025-07-18,4810.0,4840.0,4750.0,4750.0,4445.29,23680400,-0.8351,1.8711
ASII.JK,2025-07-21,4810.0,4810.0,4720.0,4760.0,4454.64,17018900,0.2105,1.8711
ASII.JK,2025-07-22,4760.0,4760.0,4680.0,4690.0,4389.14,47232600,-1.4706,1.6807
ASII.JK,2025-07-23,4740.0,4950.0,4720.0,4950.0,4632.46,94669900,5.5437,4.8523
ASII.JK,2025-07-24,4990.0,5075.0,4980.0,5050.0,4726.04,72459700,2.0202,1.9038
ASII.JK,2025-07-25,5000.0,5050.0,4950.0,5000.0,4679.25,28079000,-0.9901,2.0
ASII.JK,2025-07-28,5025.0,5100.0,4990.0,5100.0,4772.83,59414600,2.0,2.1891
ASII.JK,2025-07-29,5100.0,5125.0,5025.0,5100.0,4772.83,36861000,0.0,1.9608
ASII.JK,2025-07-30,5100.0,5150.0,5075.0,5150.0,4819.63,53075600,0.9804,1.4706
ASII.JK,2025-07-31,5150.0,5175.0,5100.0,5100.0,4772.83,44048400,-0.9709,1.4563
ASII.JK,2025-08-01,5125.0,5150.0,4960.0,5000.0,4679.25,33392000,-1.9608,3.7073
ASII.JK,2025-08-04,5000.0,5050.0,4940.0,5025.0,4702.65,21561700,0.5,2.2
ASII.JK,2025-08-05,5050.0,5050.0,4990.0,5025.0,4702.65,20210600,0.0,1.1881
ASII.JK,2025-08-06,5025.0,5025.0,4900.0,4900.0,4585.66,24786300,-2.4876,2.4876
ASII.JK,2025-08-07,4920.0,5025.0,4920.0,4960.0,4641.81,25930000,1.2245,2.1341
ASII.JK,2025-08-08,4950.0,4990.0,4920.0,4920.0,4604.38,20639400,-0.8065,1.4141
ASII.JK,2025-08-11,4920.0,4930.0,4870.0,4900.0,4585.66,21955000,-0.4065,1.2195
ASII.JK,2025-08-12,4900.0,5025.0,4890.0,4990.0,4669.89,22725500,1.8367,2.7551
ASII.JK,2025-08-13,5100.0,5250.0,5025.0,5175.0,4843.02,103458500,3.7074,4.4118
ASII.JK,2025-08-14,5125.0,5150.0,5075.0,5100.0,4772.83,31796500,-1.4493,1.4634
ASII.JK,2025-08-15,5100.0,5125.0,5025.0,5025.0,4702.65,16434700,-1.4706,1.9608
ASII.JK,2025-08-19,5275.0,5575.0,5200.0,5525.0,5170.57,260942000,9.9502,7.109
ASII.JK,2025-08-20,5525.0,5550.0,5450.0,5525.0,5170.57,74517000,0.0,1.81
ASII.JK,2025-08-21,5525.0,5650.0,5500.0,5625.0,5264.15,76746200,1.81,2.7149
ASII.JK,2025-08-22,5650.0,5775.0,5600.0,5700.0,5334.34,73126900,1.3333,3.0973
ASII.JK,2025-08-25,5750.0,5775.0,5675.0,5750.0,5381.14,60737900,0.8772,1.7391
ASII.JK,2025-08-26,5725.0,5725.0,5475.0,5625.0,5264.15,79136200,-2.1739,4.3668
ASII.JK,2025-08-27,5650.0,5725.0,5500.0,5500.0,5147.17,33172600,-2.2222,3.9823
ASII.JK,2025-08-28,5525.0,5650.0,5525.0,5575.0,5217.36,18032900,1.3636,2.2624
ASII.JK,2025-08-29,5450.0,5625.0,5425.0,5500.0,5147.17,62869000,-1.3453,3.6697
ASII.JK,2025-09-01,5200.0,5500.0,5200.0,5450.0,5100.38,67904000,-0.9091,5.7692
ASII.JK,2025-09-02,5500.0,5550.0,5400.0,5475.0,5123.78,21623300,0.4587,2.7273
ASII.JK,2025-09-03,5525.0,5650.0,5450.0,5500.0,5147.17,45471600,0.4566,3.6199
ASII.JK,2025-09-04,5500.0,5500.0,5400.0,5500.0,5147.17,26987400,0.0,1.8182
ASII.JK,2025-09-08,5600.0,5600.0,5350.0,5425.0,5076.99,57081800,-1.3636,4.4643
ASII.JK,2025-09-09,5400.0,5600.0,5350.0,5525.0,5170.57,49240100,1.8433,4.6296
ASII.JK,2025-09-10,5525.0,5525.0,5400.0,5475.0,5123.78,22964700,-0.905,2.2624
ASII.JK,2025-09-11,5475.0,5600.0,5450.0,5550.0,5193.97,28151500,1.3699,2.7397
ASII.JK,2025-09-12,5625.0,5700.0,5600.0,5675.0,5310.95,30653500,2.2523,1.7778
ASII.JK,2025-09-15,5675.0,5700.0,5600.0,5625.0,5264.15,26368000,-0.8811,1.7621
ASII.JK,2025-09-16,5650.0,5675.0,5600.0,5650.0,5287.55,15987900,0.4444,1.3274
ASII.JK,2025-09-17,5650.0,5700.0,5600.0,5700.0,5334.34,23879700,0.885,1.7699
ASII.JK,2025-09-18,5700.0,5725.0,5550.0,5575.0,5217.36,27261300,-2.193,3.0702
ASII.JK,2025-09-19,5575.0,5750.0,5575.0,5725.0,5357.74,52162200,2.6906,3.139
ASII.JK,2025-09-22,5725.0,5725.0,5625.0,5700.0,5334.34,35106300,-0.4367,1.7467
ASII.JK,2025-09-23,5675.0,5950.0,5650.0,5900.0,5521.51,41044200,3.5088,5.2863
ASII.JK,2025-09-24,5950.0,5950.0,5850.0,5900.0,5521.51,61167600,0.0,1.6807
ASII.JK,2025-09-25,5900.0,5900.0,5750.0,5775.0,5404.53,35805100,-2.1186,2.5424
ASII.JK,2025-09-26,5875.0,6000.0,5775.0,5875.0,5498.12,42677800,1.7316,3.8298
ASII.JK,2025-09-29,5875.0,5900.0,5750.0,5775.0,5404.53,20892700,-1.7021,2.5532
ASII.JK,2025-09-30,5750.0,5825.0,5700.0,5775.0,5404.53,41266900,0.0,2.1739
ASII.JK,2025-10-01,5825.0,5850.0,5650.0,5675.0,5310.95,26508200,-1.7316,3.4335
ASII.JK,2025-10-02,5750.0,5750.0,5625.0,5700.0,5334.34,29346300,0.4405,2.1739
ASII.JK,2025-10-03,5750.0,5850.0,5750.0,5825.0,5451.32,27951100,2.193,1.7391
ASII.JK,2025-10-06,5900.0,5925.0,5800.0,5825.0,5451.32,21809400,0.0,2.1186
ASII.JK,2025-10-07,5925.0,6050.0,5725.0,5750.0,5381.14,43328700,-1.2876,5.4852
ASII.JK,2025-10-08,5825.0,5875.0,5650.0,5725.0,5357.74,30080700,-0.4348,3.8627
ASII.JK,2025-10-09,5775.0,5925.0,5750.0,5925.0,5544.91,27699300,3.4934,3.0303
ASII.JK,2025-10-10,5925.0,5950.0,5850.0,5900.0,5521.51,27133800,-0.4219,1.6878
ASII.JK,2025-10-13,5850.0,5925.0,5775.0,5800.0,5427.93,29034500,-1.6949,2.5641
ASII.JK,2025-10-14,5800.0,6025.0,5800.0,5825.0,5545.02,53096200,0.431,3.8793
ASII.JK,2025-10-15,5950.0,5950.0,5750.0,5775.0,5497.42,96604500,-0.8584,3.3613
ASII.JK,2025-10-16,5850.0,5850.0,5750.0,5750.0,5473.62,15044500,-0.4329,1.7094
ASII.JK,2025-10-17,5725.0,5800.0,5575.0,5625.0,5354.63,31793700,-2.1739,3.9301
ASII.JK,2025-10-20,5625.0,5925.0,5625.0,5925.0,5640.21,29959700,5.3333,5.3333
ASII.JK,2025-10-21,6000.0,6050.0,5900.0,6000.0,5711.6,46181700,1.2658,2.5
ASII.JK,2025-10-22,6050.0,6300.0,6000.0,6175.0,5878.19,98615300,2.9167,4.9587
ASII.JK,2025-10-23,6075.0,6400.0,6075.0,6325.0,6020.98,60009000,2.4291,5.3498
ASII.JK,2025-10-24,6375.0,6675.0,6350.0,6575.0,6258.97,93344500,3.9526,5.098
ASII.JK,2025-10-27,6600.0,6725.0,6375.0,6600.0,6282.77,64262300,0.3802,5.303
ASII.JK,2025-10-28,6600.0,6600.0,6275.0,6325.0,6020.98,37953500,-4.1667,4.9242
ASII.JK,2025-10-29,6250.0,6500.0,6225.0,6475.0,6163.77,39818900,2.3715,4.4
ASII.JK,2025-10-30,6425.0,6450.0,6250.0,6275.0,5973.39,28976800,-3.0888,3.1128
ASII.JK,2025-10-31,6250.0,6300.0,6125.0,6150.0,5854.4,64790000,-1.992,2.8
ASII.JK,2025-11-03,6150.0,6450.0,6150.0,6350.0,6044.78,59085000,3.252,4.878
ASII.JK,2025-11-04,6300.0,6375.0,6250.0,6300.0,5997.19,62249200,-0.7874,1.9841
ASII.JK,2025-11-05,6250.0,6325.0,6175.0,6250.0,5949.59,43439100,-0.7937,2.4
ASII.JK,2025-11-06,6300.0,6350.0,6200.0,6325.0,6020.98,48979900,1.2,2.381
ASII.JK,2025-11-07,6325.0,6450.0,6300.0,6425.0,6116.18,42960800,1.581,2.3715
ASII.JK,2025-11-10,6500.0,6500.0,6400.0,6425.0,6116.18,45533400,0.0,1.5385
ASII.JK,2025-11-11,6550.0,6600.0,6450.0,6525.0,6211.37,43529600,1.5564,2.2901
ASII.JK,2025-11-12,6550.0,6575.0,6400.0,6450.0,6139.98,37083400,-1.1494,2.6718
ASII.JK,2025-11-13,6425.0,6425.0,6350.0,6375.0,6068.58,21200000,-1.1628,1.1673
ASII.JK,2025-11-14,6375.0,6450.0,6325.0,6400.0,6092.38,23431700,0.3922,1.9608
ASII.JK,2025-11-17,6400.0,6500.0,6375.0,6450.0,6139.98,40681500,0.7812,1.9531
ASII.JK,2025-11-18,6475.0,6550.0,6400.0,6425.0,6116.18,27510900,-0.3876,2.3166
ASII.JK,2025-11-19,6425.0,6475.0,6275.0,6400.0,6092.38,45476700,-0.3891,3.1128
ASII.JK,2025-11-20,6450.0,6500.0,6375.0,6425.0,6116.18,30547700,0.3906,1.938
ASII.JK,2025-11-21,6400.0,6425.0,6325.0,6425.0,6116.18,43653200,0.0,1.5625
ASII.JK,2025-11-24,6500.0,6525.0,6425.0,6475.0,6163.77,71721700,0.7782,1.5385
ASII.JK,2025-11-25,6425.0,6475.0,6375.0,6450.0,6139.98,20954400,-0.3861,1.5564
ASII.JK,2025-11-26,6500.0,6600.0,6425.0,6600.0,6282.77,29331000,2.3256,2.6923
ASII.JK,2025-11-27,6600.0,6600.0,6450.0,6575.0,6258.97,23737100,-0.3788,2.2727
ASII.JK,2025-11-28,6600.0,6600.0,6500.0,6550.0,6235.17,38378700,-0.3802,1.5152
ASII.JK,2025-12-01,6375.0,6500.0,6325.0,6375.0,6068.58,38669000,-2.6718,2.7451
ASII.JK,2025-12-02,6575.0,6625.0,6500.0,6625.0,6306.56,53567600,3.9216,1.9011
ASII.JK,2025-12-03,6600.0,6650.0,6550.0,6600.0,6282.77,24386200,-0.3774,1.5152
ASII.JK,2025-12-04,6575.0,6725.0,6550.0,6725.0,6401.76,38510600,1.8939,2.6616
ASII.JK,2025-12-05,6725.0,6900.0,6700.0,6700.0,6377.96,67707300,-0.3717,2.974
ASII.JK,2025-12-08,6825.0,6825.0,6625.0,6725.0,6401.76,38776000,0.3731,2.9304
ASII.JK,2025-12-09,6775.0,6775.0,6450.0,6600.0,6282.77,38482800,-1.8587,4.797
ASII.JK,2025-12-10,6700.0,6725.0,6550.0,6625.0,6306.56,34524000,0.3788,2.6119
ASII.JK,2025-12-11,6650.0,6675.0,6350.0,6450.0,6139.98,42116700,-2.6415,4.8872
ASII.JK,2025-12-12,6550.0,6600.0,6425.0,6600.0,6282.77,28841900,2.3256,2.6718
ASII.JK,2025-12-15,6725.0,6725.0,6525.0,6600.0,6282.77,38096700,0.0,2.974
ASII.JK,2025-12-16,6575.0,6600.0,6500.0,6600.0,6282.77,34723600,0.0,1.5209
ASII.JK,2025-12-17,6550.0,6600.0,6500.0,6600.0,6282.77,32681400,0.0,1.5267
ASII.JK,2025-12-18,6600.0,6600.0,6475.0,6500.0,6187.57,20454400,-1.5152,1.8939
ASII.JK,2025-12-19,6575.0,6575.0,6425.0,6525.0,6211.37,61201100,0.3846,2.2814
ASII.JK,2025-12-22,6450.0,6600.0,6450.0,6575.0,6258.97,30755900,0.7663,2.3256
ASII.JK,2025-12-23,6500.0,6575.0,6450.0,6500.0,6187.57,13756700,-1.1407,1.9231
ASII.JK,2025-12-24,6450.0,6675.0,6450.0,6625.0,6306.56,20273000,1.9231,3.4884
ASII.JK,2025-12-29,6625.0,6725.0,6600.0,6675.0,6354.16,20982300,0.7547,1.8868
ASII.JK,2025-12-30,6675.0,6725.0,6600.0,6700.0,6377.96,23486000,0.3745,1.8727
ASII.JK,2026-01-02,6600.0,6800.0,6600.0,6800.0,6473.15,19569100,1.4925,3.0303
ASII.JK,2026-01-05,6775.0,6875.0,6675.0,6875.0,6544.55,30633400,1.1029,2.952
ASII.JK,2026-01-06,6875.0,6900.0,6700.0,6900.0,6568.35,33964700,0.3636,2.9091
ASII.JK,2026-01-07,6800.0,7075.0,6800.0,7025.0,6687.34,55249800,1.8116,4.0441
ASII.JK,2026-01-08,7025.0,7100.0,6975.0,7000.0,6663.54,30845500,-0.3559,1.7794
ASII.JK,2026-01-09,7000.0,7100.0,6825.0,6875.0,6544.55,29171000,-1.7857,3.9286
ASII.JK,2026-01-12,6925.0,7000.0,6900.0,7000.0,6663.54,24915100,1.8182,1.444
ASII.JK,2026-01-13,7075.0,7300.0,7025.0,7300.0,6949.12,65659900,4.2857,3.8869
ASII.JK,2026-01-14,7200.0,7225.0,7025.0,7125.0,6782.53,40658400,-2.3973,2.7778
ASII.JK,2026-01-15,7200.0,7200.0,7000.0,7050.0,6711.14,26410300,-1.0526,2.7778
ASII.JK,2026-01-19,7200.0,7475.0,7175.0,7400.0,7044.31,51590900,4.9645,4.1667
ASII.JK,2026-01-20,7350.0,7375.0,7225.0,7275.0,6925.32,21167100,-1.6892,2.0408
ASII.JK,2026-01-21,6300.0,6800.0,6300.0,6600.0,6282.77,269454100,-9.2784,7.9365
ASII.JK,2026-01-22,6700.0,6850.0,6625.0,6775.0,6449.35,70220500,2.6515,3.3582
ASII.JK,2026-01-23,6800.0,6900.0,6650.0,6825.0,6496.95,52227800,0.738,3.6765
ASII.JK,2026-01-26,6850.0,6875.0,6700.0,6875.0,6544.55,55468700,0.7326,2.5547
ASII.JK,2026-01-27,6775.0,6800.0,6225.0,6300.0,5997.19,145465800,-8.3636,8.4871
ASII.JK,2026-01-28,6200.0,6475.0,5775.0,6175.0,5878.19,200262500,-1.9841,11.2903
ASII.JK,2026-01-29,6200.0,6475.0,5725.0,6475.0,6163.77,136295200,4.8583,12.0968
ASII.JK,2026-01-30,6525.0,6550.0,6300.0,6350.0,6044.78,101087200,-1.9305,3.8314
ASII.JK,2026-02-02,6350.0,6400.0,6175.0,6275.0,5973.39,71571500,-1.1811,3.5433
ASII.JK,2026-02-03,6375.0,6800.0,6325.0,6800.0,6473.15,63526500,8.3665,7.451
ASII.JK,2026-02-04,6800.0,6825.0,6625.0,6675.0,6354.16,58211100,-1.8382,2.9412
ASII.JK,2026-02-05,6725.0,7000.0,6725.0,6950.0,6615.94,72792600,4.1199,4.0892
ASII.JK,2026-02-06,6800.0,6800.0,6575.0,6700.0,6377.96,49547300,-3.5971,3.3088
ASII.JK,2026-02-09,6750.0,6750.0,6525.0,6650.0,6330.36,34797900,-0.7463,3.3333
ASII.JK,2026-02-10,6700.0,6850.0,6650.0,6850.0,6520.75,45371100,3.0075,2.9851
ASII.JK,2026-02-11,6800.0,6825.0,6700.0,6750.0,6425.56,41050100,-1.4599,1.8382
ASII.JK,2026-02-12,6775.0,6900.0,6750.0,6775.0,6449.35,26536900,0.3704,2.214
ASII.JK,2026-02-13,6775.0,6775.0,6575.0,6650.0,6330.36,31212900,-1.845,2.952
ASII.JK,2026-02-18,6750.0,6750.0,6650.0,6700.0,6377.96,25858200,0.7519,1.4815
ASII.JK,2026-02-19,6700.0,6775.0,6550.0,6600.0,6282.77,46704000,-1.4925,3.3582
ASII.JK,2026-02-20,6600.0,6650.0,6550.0,6550.0,6235.17,28160900,-0.7576,1.5152
ASII.JK,2026-02-23,6625.0,6650.0,6550.0,6625.0,6306.56,38075400,1.145,1.5094
ASII.JK,2026-02-24,6650.0,6725.0,6550.0,6550.0,6235.17,51297100,-1.1321,2.6316
ASII.JK,2026-02-25,6600.0,6675.0,6575.0,6650.0,6330.36,45214100,1.5267,1.5152
ASII.JK,2026-02-26,6700.0,6725.0,6575.0,6725.0,6401.76,30901600,1.1278,2.2388
ASII.JK,2026-02-27,6725.0,6750.0,6575.0,6675.0,6354.16,68396400,-0.7435,2.6022
ASII.JK,2026-03-02,6600.0,6625.0,6275.0,6300.0,5997.19,60477400,-5.618,5.303
ASII.JK,2026-03-03,6400.0,6425.0,6250.0,6275.0,5973.39,31573300,-0.3968,2.7344
ASII.JK,2026-03-04,6275.0,6325.0,6000.0,6150.0,5854.4,49747800,-1.992,5.1793
ASII.JK,2026-03-05,6300.0,6350.0,6200.0,6325.0,6020.98,38471400,2.8455,2.381
ASII.JK,2026-03-06,6300.0,6300.0,6050.0,6125.0,5830.6,38071100,-3.1621,3.9683
ASII.JK,2026-03-09,5900.0,5900.0,5800.0,5850.0,5568.81,46625500,-4.4898,1.6949
ASII.JK,2026-03-10,5900.0,6150.0,5900.0,6000.0,5711.6,33964900,2.5641,4.2373
ASII.JK,2026-03-11,6000.0,6050.0,5875.0,5950.0,5664.01,18403300,-0.8333,2.9167
ASII.JK,2026-03-12,5975.0,6050.0,5900.0,5950.0,5664.01,20628100,0.0,2.5105
ASII.JK,2026-03-13,5900.0,5950.0,5775.0,5825.0,5545.02,27856000,-2.1008,2.9661
ASII.JK,2026-03-16,5875.0,5900.0,5675.0,5850.0,5568.81,37696400,0.4292,3.8298
ASII.JK,2026-03-17,5925.0,5925.0,5750.0,5800.0,5521.22,89895700,-0.8547,2.9536
ASII.JK,2026-03-25,6300.0,6600.0,6100.0,6600.0,6282.77,134276600,13.7931,7.9365
ASII.JK,2026-03-26,6575.0,6575.0,6225.0,6250.0,5949.59,45012000,-5.303,5.3232
ASII.JK,2026-03-27,6200.0,6225.0,6050.0,6125.0,5830.6,32993200,-2.0,2.8226
ASII.JK,2026-03-30,6100.0,6400.0,6000.0,6350.0,6044.78,48246100,3.6735,6.5574
ASII.JK,2026-03-31,6350.0,6350.0,6175.0,6250.0,5949.59,31516100,-1.5748,2.7559
ASII.JK,2026-04-01,6275.0,6350.0,6125.0,6250.0,5949.59,37708800,0.0,3.5857
ASII.JK,2026-04-02,6150.0,6300.0,6025.0,6075.0,5783.0,37842500,-2.8,4.4715
ASII.JK,2026-04-06,6075.0,6125.0,6025.0,6100.0,5806.8,15705000,0.4115,1.6461
ASII.JK,2026-04-07,6075.0,6075.0,5875.0,5900.0,5616.41,22912400,-3.2787,3.2922
ASII.JK,2026-04-08,6050.0,6250.0,6025.0,6200.0,5901.99,28419500,5.0847,3.719
ASII.JK,2026-04-09,6150.0,6175.0,6050.0,6175.0,5878.19,25785600,-0.4032,2.0325
ASII.JK,2026-04-10,6225.0,6350.0,6200.0,6300.0,5997.19,37451300,2.0243,2.4096
ASII.JK,2026-04-13,6275.0,6275.0,6150.0,6175.0,5878.19,35616700,-1.9841,1.992
ASII.JK,2026-04-14,6250.0,6275.0,6100.0,6150.0,5854.4,35499900,-0.4049,2.8
ASII.JK,2026-04-15,6250.0,6400.0,6225.0,6300.0,5997.19,54204700,2.439,2.8
ASII.JK,2026-04-16,6350.0,6375.0,6175.0,6200.0,5901.99,28237100,-1.5873,3.1496
ASII.JK,2026-04-17,6275.0,6475.0,6250.0,6375.0,6068.58,25291100,2.8226,3.5857
ASII.JK,2026-04-20,6375.0,6450.0,6275.0,6350.0,6044.78,18307400,-0.3922,2.7451
ASII.JK,2026-04-21,6450.0,6450.0,6300.0,6325.0,6020.98,25696400,-0.3937,2.3256
ASII.JK,2026-04-22,6425.0,6625.0,6375.0,6600.0,6282.77,42250100,4.3478,3.8911
ASII.JK,2026-04-23,6600.0,6625.0,6325.0,6325.0,6020.98,31725300,-4.1667,4.5455
ASII.JK,2026-04-24,6400.0,6475.0,6275.0,6325.0,6020.98,27751700,0.0,3.125
ASII.JK,2026-04-27,6375.0,6375.0,6125.0,6125.0,5830.6,19496400,-3.1621,3.9216
ASII.JK,2026-04-28,6150.0,6200.0,6025.0,6025.0,5735.4,36965000,-1.6327,2.8455
ASII.JK,2026-04-29,6125.0,6250.0,6025.0,6050.0,5759.2,26325800,0.4149,3.6735
ASII.JK,2026-04-30,6075.0,6075.0,5975.0,5975.0,5687.81,47690300,-1.2397,1.6461
ASII.JK,2026-05-04,6050.0,6125.0,6025.0,6075.0,5783.0,33999000,1.6736,1.6529
ASII.JK,2026-05-05,5825.0,5950.0,5725.0,5875.0,5875.0,38038400,-3.2922,3.8627
ASII.JK,2026-05-06,5950.0,5975.0,5750.0,5750.0,5750.0,27273500,-2.1277,3.7815
ASII.JK,2026-05-07,5800.0,5900.0,5775.0,5850.0,5850.0,37017100,1.7391,2.1552
ASII.JK,2026-05-08,5875.0,6000.0,5800.0,5825.0,5825.0,36425000,-0.4274,3.4043
ASII.JK,2026-05-11,5925.0,6050.0,5825.0,6050.0,6050.0,26376000,3.8627,3.7975
ASII.JK,2026-05-12,6050.0,6100.0,5850.0,5850.0,5850.0,25658100,-3.3058,4.1322
ASII.JK,2026-05-13,5850.0,5900.0,5750.0,5750.0,5750.0,32026500,-1.7094,2.5641
ASII.JK,2026-05-14,5750.0,5750.0,5750.0,5750.0,5750.0,0,0.0,0.0
ASII.JK,2026-05-15,5750.0,5750.0,5750.0,5750.0,5750.0,0,0.0,0.0
ASII.JK,2026-05-18,5825.0,6000.0,5775.0,6000.0,6000.0,54305300,4.3478,3.8627
ASII.JK,2026-05-19,6000.0,6050.0,5925.0,5950.0,5950.0,34901400,-0.8333,2.0833
ASII.JK,2026-05-20,5950.0,6100.0,5900.0,5975.0,5975.0,37175000,0.4202,3.3613
ASII.JK,2026-05-21,6000.0,6025.0,5600.0,5600.0,5600.0,57790800,-6.2762,7.0833
ASII.JK,2026-05-22,5625.0,5650.0,5300.0,5400.0,5400.0,65064200,-3.5714,6.2222
ASII.JK,2026-05-25,5425.0,5625.0,5325.0,5600.0,5600.0,92115700,3.7037,5.53
ASII.JK,2026-05-26,5575.0,5600.0,5125.0,5125.0,5125.0,82648100,-8.4821,8.5202
ASII.JK,2026-05-27,5125.0,5125.0,5125.0,5125.0,5125.0,0,0.0,0.0
ASII.JK,2026-05-28,5125.0,5125.0,5125.0,5125.0,5125.0,0,0.0,0.0
ASII.JK,2026-05-29,4800.0,5200.0,4800.0,5000.0,5000.0,481573900,-2.439,8.3333
ASII.JK,2026-06-02,5000.0,5050.0,4840.0,4900.0,4900.0,156532600,-2.0,4.2
ASII.JK,2026-06-03,4900.0,4920.0,4670.0,4840.0,4840.0,101108500,-1.2245,5.102
ASII.JK,2026-06-04,4810.0,4840.0,4570.0,4630.0,4630.0,160423900,-4.3388,5.6133
ASII.JK,2026-06-05,4600.0,4620.0,4530.0,4570.0,4570.0,64364700,-1.2959,1.9565
ASII.JK,2026-06-08,4550.0,4550.0,4350.0,4360.0,4360.0,85460100,-4.5952,4.3956
ASII.JK,2026-06-09,4360.0,4680.0,4360.0,4670.0,4670.0,84193600,7.1101,7.3394
ASII.JK,2026-06-10,4650.0,4750.0,4530.0,4700.0,4700.0,91880000,0.6424,4.7312
ASII.JK,2026-06-11,4700.0,4950.0,4680.0,4700.0,4700.0,85205900,0.0,5.7447
ASII.JK,2026-06-12,4760.0,4810.0,4720.0,4740.0,4740.0,66162000,0.8511,1.8908
ASII.JK,2026-06-15,4900.0,4980.0,4880.0,4890.0,4890.0,89864300,3.1646,2.0408
ASII.JK,2026-06-17,4880.0,4910.0,4790.0,4800.0,4800.0,72821600,-1.8405,2.459
ASII.JK,2026-06-18,4800.0,4830.0,4710.0,4770.0,4770.0,60565200,-0.625,2.5
ASII.JK,2026-06-19,4770.0,4830.0,4750.0,4810.0,4810.0,229098200,0.8386,1.6771
ASII.JK,2026-06-22,4880.0,4880.0,4710.0,4730.0,4730.0,46627400,-1.6632,3.4836
ASII.JK,2026-06-23,4730.0,4780.0,4650.0,4680.0,4680.0,57376700,-1.0571,2.7484
ASII.JK,2026-06-24,4830.0,4830.0,4630.0,4640.0,4640.0,53683100,-0.8547,4.1408
ASII.JK,2026-06-25,4640.0,4950.0,4640.0,4920.0,4920.0,88497000,6.0345,6.681
ASII.JK,2026-06-26,4920.0,4930.0,4710.0,4760.0,4760.0,64841400,-3.252,4.4715
ASII.JK,2026-06-29,4770.0,4770.0,4680.0,4710.0,4710.0,25237300,-1.0504,1.8868
ASII.JK,2026-06-30,4710.0,4720.0,4470.0,4520.0,4520.0,81706000,-4.034,5.3079
ASII.JK,2026-07-01,4530.0,4650.0,4500.0,4600.0,4600.0,30899300,1.7699,3.3113
ASII.JK,2026-07-02,4620.0,4680.0,4580.0,4580.0,4580.0,52263400,-0.4348,2.1645
ASII.JK,2026-07-03,4600.0,4830.0,4600.0,4810.0,4810.0,24908400,5.0218,5.0
UNVR.JK,2024-07-03,2970.0,2970.0,2920.0,2940.0,2513.19,13475700,,1.6835
UNVR.JK,2024-07-04,2930.0,2950.0,2900.0,2920.0,2496.1,9162800,-0.6803,1.7065
UNVR.JK,2024-07-05,2920.0,2940.0,2910.0,2910.0,2487.55,3813800,-0.3425,1.0274
UNVR.JK,2024-07-08,2920.0,3050.0,2920.0,3050.0,2607.22,13331300,4.811,4.4521
UNVR.JK,2024-07-09,3070.0,3080.0,2970.0,3000.0,2564.48,9920600,-1.6393,3.5831
UNVR.JK,2024-07-10,3000.0,3010.0,2950.0,2960.0,2530.29,7287100,-1.3333,2.0
UNVR.JK,2024-07-11,2970.0,2990.0,2900.0,2900.0,2479.0,15616700,-2.027,3.0303
UNVR.JK,2024-07-12,2910.0,2950.0,2900.0,2920.0,2496.1,8178100,0.6897,1.7182
UNVR.JK,2024-07-15,2940.0,2950.0,2890.0,2930.0,2504.64,11015000,0.3425,2.0408
UNVR.JK,2024-07-16,2930.0,2930.0,2810.0,2810.0,2402.07,16544200,-4.0956,4.0956
UNVR.JK,2024-07-17,2830.0,2880.0,2820.0,2860.0,2444.81,6442600,1.7794,2.1201
UNVR.JK,2024-07-18,2860.0,2880.0,2800.0,2800.0,2393.52,15388600,-2.0979,2.7972
UNVR.JK,2024-07-19,2800.0,2830.0,2770.0,2800.0,2393.52,13042200,0.0,2.1429
UNVR.JK,2024-07-22,2800.0,2830.0,2730.0,2740.0,2342.23,11835200,-2.1429,3.5714
UNVR.JK,2024-07-23,2740.0,2770.0,2710.0,2730.0,2333.68,9975200,-0.365,2.1898
UNVR.JK,2024-07-24,2730.0,2740.0,2700.0,2720.0,2325.13,8819600,-0.3663,1.4652
UNVR.JK,2024-07-25,2600.0,2630.0,2460.0,2490.0,2128.52,49706400,-8.4559,6.5385
UNVR.JK,2024-07-26,2500.0,2520.0,2480.0,2490.0,2128.52,10432400,0.0,1.6
UNVR.JK,2024-07-29,2490.0,2520.0,2450.0,2460.0,2102.88,15273200,-1.2048,2.8112
UNVR.JK,2024-07-30,2480.0,2480.0,2410.0,2430.0,2077.23,13418000,-1.2195,2.8226
UNVR.JK,2024-07-31,2440.0,2450.0,2410.0,2440.0,2085.78,12819500,0.4115,1.6393
UNVR.JK,2024-08-01,2440.0,2510.0,2440.0,2500.0,2137.07,12299900,2.459,2.8689
UNVR.JK,2024-08-02,2500.0,2540.0,2430.0,2430.0,2077.23,12724200,-2.8,4.4
UNVR.JK,2024-08-05,2430.0,2450.0,2370.0,2410.0,2060.13,12797900,-0.823,3.2922
UNVR.JK,2024-08-06,2430.0,2490.0,2410.0,2460.0,2102.88,13817000,2.0747,3.2922
UNVR.JK,2024-08-07,2460.0,2480.0,2440.0,2480.0,2119.97,7543700,0.813,1.626
UNVR.JK,2024-08-08,2470.0,2500.0,2460.0,2460.0,2102.88,6237100,-0.8065,1.6194
UNVR.JK,2024-08-09,2470.0,2490.0,2440.0,2460.0,2102.88,4069500,0.0,2.0243
UNVR.JK,2024-08-12,2460.0,2480.0,2440.0,2460.0,2102.88,6165000,0.0,1.626
UNVR.JK,2024-08-13,2470.0,2470.0,2430.0,2450.0,2094.33,9960500,-0.4065,1.6194
UNVR.JK,2024-08-14,2450.0,2460.0,2410.0,2430.0,2077.23,19701700,-0.8163,2.0408
UNVR.JK,2024-08-15,2410.0,2430.0,2380.0,2380.0,2034.49,14678100,-2.0576,2.0747
UNVR.JK,2024-08-16,2390.0,2410.0,2380.0,2390.0,2043.04,15338700,0.4202,1.2552
UNVR.JK,2024-08-19,2390.0,2410.0,2340.0,2360.0,2017.39,27231100,-1.2552,2.9289
UNVR.JK,2024-08-20,2360.0,2410.0,2340.0,2370.0,2025.94,47604400,0.4237,2.9661
UNVR.JK,2024-08-21,2380.0,2430.0,2360.0,2360.0,2017.39,58997300,-0.4219,2.9412
UNVR.JK,2024-08-22,2360.0,2390.0,2330.0,2350.0,2008.84,23164600,-0.4237,2.5424
UNVR.JK,2024-08-23,2350.0,2380.0,2350.0,2350.0,2008.84,17697600,0.0,1.2766
UNVR.JK,2024-08-26,2350.0,2380.0,2330.0,2350.0,2008.84,20397600,0.0,2.1277
UNVR.JK,2024-08-27,2350.0,2360.0,2250.0,2290.0,1957.55,53066300,-2.5532,4.6809
UNVR.JK,2024-08-28,2290.0,2290.0,2240.0,2250.0,1923.36,33915800,-1.7467,2.1834
UNVR.JK,2024-08-29,2250.0,2280.0,2240.0,2240.0,1914.81,16896700,-0.4444,1.7778
UNVR.JK,2024-08-30,2240.0,2280.0,2240.0,2270.0,1940.46,35048000,1.3393,1.7857
UNVR.JK,2024-09-02,2280.0,2330.0,2260.0,2290.0,1957.55,33193700,0.8811,3.0702
UNVR.JK,2024-09-03,2290.0,2300.0,2250.0,2250.0,1923.36,20121900,-1.7467,2.1834
UNVR.JK,2024-09-04,2250.0,2260.0,2230.0,2240.0,1914.81,17653400,-0.4444,1.3333
UNVR.JK,2024-09-05,2240.0,2250.0,2220.0,2220.0,1897.72,19923600,-0.8929,1.3393
UNVR.JK,2024-09-06,2220.0,2250.0,2200.0,2220.0,1897.72,22143400,0.0,2.2523
UNVR.JK,2024-09-09,2220.0,2230.0,2170.0,2190.0,1872.07,28639100,-1.3514,2.7027
UNVR.JK,2024-09-10,2190.0,2240.0,2190.0,2210.0,1889.17,15566300,0.9132,2.2831
UNVR.JK,2024-09-11,2210.0,2270.0,2190.0,2190.0,1872.07,19451900,-0.905,3.6199
UNVR.JK,2024-09-12,2200.0,2240.0,2190.0,2220.0,1897.72,19386200,1.3699,2.2727
UNVR.JK,2024-09-13,2220.0,2230.0,2180.0,2200.0,1880.62,22249000,-0.9009,2.2523
UNVR.JK,2024-09-17,2200.0,2210.0,2170.0,2180.0,1863.52,16822800,-0.9091,1.8182
UNVR.JK,2024-09-18,2190.0,2210.0,2180.0,2210.0,1889.17,14504400,1.3761,1.3699
UNVR.JK,2024-09-19,2210.0,2300.0,2200.0,2200.0,1880.62,71191900,-0.4525,4.5249
UNVR.JK,2024-09-20,2200.0,2210.0,2170.0,2170.0,1854.98,41017800,-1.3636,1.8182
UNVR.JK,2024-09-23,2190.0,2210.0,2170.0,2210.0,1889.17,17520500,1.8433,1.8265
UNVR.JK,2024-09-24,2220.0,2270.0,2210.0,2260.0,1931.91,25946800,2.2624,2.7027
UNVR.JK,2024-09-25,2260.0,2300.0,2240.0,2300.0,1966.1,36252700,1.7699,2.6549
UNVR.JK,2024-09-26,2300.0,2310.0,2260.0,2300.0,1966.1,24682000,0.0,2.1739
UNVR.JK,2024-09-27,2310.0,2340.0,2270.0,2270.0,1940.46,38117300,-1.3043,3.0303
UNVR.JK,2024-09-30,2270.0,2290.0,2210.0,2210.0,1889.17,29424700,-2.6432,3.5242
UNVR.JK,2024-10-01,2230.0,2240.0,2190.0,2210.0,1889.17,19633500,0.0,2.2422
UNVR.JK,2024-10-02,2200.0,2210.0,2160.0,2170.0,1854.98,28428400,-1.81,2.2727
UNVR.JK,2024-10-03,2170.0,2200.0,2140.0,2190.0,1872.07,17310900,0.9217,2.765
UNVR.JK,2024-10-04,2190.0,2200.0,2170.0,2170.0,1854.98,8635300,-0.9132,1.3699
UNVR.JK,2024-10-07,2180.0,2270.0,2180.0,2270.0,1940.46,27472500,4.6083,4.1284
UNVR.JK,2024-10-08,2270.0,2330.0,2240.0,2310.0,1974.65,31078200,1.7621,3.9648
UNVR.JK,2024-10-09,2310.0,2350.0,2280.0,2280.0,1949.01,24865600,-1.2987,3.0303
UNVR.JK,2024-10-10,2310.0,2320.0,2260.0,2280.0,1949.01,11655300,0.0,2.5974
UNVR.JK,2024-10-11,2280.0,2300.0,2240.0,2270.0,1940.46,11215100,-0.4386,2.6316
UNVR.JK,2024-10-14,2270.0,2320.0,2250.0,2320.0,1983.2,15728600,2.2026,3.0837
UNVR.JK,2024-10-15,2320.0,2380.0,2310.0,2350.0,2008.84,40827200,1.2931,3.0172
UNVR.JK,2024-10-16,2370.0,2440.0,2320.0,2440.0,2085.78,43977800,3.8298,5.0633
UNVR.JK,2024-10-17,2400.0,2410.0,2370.0,2370.0,2025.94,21524500,-2.8689,1.6667
UNVR.JK,2024-10-18,2370.0,2370.0,2330.0,2330.0,1991.75,12024900,-1.6878,1.6878
UNVR.JK,2024-10-21,2340.0,2370.0,2300.0,2330.0,1991.75,20893700,0.0,2.9915
UNVR.JK,2024-10-22,2330.0,2360.0,2310.0,2320.0,1983.2,21455700,-0.4292,2.1459
UNVR.JK,2024-10-23,2320.0,2340.0,2290.0,2330.0,1991.75,12440600,0.431,2.1552
UNVR.JK,2024-10-24,2170.0,2200.0,2100.0,2130.0,1820.78,81409800,-8.5837,4.6083
UNVR.JK,2024-10-25,2130.0,2160.0,2100.0,2100.0,1795.14,30244700,-1.4085,2.8169
UNVR.JK,2024-10-28,2100.0,2110.0,2020.0,2020.0,1726.75,23210300,-3.8095,4.2857
UNVR.JK,2024-10-29,2020.0,2060.0,1990.0,2020.0,1726.75,31036200,0.0,3.4653
UNVR.JK,2024-10-30,2020.0,2020.0,1960.0,1960.0,1675.46,29695000,-2.9703,2.9703
UNVR.JK,2024-10-31,1960.0,1985.0,1960.0,1965.0,1679.74,12410700,0.2551,1.2755
UNVR.JK,2024-11-01,1965.0,1970.0,1950.0,1955.0,1671.19,9685800,-0.5089,1.0178
UNVR.JK,2024-11-04,1955.0,1960.0,1870.0,1870.0,1598.53,22080600,-4.3478,4.6036
UNVR.JK,2024-11-05,1870.0,1895.0,1780.0,1780.0,1521.59,44741100,-4.8128,6.1497
UNVR.JK,2024-11-06,1775.0,1790.0,1745.0,1755.0,1500.22,35209700,-1.4045,2.5352
UNVR.JK,2024-11-07,1755.0,1785.0,1735.0,1735.0,1483.13,19840000,-1.1396,2.849
UNVR.JK,2024-11-08,1745.0,1775.0,1740.0,1760.0,1504.5,19093300,1.4409,2.0057
UNVR.JK,2024-11-11,1765.0,1770.0,1735.0,1740.0,1487.4,22473500,-1.1364,1.983
UNVR.JK,2024-11-12,1745.0,1825.0,1740.0,1825.0,1560.06,24318400,4.8851,4.8711
UNVR.JK,2024-11-13,1895.0,1895.0,1800.0,1800.0,1538.69,22535900,-1.3699,5.0132
UNVR.JK,2024-11-14,1800.0,1815.0,1770.0,1770.0,1513.04,12795300,-1.6667,2.5
UNVR.JK,2024-11-15,1770.0,1850.0,1770.0,1845.0,1577.16,25035400,4.2373,4.5198
UNVR.JK,2024-11-18,1850.0,1850.0,1805.0,1820.0,1555.79,9937400,-1.355,2.4324
UNVR.JK,2024-11-19,1820.0,1835.0,1805.0,1805.0,1542.96,7647900,-0.8242,1.6484
UNVR.JK,2024-11-20,1805.0,1830.0,1800.0,1805.0,1542.96,8032900,0.0,1.662
UNVR.JK,2024-11-21,1800.0,1820.0,1740.0,1740.0,1487.4,21864200,-3.6011,4.4444
UNVR.JK,2024-11-22,1755.0,1810.0,1750.0,1795.0,1534.42,11683400,3.1609,3.4188
UNVR.JK,2024-11-25,1810.0,1915.0,1810.0,1915.0,1636.99,51638500,6.6852,5.8011
UNVR.JK,2024-11-26,1920.0,1935.0,1870.0,1870.0,1598.53,25359300,-2.3499,3.3854
UNVR.JK,2024-11-28,1900.0,1940.0,1885.0,1885.0,1611.35,18645200,0.8021,2.8947
UNVR.JK,2024-11-29,1885.0,1905.0,1855.0,1865.0,1594.25,15027900,-1.061,2.6525
UNVR.JK,2024-12-02,1850.0,1900.0,1850.0,1875.0,1602.8,8835100,0.5362,2.7027
UNVR.JK,2024-12-03,1880.0,1900.0,1860.0,1875.0,1602.8,8008800,0.0,2.1277
UNVR.JK,2024-12-04,1865.0,1920.0,1860.0,1910.0,1632.72,11996400,1.8667,3.2172
UNVR.JK,2024-12-05,1890.0,1890.0,1850.0,1875.0,1637.96,6319800,-1.8325,2.1164
UNVR.JK,2024-12-06,1875.0,1885.0,1860.0,1870.0,1633.59,3507600,-0.2667,1.3333
UNVR.JK,2024-12-09,1870.0,1915.0,1865.0,1895.0,1655.43,7794200,1.3369,2.6738
UNVR.JK,2024-12-10,1910.0,2040.0,1900.0,2000.0,1747.16,39307500,5.5409,7.3298
UNVR.JK,2024-12-11,2000.0,2020.0,1945.0,1945.0,1699.11,19931300,-2.75,3.75
UNVR.JK,2024-12-12,1950.0,1955.0,1905.0,1905.0,1664.17,7574000,-2.0566,2.5641
UNVR.JK,2024-12-13,1905.0,1905.0,1855.0,1870.0,1633.59,8899500,-1.8373,2.6247
UNVR.JK,2024-12-16,1870.0,1870.0,1820.0,1825.0,1594.28,7627000,-2.4064,2.6738
UNVR.JK,2024-12-17,1810.0,1830.0,1760.0,1760.0,1537.5,17086100,-3.5616,3.8674
UNVR.JK,2024-12-18,1785.0,1820.0,1750.0,1805.0,1576.81,10167000,2.5568,3.9216
UNVR.JK,2024-12-19,1795.0,1795.0,1760.0,1770.0,1546.24,6313900,-1.9391,1.9499
UNVR.JK,2024-12-20,1770.0,1785.0,1750.0,1750.0,1528.76,16051300,-1.1299,1.9774
UNVR.JK,2024-12-23,1765.0,1795.0,1755.0,1785.0,1559.34,5679500,2.0,2.2663
UNVR.JK,2024-12-24,1785.0,1820.0,1780.0,1780.0,1554.97,3695800,-0.2801,2.2409
UNVR.JK,2024-12-27,1785.0,1860.0,1780.0,1840.0,1607.39,9226300,3.3708,4.4818
UNVR.JK,2024-12-30,1840.0,1890.0,1820.0,1885.0,1646.7,9186900,2.4457,3.8043
UNVR.JK,2025-01-02,1900.0,1900.0,1820.0,1835.0,1603.02,6628000,-2.6525,4.2105
UNVR.JK,2025-01-03,1835.0,1840.0,1775.0,1775.0,1550.6,22048300,-3.2698,3.5422
UNVR.JK,2025-01-06,1775.0,1805.0,1745.0,1745.0,1524.4,8325600,-1.6901,3.3803
UNVR.JK,2025-01-07,1750.0,1780.0,1750.0,1780.0,1554.97,6024700,2.0057,1.7143
UNVR.JK,2025-01-08,1780.0,1780.0,1725.0,1725.0,1506.92,10493000,-3.0899,3.0899
UNVR.JK,2025-01-09,1725.0,1745.0,1690.0,1690.0,1476.35,6587100,-2.029,3.1884
UNVR.JK,2025-01-10,1695.0,1715.0,1685.0,1705.0,1489.45,6937800,0.8876,1.7699
UNVR.JK,2025-01-13,1710.0,1745.0,1705.0,1720.0,1502.56,6631600,0.8798,2.3392
UNVR.JK,2025-01-14,1720.0,1790.0,1720.0,1745.0,1524.4,13966800,1.4535,4.0698
UNVR.JK,2025-01-15,1745.0,1765.0,1735.0,1735.0,1515.66,7251900,-0.5731,1.7192
UNVR.JK,2025-01-16,1750.0,1790.0,1745.0,1785.0,1559.34,12071200,2.8818,2.5714
UNVR.JK,2025-01-17,1785.0,1790.0,1765.0,1790.0,1563.71,3435700,0.2801,1.4006
UNVR.JK,2025-01-20,1790.0,1790.0,1750.0,1750.0,1528.76,5138200,-2.2346,2.2346
UNVR.JK,2025-01-21,1760.0,1770.0,1730.0,1730.0,1511.29,6381600,-1.1429,2.2727
UNVR.JK,2025-01-22,1730.0,1750.0,1695.0,1695.0,1480.72,11612400,-2.0231,3.1792
UNVR.JK,2025-01-23,1700.0,1740.0,1700.0,1740.0,1520.03,12035700,2.6549,2.3529
UNVR.JK,2025-01-24,1745.0,1745.0,1690.0,1690.0,1476.35,7185100,-2.8736,3.1519
UNVR.JK,2025-01-30,1690.0,1690.0,1645.0,1650.0,1441.41,8535800,-2.3669,2.6627
UNVR.JK,2025-01-31,1650.0,1660.0,1630.0,1630.0,1423.93,12703300,-1.2121,1.8182
UNVR.JK,2025-02-03,1635.0,1640.0,1580.0,1580.0,1380.26,12109000,-3.0675,3.6697
UNVR.JK,2025-02-04,1580.0,1620.0,1560.0,1565.0,1367.15,9816400,-0.9494,3.7975
UNVR.JK,2025-02-05,1565.0,1575.0,1550.0,1565.0,1367.15,7078900,0.0,1.5974
UNVR.JK,2025-02-06,1565.0,1565.0,1500.0,1510.0,1319.11,11260100,-3.5144,4.1534
UNVR.JK,2025-02-07,1510.0,1510.0,1425.0,1425.0,1244.85,23092400,-5.6291,5.6291
UNVR.JK,2025-02-10,1425.0,1545.0,1425.0,1505.0,1314.74,22972400,5.614,8.4211
UNVR.JK,2025-02-11,1525.0,1530.0,1425.0,1425.0,1244.85,12501100,-5.3156,6.8852
UNVR.JK,2025-02-12,1425.0,1445.0,1370.0,1375.0,1201.17,47552000,-3.5088,5.2632
UNVR.JK,2025-02-13,1370.0,1420.0,1290.0,1415.0,1236.12,74244500,2.9091,9.4891
UNVR.JK,2025-02-14,1420.0,1500.0,1420.0,1465.0,1279.79,30530500,3.5336,5.6338
UNVR.JK,2025-02-17,1475.0,1500.0,1425.0,1440.0,1257.95,30852000,-1.7065,5.0847
UNVR.JK,2025-02-18,1440.0,1460.0,1420.0,1450.0,1266.69,24087300,0.6944,2.7778
UNVR.JK,2025-02-19,1450.0,1450.0,1375.0,1375.0,1201.17,36371600,-5.1724,5.1724
UNVR.JK,2025-02-20,1380.0,1405.0,1330.0,1350.0,1179.33,29020400,-1.8182,5.4348
UNVR.JK,2025-02-21,1345.0,1355.0,1290.0,1290.0,1126.92,37424600,-4.4444,4.8327
UNVR.JK,2025-02-24,1295.0,1305.0,1255.0,1265.0,1105.08,33750800,-1.938,3.861
UNVR.JK,2025-02-25,1240.0,1255.0,1150.0,1150.0,1004.62,116532600,-9.0909,8.4677
UNVR.JK,2025-02-26,1160.0,1225.0,1155.0,1200.0,1048.3,123211400,4.3478,6.0345
UNVR.JK,2025-02-27,1215.0,1265.0,1185.0,1200.0,1048.3,64065200,0.0,6.5844
UNVR.JK,2025-02-28,1200.0,1210.0,1015.0,1015.0,886.68,785826000,-15.4167,16.25
UNVR.JK,2025-03-03,985.0,1215.0,985.0,1125.0,982.78,505933700,10.8374,23.3503
UNVR.JK,2025-03-04,1125.0,1160.0,1075.0,1090.0,952.2,169188900,-3.1111,7.5556
UNVR.JK,2025-03-05,1095.0,1185.0,1095.0,1120.0,978.41,152284100,2.7523,8.2192
UNVR.JK,2025-03-06,1130.0,1165.0,1110.0,1140.0,995.88,75420000,1.7857,4.8673
UNVR.JK,2025-03-07,1150.0,1240.0,1150.0,1200.0,1048.3,116830700,5.2632,7.8261
UNVR.JK,2025-03-10,1205.0,1230.0,1175.0,1180.0,1030.82,73948200,-1.6667,4.5643
UNVR.JK,2025-03-11,1170.0,1200.0,1145.0,1190.0,1039.56,35888100,0.8475,4.7009
UNVR.JK,2025-03-12,1200.0,1210.0,1150.0,1150.0,1004.62,59364000,-3.3613,5.0
UNVR.JK,2025-03-13,1160.0,1280.0,1155.0,1260.0,1100.71,123437300,9.5652,10.7759
UNVR.JK,2025-03-14,1270.0,1335.0,1260.0,1300.0,1135.65,148060700,3.1746,5.9055
UNVR.JK,2025-03-17,1310.0,1375.0,1305.0,1365.0,1192.44,98617100,5.0,5.3435
UNVR.JK,2025-03-18,1365.0,1380.0,1300.0,1360.0,1188.07,112819800,-0.3663,5.8608
UNVR.JK,2025-03-19,1360.0,1420.0,1335.0,1360.0,1188.07,84280900,0.0,6.25
UNVR.JK,2025-03-20,1365.0,1370.0,1295.0,1305.0,1140.02,72533700,-4.0441,5.4945
UNVR.JK,2025-03-21,1305.0,1330.0,1255.0,1295.0,1131.29,76199400,-0.7663,5.7471
UNVR.JK,2025-03-24,1275.0,1290.0,1225.0,1250.0,1091.97,34134300,-3.4749,5.098
UNVR.JK,2025-03-25,1255.0,1275.0,1220.0,1245.0,1087.61,26275100,-0.4,4.3825
UNVR.JK,2025-03-26,1240.0,1275.0,1235.0,1240.0,1083.24,24278400,-0.4016,3.2258
UNVR.JK,2025-03-27,1240.0,1285.0,1225.0,1265.0,1105.08,24029300,2.0161,4.8387
UNVR.JK,2025-04-08,1150.0,1180.0,1125.0,1180.0,1030.82,43015400,-6.7194,4.7826
UNVR.JK,2025-04-09,1165.0,1220.0,1135.0,1155.0,1008.98,37069200,-2.1186,7.2961
UNVR.JK,2025-04-10,1210.0,1285.0,1195.0,1285.0,1122.55,43797500,11.2554,7.438
UNVR.JK,2025-04-11,1275.0,1340.0,1255.0,1310.0,1144.39,27972400,1.9455,6.6667
UNVR.JK,2025-04-14,1310.0,1420.0,1310.0,1360.0,1188.07,49982800,3.8168,8.3969
UNVR.JK,2025-04-15,1375.0,1380.0,1325.0,1330.0,1161.86,30552000,-2.2059,4.0
UNVR.JK,2025-04-16,1335.0,1355.0,1300.0,1320.0,1153.13,21173800,-0.7519,4.1199
UNVR.JK,2025-04-17,1335.0,1345.0,1305.0,1320.0,1153.13,18038000,0.0,2.9963
UNVR.JK,2025-04-21,1320.0,1415.0,1310.0,1345.0,1174.96,43443800,1.8939,7.9545
UNVR.JK,2025-04-22,1350.0,1400.0,1335.0,1385.0,1209.91,31082500,2.974,4.8148
UNVR.JK,2025-04-23,1410.0,1450.0,1390.0,1425.0,1244.85,57026800,2.8881,4.2553
UNVR.JK,2025-04-24,1450.0,1500.0,1435.0,1495.0,1306.0,77362800,4.9123,4.4828
UNVR.JK,2025-04-25,1530.0,1865.0,1530.0,1750.0,1528.76,238892100,17.0569,21.8954
UNVR.JK,2025-04-28,1760.0,1795.0,1650.0,1665.0,1454.51,80356100,-4.8571,8.2386
UNVR.JK,2025-04-29,1665.0,1700.0,1645.0,1680.0,1467.61,31457700,0.9009,3.3033
UNVR.JK,2025-04-30,1680.0,1750.0,1665.0,1715.0,1498.19,50952000,2.0833,5.0595
UNVR.JK,2025-05-02,1720.0,1775.0,1700.0,1755.0,1533.13,44238500,2.3324,4.3605
UNVR.JK,2025-05-05,1755.0,1850.0,1750.0,1775.0,1550.6,47018900,1.1396,5.698
UNVR.JK,2025-05-06,1790.0,1835.0,1780.0,1835.0,1603.02,30049700,3.3803,3.0726
UNVR.JK,2025-05-07,1850.0,1860.0,1810.0,1810.0,1581.18,22389700,-1.3624,2.7027
UNVR.JK,2025-05-08,1810.0,1810.0,1750.0,1780.0,1554.97,36530300,-1.6575,3.3149
UNVR.JK,2025-05-09,1760.0,1815.0,1755.0,1780.0,1554.97,14223700,0.0,3.4091
UNVR.JK,2025-05-14,1780.0,1820.0,1765.0,1785.0,1559.34,24584500,0.2809,3.0899
UNVR.JK,2025-05-15,1785.0,1825.0,1785.0,1790.0,1563.71,18453900,0.2801,2.2409
UNVR.JK,2025-05-16,1820.0,1820.0,1755.0,1765.0,1541.87,21422400,-1.3966,3.5714
UNVR.JK,2025-05-19,1770.0,1785.0,1715.0,1765.0,1541.87,32689200,0.0,3.9548
UNVR.JK,2025-05-20,1770.0,1780.0,1705.0,1710.0,1493.82,31119800,-3.1161,4.2373
UNVR.JK,2025-05-21,1705.0,1760.0,1670.0,1760.0,1537.5,27634600,2.924,5.2786
UNVR.JK,2025-05-22,1760.0,1855.0,1735.0,1815.0,1585.55,86079500,3.125,6.8182
UNVR.JK,2025-05-23,1780.0,1805.0,1780.0,1785.0,1559.34,12099800,-1.6529,1.4045
UNVR.JK,2025-05-26,1785.0,1805.0,1760.0,1765.0,1541.87,18393000,-1.1204,2.521
UNVR.JK,2025-05-27,1765.0,1790.0,1740.0,1740.0,1520.03,14533400,-1.4164,2.8329
UNVR.JK,2025-05-28,1745.0,1750.0,1710.0,1730.0,1511.29,25197600,-0.5747,2.2923
UNVR.JK,2025-06-02,1730.0,1765.0,1710.0,1730.0,1511.29,26515500,0.0,3.1792
UNVR.JK,2025-06-03,1720.0,1765.0,1685.0,1690.0,1476.35,31456000,-2.3121,4.6512
UNVR.JK,2025-06-04,1720.0,1735.0,1640.0,1645.0,1437.04,31712900,-2.6627,5.5233
UNVR.JK,2025-06-05,1655.0,1655.0,1605.0,1625.0,1419.57,17144300,-1.2158,3.0211
UNVR.JK,2025-06-10,1625.0,1665.0,1610.0,1620.0,1415.2,16264300,-0.3077,3.3846
UNVR.JK,2025-06-11,1630.0,1635.0,1595.0,1615.0,1410.83,23130800,-0.3086,2.454
UNVR.JK,2025-06-12,1610.0,1650.0,1600.0,1625.0,1419.57,23384800,0.6192,3.1056
UNVR.JK,2025-06-13,1625.0,1625.0,1545.0,1560.0,1362.78,34564600,-4.0,4.9231
UNVR.JK,2025-06-16,1515.0,1535.0,1480.0,1500.0,1351.07,32740100,-3.8462,3.6304
UNVR.JK,2025-06-17,1500.0,1500.0,1465.0,1480.0,1333.06,21223700,-1.3333,2.3333
UNVR.JK,2025-06-18,1475.0,1475.0,1425.0,1470.0,1324.05,27062700,-0.6757,3.3898
UNVR.JK,2025-06-19,1460.0,1470.0,1420.0,1450.0,1306.04,27276600,-1.3605,3.4247
UNVR.JK,2025-06-20,1440.0,1455.0,1380.0,1380.0,1242.99,31257500,-4.8276,5.2083
UNVR.JK,2025-06-23,1340.0,1390.0,1305.0,1365.0,1229.48,48228000,-1.087,6.3433
UNVR.JK,2025-06-24,1400.0,1465.0,1400.0,1445.0,1301.54,47068000,5.8608,4.6429
UNVR.JK,2025-06-25,1470.0,1470.0,1430.0,1455.0,1310.54,24246700,0.692,2.7211
UNVR.JK,2025-06-26,1450.0,1460.0,1425.0,1460.0,1315.05,9127100,0.3436,2.4138
UNVR.JK,2025-06-30,1475.0,1475.0,1450.0,1450.0,1306.04,17199800,-0.6849,1.6949
UNVR.JK,2025-07-01,1445.0,1485.0,1430.0,1470.0,1324.05,22311700,1.3793,3.8062
UNVR.JK,2025-07-02,1480.0,1530.0,1450.0,1470.0,1324.05,37642300,0.0,5.4054
UNVR.JK,2025-07-03,1470.0,1625.0,1455.0,1595.0,1436.64,55965500,8.5034,11.5646
UNVR.JK,2025-07-04,1600.0,1605.0,1515.0,1545.0,1391.61,38933100,-3.1348,5.625
UNVR.JK,2025-07-07,1565.0,1570.0,1525.0,1560.0,1405.12,16928200,0.9709,2.8754
UNVR.JK,2025-07-08,1560.0,1560.0,1515.0,1520.0,1369.09,18964100,-2.5641,2.8846
UNVR.JK,2025-07-09,1520.0,1520.0,1485.0,1515.0,1364.59,8633400,-0.3289,2.3026
UNVR.JK,2025-07-10,1515.0,1600.0,1485.0,1580.0,1423.13,38371900,4.2904,7.5908
UNVR.JK,2025-07-11,1585.0,1620.0,1570.0,1575.0,1418.63,30404800,-0.3165,3.1546
UNVR.JK,2025-07-14,1575.0,1600.0,1550.0,1575.0,1418.63,12776800,0.0,3.1746
UNVR.JK,2025-07-15,1575.0,1580.0,1545.0,1570.0,1414.13,9128300,-0.3175,2.2222
UNVR.JK,2025-07-16,1565.0,1575.0,1540.0,1560.0,1405.12,14183800,-0.6369,2.2364
UNVR.JK,2025-07-17,1560.0,1610.0,1550.0,1575.0,1418.63,24874600,0.9615,3.8462
UNVR.JK,2025-07-18,1580.0,1595.0,1510.0,1510.0,1360.08,23315100,-4.127,5.3797
UNVR.JK,2025-07-21,1515.0,1590.0,1515.0,1550.0,1396.11,25039900,2.649,4.9505
UNVR.JK,2025-07-22,1550.0,1585.0,1550.0,1570.0,1414.13,15936600,1.2903,2.2581
UNVR.JK,2025-07-23,1580.0,1590.0,1535.0,1570.0,1414.13,15743800,0.0,3.481
UNVR.JK,2025-07-24,1570.0,1625.0,1570.0,1585.0,1427.64,24659800,0.9554,3.5032
UNVR.JK,2025-07-25,1595.0,1610.0,1540.0,1545.0,1391.61,14119700,-2.5237,4.3887
UNVR.JK,2025-07-28,1545.0,1580.0,1545.0,1555.0,1400.61,26625700,0.6472,2.2654
UNVR.JK,2025-07-29,1560.0,1575.0,1540.0,1555.0,1400.61,29894600,0.0,2.2436
UNVR.JK,2025-07-30,1555.0,1560.0,1525.0,1530.0,1378.1,16040100,-1.6077,2.2508
UNVR.JK,2025-07-31,1570.0,1740.0,1525.0,1710.0,1540.23,213621800,11.7647,13.6943
UNVR.JK,2025-08-01,1705.0,1780.0,1690.0,1770.0,1594.27,99467400,3.5088,5.2786
UNVR.JK,2025-08-04,1775.0,1785.0,1735.0,1760.0,1585.26,37102700,-0.565,2.8169
UNVR.JK,2025-08-05,1760.0,1835.0,1750.0,1800.0,1621.29,85662300,2.2727,4.8295
UNVR.JK,2025-08-06,1800.0,1800.0,1735.0,1735.0,1562.74,33639400,-3.6111,3.6111
UNVR.JK,2025-08-07,1735.0,1770.0,1735.0,1765.0,1589.76,15105200,1.7291,2.0173
UNVR.JK,2025-08-08,1765.0,1795.0,1735.0,1750.0,1576.25,12034100,-0.8499,3.3994
UNVR.JK,2025-08-11,1755.0,1780.0,1750.0,1760.0,1585.26,18272400,0.5714,1.7094
UNVR.JK,2025-08-12,1760.0,1820.0,1760.0,1790.0,1612.28,38523100,1.7045,3.4091
UNVR.JK,2025-08-13,1800.0,1825.0,1775.0,1785.0,1607.78,26026700,-0.2793,2.7778
UNVR.JK,2025-08-14,1795.0,1915.0,1790.0,1830.0,1648.31,85270700,2.521,6.9638
UNVR.JK,2025-08-15,1830.0,1840.0,1750.0,1750.0,1576.25,36984000,-4.3716,4.918
UNVR.JK,2025-08-19,1755.0,1845.0,1755.0,1830.0,1648.31,40630500,4.5714,5.1282
UNVR.JK,2025-08-20,1830.0,1840.0,1785.0,1805.0,1625.79,21223900,-1.3661,3.0055
UNVR.JK,2025-08-21,1800.0,1830.0,1800.0,1815.0,1634.8,10486800,0.554,1.6667
UNVR.JK,2025-08-22,1830.0,1830.0,1770.0,1770.0,1594.27,14344500,-2.4793,3.2787
UNVR.JK,2025-08-25,1775.0,1810.0,1770.0,1775.0,1598.77,10311100,0.2825,2.2535
UNVR.JK,2025-08-26,1775.0,1800.0,1750.0,1790.0,1612.28,14548700,0.8451,2.8169
UNVR.JK,2025-08-27,1790.0,1795.0,1735.0,1755.0,1580.76,15955700,-1.9553,3.352
UNVR.JK,2025-08-28,1755.0,1760.0,1745.0,1750.0,1576.25,13246200,-0.2849,0.8547
UNVR.JK,2025-08-29,1730.0,1730.0,1690.0,1700.0,1531.22,24836500,-2.8571,2.3121
UNVR.JK,2025-09-01,1650.0,1710.0,1645.0,1700.0,1531.22,15262900,0.0,3.9394
UNVR.JK,2025-09-02,1700.0,1745.0,1700.0,1700.0,1531.22,15840700,0.0,2.6471
UNVR.JK,2025-09-03,1700.0,1730.0,1700.0,1710.0,1540.23,11426700,0.5882,1.7647
UNVR.JK,2025-09-04,1705.0,1735.0,1700.0,1705.0,1535.72,27702300,-0.2924,2.0528
UNVR.JK,2025-09-08,1705.0,1715.0,1685.0,1695.0,1526.71,38625200,-0.5865,1.7595
UNVR.JK,2025-09-09,1695.0,1695.0,1645.0,1655.0,1490.69,54269100,-2.3599,2.9499
UNVR.JK,2025-09-10,1670.0,1720.0,1660.0,1700.0,1531.22,26787800,2.719,3.5928
UNVR.JK,2025-09-11,1725.0,1745.0,1710.0,1720.0,1549.23,10286400,1.1765,2.029
UNVR.JK,2025-09-12,1720.0,1725.0,1690.0,1695.0,1526.71,10326000,-1.4535,2.0349
UNVR.JK,2025-09-15,1695.0,1730.0,1685.0,1690.0,1522.21,44103900,-0.295,2.6549
UNVR.JK,2025-09-16,1700.0,1770.0,1695.0,1740.0,1567.25,28476400,2.9586,4.4118
UNVR.JK,2025-09-17,1740.0,1765.0,1715.0,1735.0,1562.74,12700500,-0.2874,2.8736
UNVR.JK,2025-09-18,1745.0,1755.0,1705.0,1710.0,1540.23,11695200,-1.4409,2.8653
UNVR.JK,2025-09-19,1715.0,1725.0,1700.0,1715.0,1544.73,22797600,0.2924,1.4577
UNVR.JK,2025-09-22,1725.0,1730.0,1710.0,1715.0,1544.73,12021400,0.0,1.1594
UNVR.JK,2025-09-23,1725.0,1780.0,1700.0,1775.0,1598.77,29171000,3.4985,4.6377
UNVR.JK,2025-09-24,1800.0,1805.0,1730.0,1735.0,1562.74,23291800,-2.2535,4.1667
UNVR.JK,2025-09-25,1715.0,1780.0,1715.0,1735.0,1562.74,14402500,0.0,3.7901
UNVR.JK,2025-09-26,1780.0,1940.0,1775.0,1830.0,1648.31,134223700,5.4755,9.2697
UNVR.JK,2025-09-29,1830.0,1840.0,1750.0,1760.0,1585.26,37519500,-3.8251,4.918
UNVR.JK,2025-09-30,1750.0,1790.0,1735.0,1780.0,1603.28,23784800,1.1364,3.1429
UNVR.JK,2025-10-01,1770.0,1815.0,1745.0,1780.0,1603.28,22048100,0.0,3.9548
UNVR.JK,2025-10-02,1785.0,1860.0,1765.0,1790.0,1612.28,24568600,0.5618,5.3221
UNVR.JK,2025-10-03,1790.0,1875.0,1785.0,1835.0,1652.81,33563100,2.514,5.0279
UNVR.JK,2025-10-06,1850.0,1890.0,1820.0,1860.0,1675.33,22207000,1.3624,3.7838
UNVR.JK,2025-10-07,1860.0,1885.0,1810.0,1830.0,1648.31,27722000,-1.6129,4.0323
UNVR.JK,2025-10-08,1840.0,1880.0,1825.0,1855.0,1670.83,15182700,1.3661,2.9891
UNVR.JK,2025-10-09,1865.0,1975.0,1865.0,1915.0,1724.87,78749900,3.2345,5.8981
UNVR.JK,2025-10-10,1935.0,1940.0,1890.0,1900.0,1711.36,14263100,-0.7833,2.584
UNVR.JK,2025-10-13,1870.0,1900.0,1815.0,1850.0,1666.33,25615900,-2.6316,4.5455
UNVR.JK,2025-10-14,1870.0,1870.0,1800.0,1800.0,1621.29,26174800,-2.7027,3.7433
UNVR.JK,2025-10-15,1825.0,1855.0,1810.0,1835.0,1652.81,23439100,1.9444,2.4658
UNVR.JK,2025-10-16,1860.0,2020.0,1860.0,1985.0,1787.92,80433300,8.1744,8.6022
UNVR.JK,2025-10-17,1985.0,1995.0,1885.0,1900.0,1711.36,51732500,-4.2821,5.5416
UNVR.JK,2025-10-20,1935.0,2130.0,1935.0,2080.0,1873.49,86711600,9.4737,10.0775
UNVR.JK,2025-10-21,2100.0,2110.0,2020.0,2050.0,1846.47,29597600,-1.4423,4.2857
UNVR.JK,2025-10-22,2050.0,2150.0,2020.0,2070.0,1864.48,49090900,0.9756,6.3415
UNVR.JK,2025-10-23,2180.0,2270.0,2140.0,2260.0,2035.62,130049800,9.1787,5.9633
UNVR.JK,2025-10-24,2260.0,2700.0,2250.0,2530.0,2278.81,267179900,11.9469,19.9115
UNVR.JK,2025-10-27,2580.0,2840.0,2530.0,2710.0,2440.94,277535000,7.1146,12.0155
UNVR.JK,2025-10-28,2680.0,2720.0,2450.0,2490.0,2242.78,156918700,-8.1181,10.0746
UNVR.JK,2025-10-29,2510.0,2610.0,2470.0,2580.0,2323.85,73171300,3.6145,5.5777
UNVR.JK,2025-10-30,2610.0,2670.0,2560.0,2560.0,2305.83,49537500,-0.7752,4.2146
UNVR.JK,2025-10-31,2600.0,2660.0,2530.0,2580.0,2323.85,63108200,0.7812,5.0
UNVR.JK,2025-11-03,2630.0,2700.0,2590.0,2670.0,2404.91,49127900,3.4884,4.1825
UNVR.JK,2025-11-04,2700.0,2750.0,2600.0,2690.0,2422.93,57648100,0.7491,5.5556
UNVR.JK,2025-11-05,2690.0,2740.0,2660.0,2690.0,2422.93,41343200,0.0,2.974
UNVR.JK,2025-11-06,2660.0,2680.0,2600.0,2620.0,2359.88,29525900,-2.6022,3.0075
UNVR.JK,2025-11-07,2600.0,2610.0,2520.0,2530.0,2278.81,48504400,-3.4351,3.4615
UNVR.JK,2025-11-10,2570.0,2600.0,2500.0,2530.0,2278.81,49312800,0.0,3.8911
UNVR.JK,2025-11-11,2560.0,2570.0,2460.0,2490.0,2242.78,47905800,-1.581,4.2969
UNVR.JK,2025-11-12,2490.0,2590.0,2480.0,2550.0,2296.83,35515000,2.4096,4.4177
UNVR.JK,2025-11-13,2560.0,2560.0,2490.0,2490.0,2242.78,16292900,-2.3529,2.7344
UNVR.JK,2025-11-14,2490.0,2560.0,2490.0,2510.0,2260.8,16720600,0.8032,2.8112
UNVR.JK,2025-11-17,2540.0,2620.0,2520.0,2590.0,2332.86,37359900,3.1873,3.937
UNVR.JK,2025-11-18,2610.0,2630.0,2510.0,2510.0,2260.8,28725900,-3.0888,4.5977
UNVR.JK,2025-11-19,2520.0,2580.0,2520.0,2580.0,2323.85,13777400,2.7888,2.381
UNVR.JK,2025-11-20,2600.0,2620.0,2560.0,2600.0,2341.86,20738000,0.7752,2.3077
UNVR.JK,2025-11-21,2600.0,2670.0,2540.0,2540.0,2287.82,27647200,-2.3077,5.0
UNVR.JK,2025-11-24,2560.0,2670.0,2560.0,2670.0,2404.91,32673700,5.1181,4.2969
UNVR.JK,2025-11-25,2670.0,2670.0,2580.0,2630.0,2368.88,25207700,-1.4981,3.3708
UNVR.JK,2025-11-26,2640.0,2690.0,2590.0,2600.0,2341.86,21031000,-1.1407,3.7879
UNVR.JK,2025-11-27,2620.0,2630.0,2560.0,2600.0,2341.86,34235900,0.0,2.6718
UNVR.JK,2025-11-28,2620.0,2640.0,2590.0,2600.0,2341.86,18013700,0.0,1.9084
UNVR.JK,2025-12-01,2570.0,2650.0,2570.0,2620.0,2359.88,17322300,0.7692,3.1128
UNVR.JK,2025-12-02,2620.0,2670.0,2600.0,2650.0,2386.9,35263000,1.145,2.6718
UNVR.JK,2025-12-03,2670.0,2800.0,2670.0,2770.0,2494.98,65741000,4.5283,4.8689
UNVR.JK,2025-12-04,2800.0,2810.0,2690.0,2770.0,2494.98,40071400,0.0,4.2857
UNVR.JK,2025-12-05,2780.0,2790.0,2710.0,2710.0,2440.94,34350200,-2.1661,2.8777
UNVR.JK,2025-12-08,2730.0,2730.0,2620.0,2620.0,2359.88,34429000,-3.321,4.0293
UNVR.JK,2025-12-09,2620.0,2710.0,2590.0,2670.0,2404.91,44953900,1.9084,4.5802
UNVR.JK,2025-12-10,2710.0,2750.0,2670.0,2730.0,2458.96,29651800,2.2472,2.952
UNVR.JK,2025-12-11,2730.0,2740.0,2600.0,2640.0,2377.89,30830400,-3.2967,5.1282
UNVR.JK,2025-12-12,2640.0,2660.0,2600.0,2630.0,2368.88,14728100,-0.3788,2.2727
UNVR.JK,2025-12-15,2590.0,2610.0,2570.0,2580.0,2403.35,18476400,-1.9011,1.5444
UNVR.JK,2025-12-16,2580.0,2710.0,2580.0,2710.0,2524.45,32058000,5.0388,5.0388
UNVR.JK,2025-12-17,2700.0,2700.0,2630.0,2630.0,2449.93,20817800,-2.952,2.5926
UNVR.JK,2025-12-18,2630.0,2680.0,2620.0,2650.0,2468.56,17521000,0.7605,2.2814
UNVR.JK,2025-12-19,2660.0,2770.0,2610.0,2770.0,2580.34,28983500,4.5283,6.015
UNVR.JK,2025-12-22,2730.0,2730.0,2670.0,2700.0,2515.14,22606200,-2.5271,2.1978
UNVR.JK,2025-12-23,2690.0,2700.0,2610.0,2610.0,2431.3,17218500,-3.3333,3.3457
UNVR.JK,2025-12-24,2620.0,2620.0,2590.0,2600.0,2421.98,10056300,-0.3831,1.145
UNVR.JK,2025-12-29,2610.0,2630.0,2560.0,2600.0,2421.98,13763200,0.0,2.682
UNVR.JK,2025-12-30,2600.0,2660.0,2590.0,2600.0,2421.98,17928600,0.0,2.6923
UNVR.JK,2026-01-02,2620.0,2630.0,2600.0,2620.0,2440.61,7859600,0.7692,1.145
UNVR.JK,2026-01-05,2620.0,2620.0,2580.0,2580.0,2403.35,13513400,-1.5267,1.5267
UNVR.JK,2026-01-06,2580.0,2620.0,2580.0,2610.0,2431.3,16595700,1.1628,1.5504
UNVR.JK,2026-01-07,2610.0,2640.0,2600.0,2600.0,2421.98,18804300,-0.3831,1.5326
UNVR.JK,2026-01-08,2620.0,2730.0,2610.0,2620.0,2440.61,44404400,0.7692,4.5802
UNVR.JK,2026-01-09,2640.0,2680.0,2620.0,2620.0,2440.61,23053000,0.0,2.2727
UNVR.JK,2026-01-12,2650.0,2650.0,2590.0,2600.0,2421.98,44075100,-0.7634,2.2642
UNVR.JK,2026-01-13,2600.0,2630.0,2590.0,2600.0,2421.98,33925600,0.0,1.5385
UNVR.JK,2026-01-14,2610.0,2620.0,2580.0,2580.0,2403.35,15761400,-0.7692,1.5326
UNVR.JK,2026-01-15,2580.0,2590.0,2420.0,2450.0,2282.25,51451800,-5.0388,6.5891
UNVR.JK,2026-01-19,2450.0,2460.0,2310.0,2330.0,2170.47,56292600,-4.898,6.1224
UNVR.JK,2026-01-20,2330.0,2360.0,2320.0,2320.0,2161.15,18395300,-0.4292,1.7167
UNVR.JK,2026-01-21,2320.0,2320.0,2240.0,2290.0,2133.21,30521200,-1.2931,3.4483
UNVR.JK,2026-01-22,2270.0,2310.0,2270.0,2280.0,2123.89,21043700,-0.4367,1.7621
UNVR.JK,2026-01-23,2280.0,2280.0,2200.0,2250.0,2095.95,20403500,-1.3158,3.5088
UNVR.JK,2026-01-26,2250.0,2260.0,2130.0,2150.0,2002.79,27241300,-4.4444,5.7778
UNVR.JK,2026-01-27,2140.0,2180.0,2030.0,2060.0,1918.95,35658400,-4.186,7.0093
UNVR.JK,2026-01-28,2000.0,2020.0,1930.0,1980.0,1844.43,39800600,-3.8835,4.5
UNVR.JK,2026-01-29,1960.0,1960.0,1690.0,1860.0,1732.65,74521700,-6.0606,13.7755
UNVR.JK,2026-01-30,1890.0,1960.0,1885.0,1925.0,1793.2,33230400,3.4946,3.9683
UNVR.JK,2026-02-02,1955.0,2070.0,1920.0,2030.0,1891.01,52588100,5.4545,7.6726
UNVR.JK,2026-02-03,2010.0,2110.0,1995.0,2010.0,1872.38,46081200,-0.9852,5.7214
UNVR.JK,2026-02-04,2010.0,2090.0,1980.0,2050.0,1909.64,49767000,1.99,5.4726
UNVR.JK,2026-02-05,2060.0,2250.0,2040.0,2210.0,2058.68,71314600,7.8049,10.1942
UNVR.JK,2026-02-06,2190.0,2300.0,2140.0,2300.0,2142.52,71485600,4.0724,7.3059
UNVR.JK,2026-02-09,2300.0,2300.0,2250.0,2300.0,2142.52,23163100,0.0,2.1739
UNVR.JK,2026-02-10,2300.0,2420.0,2280.0,2300.0,2142.52,56389900,0.0,6.087
UNVR.JK,2026-02-11,2300.0,2320.0,2250.0,2260.0,2105.26,18622600,-1.7391,3.0435
UNVR.JK,2026-02-12,2290.0,2330.0,2270.0,2300.0,2142.52,40499400,1.7699,2.6201
UNVR.JK,2026-02-13,2320.0,2370.0,2300.0,2300.0,2142.52,19683200,0.0,3.0172
UNVR.JK,2026-02-18,2340.0,2340.0,2260.0,2260.0,2105.26,16593000,-1.7391,3.4188
UNVR.JK,2026-02-19,2270.0,2310.0,2220.0,2220.0,2068.0,17971200,-1.7699,3.9648
UNVR.JK,2026-02-20,2220.0,2250.0,2210.0,2240.0,2086.63,7587400,0.9009,1.8018
UNVR.JK,2026-02-23,2260.0,2370.0,2250.0,2370.0,2207.73,34184100,5.8036,5.3097
UNVR.JK,2026-02-24,2370.0,2380.0,2320.0,2350.0,2189.1,24678900,-0.8439,2.5316
UNVR.JK,2026-02-25,2350.0,2370.0,2320.0,2330.0,2170.47,15559900,-0.8511,2.1277
UNVR.JK,2026-02-26,2350.0,2360.0,2300.0,2310.0,2151.84,15417900,-0.8584,2.5532
UNVR.JK,2026-02-27,2320.0,2410.0,2310.0,2380.0,2217.05,68472600,3.0303,4.3103
UNVR.JK,2026-03-02,2310.0,2320.0,2240.0,2250.0,2095.95,23912200,-5.4622,3.4632
UNVR.JK,2026-03-03,2260.0,2280.0,2080.0,2080.0,1937.59,29682000,-7.5556,8.8496
UNVR.JK,2026-03-04,2090.0,2090.0,1920.0,1935.0,1802.51,31919800,-6.9712,8.134
UNVR.JK,2026-03-05,1975.0,2040.0,1975.0,1990.0,1853.75,14954200,2.8424,3.2911
UNVR.JK,2026-03-06,1990.0,2040.0,1955.0,1975.0,1839.77,11788500,-0.7538,4.2714
UNVR.JK,2026-03-09,1955.0,1955.0,1845.0,1880.0,1751.28,20756600,-4.8101,5.6266
UNVR.JK,2026-03-10,1910.0,1945.0,1890.0,1945.0,1811.83,11695700,3.4574,2.8796
UNVR.JK,2026-03-11,1965.0,2050.0,1945.0,2000.0,1863.06,19351000,2.8278,5.3435
UNVR.JK,2026-03-12,2010.0,2020.0,1890.0,1890.0,1760.59,27876700,-5.5,6.4677
UNVR.JK,2026-03-13,1890.0,1910.0,1870.0,1870.0,1741.96,12154900,-1.0582,2.1164
UNVR.JK,2026-03-16,1870.0,1880.0,1820.0,1855.0,1727.99,10659400,-0.8021,3.2086
UNVR.JK,2026-03-17,1865.0,2080.0,1865.0,2000.0,1863.06,50594200,7.8167,11.5282
UNVR.JK,2026-03-25,1930.0,1950.0,1905.0,1935.0,1802.51,34597400,-3.25,2.3316
UNVR.JK,2026-03-26,1935.0,1960.0,1920.0,1940.0,1807.17,20185700,0.2584,2.0672
UNVR.JK,2026-03-27,1940.0,1940.0,1855.0,1860.0,1732.65,20510900,-4.1237,4.3814
UNVR.JK,2026-03-30,1820.0,1845.0,1810.0,1835.0,1709.36,14256600,-1.3441,1.9231
UNVR.JK,2026-03-31,1860.0,1865.0,1815.0,1820.0,1695.39,21371200,-0.8174,2.6882
UNVR.JK,2026-04-01,1845.0,1970.0,1845.0,1910.0,1779.23,46209400,4.9451,6.7751
UNVR.JK,2026-04-02,1910.0,1960.0,1910.0,1930.0,1797.86,17567700,1.0471,2.6178
UNVR.JK,2026-04-06,1935.0,1940.0,1885.0,1915.0,1783.88,5661100,-0.7772,2.8424
UNVR.JK,2026-04-07,1915.0,1920.0,1890.0,1905.0,1774.57,3248600,-0.5222,1.5666
UNVR.JK,2026-04-08,1925.0,1960.0,1915.0,1955.0,1821.14,11687600,2.6247,2.3377
UNVR.JK,2026-04-09,1945.0,1945.0,1905.0,1910.0,1779.23,10902500,-2.3018,2.0566
UNVR.JK,2026-04-10,1920.0,1935.0,1910.0,1920.0,1788.54,8206300,0.5236,1.3021
UNVR.JK,2026-04-13,1910.0,1915.0,1885.0,1910.0,1779.23,7397900,-0.5208,1.5707
UNVR.JK,2026-04-14,1920.0,1925.0,1900.0,1910.0,1779.23,10440100,0.0,1.3021
UNVR.JK,2026-04-15,1920.0,1925.0,1895.0,1895.0,1765.25,11235900,-0.7853,1.5625
UNVR.JK,2026-04-16,1895.0,1900.0,1855.0,1860.0,1732.65,13626400,-1.847,2.3747
UNVR.JK,2026-04-17,1860.0,1895.0,1860.0,1865.0,1737.31,9601000,0.2688,1.8817
UNVR.JK,2026-04-20,1870.0,1885.0,1820.0,1820.0,1695.39,14771400,-2.4129,3.4759
UNVR.JK,2026-04-21,1820.0,1820.0,1790.0,1800.0,1676.76,13679100,-1.0989,1.6484
UNVR.JK,2026-04-22,1800.0,1820.0,1760.0,1765.0,1644.15,20485500,-1.9444,3.3333
UNVR.JK,2026-04-23,1760.0,1760.0,1675.0,1675.0,1560.32,46396500,-5.0992,4.8295
UNVR.JK,2026-04-24,1675.0,1685.0,1565.0,1575.0,1467.16,41658200,-5.9701,7.1642
UNVR.JK,2026-04-27,1575.0,1575.0,1510.0,1520.0,1415.93,40053800,-3.4921,4.127
UNVR.JK,2026-04-28,1525.0,1545.0,1485.0,1485.0,1383.32,42672500,-2.3026,3.9344
UNVR.JK,2026-04-29,1495.0,1595.0,1495.0,1575.0,1467.16,38824200,6.0606,6.689
UNVR.JK,2026-04-30,1615.0,1615.0,1530.0,1535.0,1429.9,50188300,-2.5397,5.2632
UNVR.JK,2026-05-04,1555.0,1600.0,1550.0,1560.0,1453.19,36660100,1.6287,3.2154
UNVR.JK,2026-05-05,1555.0,1685.0,1540.0,1640.0,1527.71,42348300,5.1282,9.3248
UNVR.JK,2026-05-06,1655.0,1810.0,1655.0,1805.0,1681.41,75977100,10.061,9.3656
UNVR.JK,2026-05-07,1810.0,1855.0,1790.0,1835.0,1709.36,47653800,1.662,3.5912
UNVR.JK,2026-05-08,1835.0,1840.0,1795.0,1800.0,1676.76,18226100,-1.9074,2.4523
UNVR.JK,2026-05-11,1805.0,1815.0,1760.0,1785.0,1662.78,15722700,-0.8333,3.0471
UNVR.JK,2026-05-12,1790.0,1825.0,1755.0,1800.0,1676.76,15541900,0.8403,3.9106
UNVR.JK,2026-05-13,1800.0,1800.0,1770.0,1785.0,1662.78,6834600,-0.8333,1.6667
UNVR.JK,2026-05-14,1785.0,1785.0,1785.0,1785.0,1662.78,0,0.0,0.0
UNVR.JK,2026-05-15,1785.0,1785.0,1785.0,1785.0,1662.78,0,0.0,0.0
UNVR.JK,2026-05-18,1775.0,1780.0,1710.0,1770.0,1648.81,18683500,-0.8403,3.9437
UNVR.JK,2026-05-19,1765.0,1775.0,1720.0,1755.0,1634.84,14016100,-0.8475,3.1161
UNVR.JK,2026-05-20,1755.0,1815.0,1750.0,1795.0,1672.1,19068500,2.2792,3.7037
UNVR.JK,2026-05-21,1810.0,1815.0,1745.0,1750.0,1630.18,17561800,-2.507,3.8674
UNVR.JK,2026-05-22,1755.0,1775.0,1745.0,1765.0,1644.15,8894800,0.8571,1.7094
UNVR.JK,2026-05-25,1780.0,1795.0,1755.0,1770.0,1648.81,9593400,0.2833,2.2472
UNVR.JK,2026-05-26,1795.0,1795.0,1750.0,1760.0,1639.5,16040300,-0.565,2.507
UNVR.JK,2026-05-27,1760.0,1760.0,1760.0,1760.0,1639.5,0,0.0,0.0
UNVR.JK,2026-05-28,1760.0,1760.0,1760.0,1760.0,1639.5,0,0.0,0.0
UNVR.JK,2026-05-29,1630.0,1805.0,1580.0,1710.0,1592.92,133330600,-2.8409,13.8037
UNVR.JK,2026-06-02,1710.0,1710.0,1635.0,1665.0,1551.0,28441900,-2.6316,4.386
UNVR.JK,2026-06-03,1680.0,1735.0,1570.0,1600.0,1490.45,30595500,-3.9039,9.8214
UNVR.JK,2026-06-04,1600.0,1635.0,1530.0,1615.0,1504.42,17974200,0.9375,6.5625
UNVR.JK,2026-06-05,1620.0,1630.0,1530.0,1570.0,1462.5,24377100,-2.7864,6.1728
UNVR.JK,2026-06-08,1570.0,1600.0,1505.0,1575.0,1467.16,16472200,0.3185,6.051
UNVR.JK,2026-06-09,1575.0,1615.0,1565.0,1605.0,1495.11,14614800,1.9048,3.1746
UNVR.JK,2026-06-10,1610.0,1615.0,1580.0,1600.0,1490.45,33735000,-0.3115,2.1739
UNVR.JK,2026-06-11,1610.0,1680.0,1610.0,1635.0,1523.05,22363100,2.1875,4.3478
UNVR.JK,2026-06-12,1640.0,1670.0,1640.0,1665.0,1551.0,28345900,1.8349,1.8293
UNVR.JK,2026-06-15,1620.0,1695.0,1615.0,1660.0,1660.0,41419400,-0.3003,4.9383
UNVR.JK,2026-06-17,1660.0,1705.0,1645.0,1650.0,1650.0,12881200,-0.6024,3.6145
UNVR.JK,2026-06-18,1645.0,1690.0,1620.0,1665.0,1665.0,9988800,0.9091,4.2553
UNVR.JK,2026-06-19,1665.0,1735.0,1620.0,1685.0,1685.0,59195200,1.2012,6.9069
UNVR.JK,2026-06-22,1725.0,1725.0,1665.0,1700.0,1700.0,8146100,0.8902,3.4783
UNVR.JK,2026-06-23,1695.0,1695.0,1650.0,1655.0,1655.0,7518300,-2.6471,2.6549
UNVR.JK,2026-06-24,1660.0,1690.0,1645.0,1685.0,1685.0,11911100,1.8127,2.7108
UNVR.JK,2026-06-25,1675.0,1805.0,1655.0,1735.0,1735.0,49717400,2.9674,8.9552
UNVR.JK,2026-06-26,1740.0,1760.0,1715.0,1730.0,1730.0,16495000,-0.2882,2.5862
UNVR.JK,2026-06-29,1750.0,1780.0,1740.0,1770.0,1770.0,11099300,2.3121,2.2857
UNVR.JK,2026-06-30,1770.0,1845.0,1760.0,1805.0,1805.0,37171400,1.9774,4.8023
UNVR.JK,2026-07-01,1815.0,1825.0,1775.0,1775.0,1775.0,13228800,-1.662,2.7548
UNVR.JK,2026-07-02,1775.0,1795.0,1755.0,1760.0,1760.0,7673700,-0.8451,2.2535
UNVR.JK,2026-07-03,1760.0,1805.0,1760.0,1800.0,1800.0,7797200,2.2727,2.5568
ICBP.JK,2024-07-03,10275.0,10275.0,10150.0,10275.0,9840.29,5316900,,1.2165
ICBP.JK,2024-07-04,10275.0,10350.0,10175.0,10225.0,9792.4,3803000,-0.4866,1.7032
ICBP.JK,2024-07-05,10250.0,10275.0,10175.0,10275.0,9840.29,2943200,0.489,0.9756
ICBP.JK,2024-07-08,10275.0,10400.0,10275.0,10400.0,9960.0,6163500,1.2165,1.2165
ICBP.JK,2024-07-09,10300.0,10425.0,10225.0,10325.0,10082.06,10883600,-0.7212,1.9417
ICBP.JK,2024-07-10,10325.0,10325.0,10200.0,10300.0,10057.65,3171100,-0.2421,1.2107
ICBP.JK,2024-07-11,10325.0,10350.0,10250.0,10300.0,10057.65,3371100,0.0,0.9685
ICBP.JK,2024-07-12,10375.0,10550.0,10300.0,10375.0,10130.88,1985800,0.7282,2.4096
ICBP.JK,2024-07-15,10375.0,10575.0,10300.0,10575.0,10326.18,3988500,1.9277,2.6506
ICBP.JK,2024-07-16,10600.0,10600.0,10350.0,10475.0,10228.53,1382300,-0.9456,2.3585
ICBP.JK,2024-07-17,10550.0,10875.0,10525.0,10750.0,10497.06,9906800,2.6253,3.3175
ICBP.JK,2024-07-18,10750.0,10800.0,10650.0,10750.0,10497.06,3682500,0.0,1.3953
ICBP.JK,2024-07-19,10700.0,10800.0,10600.0,10800.0,10545.88,4951000,0.4651,1.8692
ICBP.JK,2024-07-22,10900.0,10950.0,10700.0,10900.0,10643.53,2848600,0.9259,2.2936
ICBP.JK,2024-07-23,10825.0,11000.0,10725.0,10725.0,10472.65,4947600,-1.6055,2.5404
ICBP.JK,2024-07-24,10725.0,10850.0,10650.0,10800.0,10545.88,2054400,0.6993,1.8648
ICBP.JK,2024-07-25,10800.0,10875.0,10650.0,10850.0,10594.71,3684200,0.463,2.0833
ICBP.JK,2024-07-26,10875.0,11000.0,10775.0,10850.0,10594.71,6806800,0.0,2.069
ICBP.JK,2024-07-29,10900.0,10950.0,10750.0,10825.0,10570.29,5727200,-0.2304,1.8349
ICBP.JK,2024-07-30,10950.0,10950.0,10800.0,10900.0,10643.53,2399400,0.6928,1.3699
ICBP.JK,2024-07-31,10950.0,10950.0,10875.0,10925.0,10667.94,2971700,0.2294,0.6849
ICBP.JK,2024-08-01,11000.0,11125.0,10975.0,11000.0,10741.18,6655400,0.6865,1.3636
ICBP.JK,2024-08-02,11000.0,11250.0,11000.0,11175.0,10912.06,7335300,1.5909,2.2727
ICBP.JK,2024-08-05,11000.0,11275.0,10675.0,10900.0,10643.53,10163800,-2.4609,5.4545
ICBP.JK,2024-08-06,11000.0,11100.0,10900.0,11000.0,10741.18,7517800,0.9174,1.8182
ICBP.JK,2024-08-07,11000.0,11150.0,10950.0,11050.0,10790.0,5618600,0.4545,1.8182
ICBP.JK,2024-08-08,11050.0,11125.0,10775.0,10975.0,10716.76,5063700,-0.6787,3.1674
ICBP.JK,2024-08-09,11000.0,11250.0,11000.0,11200.0,10936.47,4031800,2.0501,2.2727
ICBP.JK,2024-08-12,11200.0,11200.0,10950.0,11000.0,10741.18,3494700,-1.7857,2.2321
ICBP.JK,2024-08-13,11200.0,11200.0,11025.0,11175.0,10912.06,5104600,1.5909,1.5625
ICBP.JK,2024-08-14,11100.0,11550.0,11100.0,11350.0,11082.94,9082000,1.566,4.0541
ICBP.JK,2024-08-15,11375.0,11375.0,11200.0,11275.0,11009.71,3778300,-0.6608,1.5385
ICBP.JK,2024-08-16,11425.0,11425.0,11100.0,11375.0,11107.35,5379900,0.8869,2.8446
ICBP.JK,2024-08-19,11300.0,11400.0,11275.0,11400.0,11131.76,5734300,0.2198,1.1062
ICBP.JK,2024-08-20,11400.0,11500.0,11275.0,11425.0,11156.18,9564900,0.2193,1.9737
ICBP.JK,2024-08-21,11500.0,11500.0,11350.0,11450.0,11180.59,2674000,0.2188,1.3043
ICBP.JK,2024-08-22,11350.0,11475.0,11250.0,11350.0,11082.94,4855400,-0.8734,1.9824
ICBP.JK,2024-08-23,11350.0,11500.0,11350.0,11475.0,11205.0,4846300,1.1013,1.3216
ICBP.JK,2024-08-26,11300.0,11425.0,11150.0,11400.0,11131.76,6606600,-0.6536,2.4336
ICBP.JK,2024-08-27,11425.0,11500.0,11325.0,11425.0,11156.18,4355700,0.2193,1.5317
ICBP.JK,2024-08-28,11475.0,11575.0,11375.0,11400.0,11131.76,4722500,-0.2188,1.7429
ICBP.JK,2024-08-29,11500.0,11550.0,11400.0,11400.0,11131.76,3988700,0.0,1.3043
ICBP.JK,2024-08-30,11200.0,11475.0,11200.0,11475.0,11205.0,7521300,0.6579,2.4554
ICBP.JK,2024-09-02,11400.0,11550.0,11375.0,11500.0,11229.41,7506100,0.2179,1.5351
ICBP.JK,2024-09-03,11425.0,11450.0,11275.0,11375.0,11107.35,4461700,-1.087,1.5317
ICBP.JK,2024-09-04,11075.0,11425.0,11075.0,11400.0,11131.76,6155200,0.2198,3.1603
ICBP.JK,2024-09-05,11450.0,11725.0,11450.0,11650.0,11375.88,7236600,2.193,2.4017
ICBP.JK,2024-09-06,11525.0,11700.0,11450.0,11450.0,11180.59,4077500,-1.7167,2.1692
ICBP.JK,2024-09-09,11450.0,11600.0,11200.0,11600.0,11327.06,8829500,1.31,3.4934
ICBP.JK,2024-09-10,11675.0,11675.0,11550.0,11575.0,11302.65,4439800,-0.2155,1.0707
ICBP.JK,2024-09-11,11575.0,11600.0,11525.0,11575.0,11302.65,3358600,0.0,0.6479
ICBP.JK,2024-09-12,11475.0,11625.0,11475.0,11475.0,11205.0,2736700,-0.8639,1.3072
ICBP.JK,2024-09-13,11375.0,11450.0,11325.0,11325.0,11058.53,4657400,-1.3072,1.0989
ICBP.JK,2024-09-17,11425.0,11450.0,11325.0,11400.0,11131.76,3279400,0.6623,1.0941
ICBP.JK,2024-09-18,11375.0,11525.0,11375.0,11500.0,11229.41,1922500,0.8772,1.3187
ICBP.JK,2024-09-19,11525.0,11800.0,11450.0,11700.0,11424.71,7514700,1.7391,3.0369
ICBP.JK,2024-09-20,11725.0,12350.0,11725.0,12000.0,11717.65,11064700,2.5641,5.3305
ICBP.JK,2024-09-23,12125.0,12300.0,12000.0,12200.0,11912.94,5239500,1.6667,2.4742
ICBP.JK,2024-09-24,12325.0,12725.0,12250.0,12425.0,12132.65,12381000,1.8443,3.854
ICBP.JK,2024-09-25,12500.0,12500.0,12125.0,12450.0,12157.06,7539700,0.2012,3.0
ICBP.JK,2024-09-26,12650.0,12875.0,12450.0,12775.0,12474.41,12978300,2.6104,3.3597
ICBP.JK,2024-09-27,12800.0,12800.0,12475.0,12650.0,12352.35,7139400,-0.9785,2.5391
ICBP.JK,2024-09-30,12650.0,12650.0,12325.0,12325.0,12035.0,7362100,-2.5692,2.5692
ICBP.JK,2024-10-01,12325.0,12575.0,12100.0,12450.0,12157.06,6887000,1.0142,3.854
ICBP.JK,2024-10-02,12275.0,12400.0,12025.0,12200.0,11912.94,8171200,-2.008,3.055
ICBP.JK,2024-10-03,12250.0,12250.0,11950.0,12000.0,11717.65,10296200,-1.6393,2.449
ICBP.JK,2024-10-04,12000.0,12250.0,11925.0,12125.0,11839.71,5569800,1.0417,2.7083
ICBP.JK,2024-10-07,12050.0,12150.0,11725.0,12000.0,11717.65,4128800,-1.0309,3.527
ICBP.JK,2024-10-08,12000.0,12350.0,11925.0,12300.0,12010.59,5779300,2.5,3.5417
ICBP.JK,2024-10-09,12200.0,12275.0,12050.0,12075.0,11790.88,4270800,-1.8293,1.8443
ICBP.JK,2024-10-10,12075.0,12225.0,12025.0,12050.0,11766.47,1908600,-0.207,1.6563
ICBP.JK,2024-10-11,12500.0,12500.0,12075.0,12250.0,11961.76,4363700,1.6598,3.4
ICBP.JK,2024-10-14,12250.0,12500.0,12150.0,12350.0,12059.41,3228200,0.8163,2.8571
ICBP.JK,2024-10-15,12350.0,12625.0,12325.0,12575.0,12279.12,4111700,1.8219,2.4291
ICBP.JK,2024-10-16,12750.0,12750.0,12225.0,12500.0,12205.88,3719000,-0.5964,4.1176
ICBP.JK,2024-10-17,12500.0,12650.0,12350.0,12500.0,12205.88,5359100,0.0,2.4
ICBP.JK,2024-10-18,12625.0,12850.0,12400.0,12800.0,12498.82,5069700,2.4,3.5644
ICBP.JK,2024-10-21,12800.0,12800.0,12500.0,12500.0,12205.88,3698000,-2.3438,2.3438
ICBP.JK,2024-10-22,12600.0,12675.0,12425.0,12525.0,12230.29,2545600,0.2,1.9841
ICBP.JK,2024-10-23,12500.0,12650.0,12500.0,12600.0,12303.53,3484200,0.5988,1.2
ICBP.JK,2024-10-24,12600.0,12675.0,12500.0,12525.0,12230.29,1918300,-0.5952,1.3889
ICBP.JK,2024-10-25,12550.0,12850.0,12525.0,12650.0,12352.35,3657800,0.998,2.5896
ICBP.JK,2024-10-28,12575.0,12650.0,12500.0,12650.0,12352.35,2159300,0.0,1.1928
ICBP.JK,2024-10-29,12650.0,12675.0,12550.0,12575.0,12279.12,1739200,-0.5929,0.9881
ICBP.JK,2024-10-30,12600.0,12600.0,12350.0,12450.0,12157.06,3915400,-0.994,1.9841
ICBP.JK,2024-10-31,12450.0,12450.0,12300.0,12325.0,12035.0,2305900,-1.004,1.2048
ICBP.JK,2024-11-01,12425.0,12450.0,12100.0,12100.0,11815.29,4011200,-1.8256,2.8169
ICBP.JK,2024-11-04,12175.0,12500.0,11950.0,12325.0,12035.0,3534000,1.8595,4.5175
ICBP.JK,2024-11-05,12500.0,12600.0,12300.0,12600.0,12303.53,3941300,2.2312,2.4
ICBP.JK,2024-11-06,12500.0,12500.0,12050.0,12150.0,11864.12,4396900,-3.5714,3.6
ICBP.JK,2024-11-07,12200.0,12250.0,11800.0,12075.0,11790.88,7684900,-0.6173,3.6885
ICBP.JK,2024-11-08,12075.0,12175.0,12000.0,12100.0,11815.29,2920900,0.207,1.4493
ICBP.JK,2024-11-11,12000.0,12000.0,11650.0,11950.0,11668.82,3367300,-1.2397,2.9167
ICBP.JK,2024-11-12,11950.0,12075.0,11825.0,11850.0,11571.18,3318200,-0.8368,2.0921
ICBP.JK,2024-11-13,11850.0,12000.0,11800.0,11850.0,11571.18,4027500,0.0,1.6878
ICBP.JK,2024-11-14,11850.0,11850.0,11450.0,11450.0,11180.59,5482800,-3.3755,3.3755
ICBP.JK,2024-11-15,11450.0,11725.0,11450.0,11675.0,11400.29,3792500,1.9651,2.4017
ICBP.JK,2024-11-18,11750.0,12025.0,11750.0,11975.0,11693.24,2830700,2.5696,2.3404
ICBP.JK,2024-11-19,11975.0,12025.0,11775.0,11900.0,11620.0,5336100,-0.6263,2.0877
ICBP.JK,2024-11-20,11925.0,11925.0,11650.0,11800.0,11522.35,2082200,-0.8403,2.3061
ICBP.JK,2024-11-21,11800.0,11900.0,11675.0,11800.0,11522.35,4577300,0.0,1.9068
ICBP.JK,2024-11-22,12075.0,12225.0,11925.0,12000.0,11717.65,7267400,1.6949,2.4845
ICBP.JK,2024-11-25,12000.0,12050.0,11800.0,11950.0,11668.82,9711300,-0.4167,2.0833
ICBP.JK,2024-11-26,12175.0,12175.0,11900.0,11975.0,11693.24,4931800,0.2092,2.2587
ICBP.JK,2024-11-28,11975.0,11975.0,11650.0,11900.0,11620.0,3166900,-0.6263,2.714
ICBP.JK,2024-11-29,11975.0,12025.0,11825.0,11900.0,11620.0,4519900,0.0,1.6701
ICBP.JK,2024-12-02,11700.0,12000.0,11700.0,11850.0,11571.18,4943400,-0.4202,2.5641
ICBP.JK,2024-12-03,11925.0,11975.0,11725.0,11925.0,11644.41,6398300,0.6329,2.0964
ICBP.JK,2024-12-04,11800.0,11925.0,11775.0,11800.0,11522.35,4248900,-1.0482,1.2712
ICBP.JK,2024-12-05,11825.0,11950.0,11775.0,11900.0,11620.0,4593600,0.8475,1.4799
ICBP.JK,2024-12-06,11900.0,11900.0,11775.0,11825.0,11546.76,1582600,-0.6303,1.0504
ICBP.JK,2024-12-09,11800.0,11800.0,11700.0,11775.0,11497.94,4161700,-0.4228,0.8475
ICBP.JK,2024-12-10,11775.0,11800.0,11600.0,11725.0,11449.12,3743300,-0.4246,1.6985
ICBP.JK,2024-12-11,11650.0,11800.0,11650.0,11725.0,11449.12,3453500,0.0,1.2876
ICBP.JK,2024-12-12,11625.0,11650.0,11400.0,11600.0,11327.06,3262700,-1.0661,2.1505
ICBP.JK,2024-12-13,11625.0,11925.0,11625.0,11850.0,11571.18,4752600,2.1552,2.5806
ICBP.JK,2024-12-16,11850.0,11900.0,11725.0,11800.0,11522.35,3537900,-0.4219,1.4768
ICBP.JK,2024-12-17,11600.0,11725.0,11425.0,11525.0,11253.82,3251800,-2.3305,2.5862
ICBP.JK,2024-12-18,11500.0,11550.0,11150.0,11325.0,11058.53,7023500,-1.7354,3.4783
ICBP.JK,2024-12-19,11375.0,11375.0,10925.0,11200.0,10936.47,7376500,-1.1038,3.956
ICBP.JK,2024-12-20,11275.0,11400.0,11050.0,11250.0,10985.29,3806300,0.4464,3.1042
ICBP.JK,2024-12-23,11250.0,11475.0,11250.0,11425.0,11156.18,2328700,1.5556,2.0
ICBP.JK,2024-12-24,11425.0,11625.0,11125.0,11575.0,11302.65,1809000,1.3129,4.3764
ICBP.JK,2024-12-27,11525.0,11550.0,11325.0,11425.0,11156.18,5274600,-1.2959,1.9523
ICBP.JK,2024-12-30,11400.0,11400.0,11150.0,11375.0,11107.35,2852100,-0.4376,2.193
ICBP.JK,2025-01-02,11375.0,11375.0,11125.0,11225.0,10960.88,846100,-1.3187,2.1978
ICBP.JK,2025-01-03,11225.0,11375.0,11225.0,11375.0,11107.35,1377300,1.3363,1.3363
ICBP.JK,2025-01-06,11375.0,11375.0,11150.0,11175.0,10912.06,1981900,-1.7582,1.978
ICBP.JK,2025-01-07,11100.0,11175.0,10925.0,10925.0,10667.94,3994000,-2.2371,2.2523
ICBP.JK,2025-01-08,10925.0,11225.0,10925.0,11100.0,10838.82,5788600,1.6018,2.746
ICBP.JK,2025-01-09,11100.0,11100.0,11025.0,11025.0,10765.59,1495000,-0.6757,0.6757
ICBP.JK,2025-01-10,11025.0,11125.0,10950.0,11075.0,10814.41,2469200,0.4535,1.5873
ICBP.JK,2025-01-13,11050.0,11125.0,10975.0,11100.0,10838.82,3913400,0.2257,1.3575
ICBP.JK,2025-01-14,11100.0,11100.0,10750.0,10750.0,10497.06,3999700,-3.1532,3.1532
ICBP.JK,2025-01-15,10750.0,10900.0,10600.0,10775.0,10521.47,4810100,0.2326,2.7907
ICBP.JK,2025-01-16,10800.0,11025.0,10750.0,10925.0,10667.94,3687800,1.3921,2.5463
ICBP.JK,2025-01-17,10900.0,11050.0,10700.0,10825.0,10570.29,2690000,-0.9153,3.211
ICBP.JK,2025-01-20,10800.0,10800.0,10525.0,10525.0,10277.35,2593900,-2.7714,2.5463
ICBP.JK,2025-01-21,10525.0,11375.0,10500.0,11000.0,10741.18,5679300,4.5131,8.3135
ICBP.JK,2025-01-22,11200.0,11475.0,11100.0,11375.0,11107.35,5640100,3.4091,3.3482
ICBP.JK,2025-01-23,11400.0,11500.0,11275.0,11275.0,11009.71,2962600,-0.8791,1.9737
ICBP.JK,2025-01-24,11000.0,11650.0,11000.0,11425.0,11156.18,4293800,1.3304,5.9091
ICBP.JK,2025-01-30,11425.0,11650.0,11375.0,11575.0,11302.65,2052100,1.3129,2.407
ICBP.JK,2025-01-31,11675.0,11850.0,11450.0,11500.0,11229.41,2701400,-0.6479,3.4261
ICBP.JK,2025-02-03,11450.0,11575.0,11025.0,11225.0,10960.88,3242900,-2.3913,4.8035
ICBP.JK,2025-02-04,11425.0,11425.0,11025.0,11100.0,10838.82,2543100,-1.1136,3.5011
ICBP.JK,2025-02-05,11100.0,11200.0,10825.0,10900.0,10643.53,4420400,-1.8018,3.3784
ICBP.JK,2025-02-06,11075.0,11075.0,10875.0,10950.0,10692.35,3635900,0.4587,1.8059
ICBP.JK,2025-02-07,11075.0,11400.0,10800.0,11375.0,11107.35,4344400,3.8813,5.4176
ICBP.JK,2025-02-10,11450.0,11850.0,11200.0,11275.0,11009.71,6793800,-0.8791,5.6769
ICBP.JK,2025-02-11,11225.0,11375.0,11000.0,11225.0,10960.88,4041900,-0.4435,3.3408
ICBP.JK,2025-02-12,11200.0,11225.0,11025.0,11150.0,10887.65,2337100,-0.6682,1.7857
ICBP.JK,2025-02-13,11150.0,11400.0,11000.0,11225.0,10960.88,3580600,0.6726,3.5874
ICBP.JK,2025-02-14,11225.0,11700.0,11225.0,11525.0,11253.82,6318600,2.6726,4.2316
ICBP.JK,2025-02-17,11525.0,11650.0,11450.0,11500.0,11229.41,1815500,-0.2169,1.7354
ICBP.JK,2025-02-18,11500.0,11725.0,11425.0,11525.0,11253.82,4037000,0.2174,2.6087
ICBP.JK,2025-02-19,11625.0,11775.0,11525.0,11650.0,11375.88,4837300,1.0846,2.1505
ICBP.JK,2025-02-20,11675.0,11700.0,11425.0,11550.0,11278.24,2565800,-0.8584,2.3555
ICBP.JK,2025-02-21,11525.0,11675.0,11325.0,11500.0,11229.41,4313200,-0.4329,3.0369
ICBP.JK,2025-02-24,11475.0,12000.0,11425.0,11875.0,11595.59,3749400,3.2609,5.0109
ICBP.JK,2025-02-25,11875.0,11875.0,11325.0,11325.0,11058.53,4676200,-4.6316,4.6316
ICBP.JK,2025-02-26,11325.0,11325.0,10275.0,10500.0,10252.94,10117200,-7.2848,9.2715
ICBP.JK,2025-02-27,10500.0,10600.0,10225.0,10400.0,10155.29,10113900,-0.9524,3.5714
ICBP.JK,2025-02-28,10275.0,10575.0,10200.0,10450.0,10204.12,9319700,0.4808,3.6496
ICBP.JK,2025-03-03,10450.0,10725.0,10350.0,10575.0,10326.18,3313000,1.1962,3.5885
ICBP.JK,2025-03-04,10575.0,10650.0,10400.0,10575.0,10326.18,3491200,0.0,2.3641
ICBP.JK,2025-03-05,10600.0,10650.0,10400.0,10400.0,10155.29,5465900,-1.6548,2.3585
ICBP.JK,2025-03-06,10325.0,10525.0,10325.0,10350.0,10106.47,3741000,-0.4808,1.937
ICBP.JK,2025-03-07,10350.0,10725.0,10275.0,10550.0,10301.76,3290700,1.9324,4.3478
ICBP.JK,2025-03-10,10550.0,10725.0,10475.0,10600.0,10350.59,3750000,0.4739,2.3697
ICBP.JK,2025-03-11,10400.0,10575.0,10325.0,10425.0,10179.71,1234500,-1.6509,2.4038
ICBP.JK,2025-03-12,10500.0,10975.0,10500.0,10925.0,10667.94,4504800,4.7962,4.5238
ICBP.JK,2025-03-13,11000.0,11075.0,10775.0,11000.0,10741.18,3685600,0.6865,2.7273
ICBP.JK,2025-03-14,11025.0,11025.0,10725.0,10750.0,10497.06,2173400,-2.2727,2.7211
ICBP.JK,2025-03-17,10725.0,11000.0,10675.0,10950.0,10692.35,1895300,1.8605,3.0303
ICBP.JK,2025-03-18,10950.0,10950.0,10525.0,10825.0,10570.29,3133000,-1.1416,3.8813
ICBP.JK,2025-03-19,10775.0,10775.0,10450.0,10725.0,10472.65,3129100,-0.9238,3.0162
ICBP.JK,2025-03-20,10725.0,10725.0,10525.0,10600.0,10350.59,2096000,-1.1655,1.8648
ICBP.JK,2025-03-21,10600.0,10725.0,10475.0,10575.0,10326.18,4579600,-0.2358,2.3585
ICBP.JK,2025-03-24,10500.0,10525.0,9925.0,10425.0,10179.71,8524900,-1.4184,5.7143
ICBP.JK,2025-03-25,10450.0,10675.0,10375.0,10375.0,10130.88,2272600,-0.4796,2.8708
ICBP.JK,2025-03-26,10450.0,10575.0,10300.0,10550.0,10301.76,3818000,1.6867,2.6316
ICBP.JK,2025-03-27,10350.0,10450.0,10100.0,10175.0,9935.59,6715200,-3.5545,3.3816
ICBP.JK,2025-04-08,10000.0,10000.0,9500.0,9700.0,9471.76,13575500,-4.6683,5.0
ICBP.JK,2025-04-09,9700.0,10075.0,9450.0,9575.0,9349.71,6675700,-1.2887,6.4433
ICBP.JK,2025-04-10,9825.0,10100.0,9775.0,10000.0,9764.71,6369200,4.4386,3.3079
ICBP.JK,2025-04-11,9650.0,9950.0,9550.0,9925.0,9691.47,5910000,-0.75,4.1451
ICBP.JK,2025-04-14,9925.0,10350.0,9925.0,10325.0,10082.06,3364000,4.0302,4.2821
ICBP.JK,2025-04-15,10325.0,10475.0,10050.0,10475.0,10228.53,5346100,1.4528,4.1162
ICBP.JK,2025-04-16,10475.0,10475.0,10200.0,10250.0,10008.82,3047800,-2.148,2.6253
ICBP.JK,2025-04-17,10250.0,10750.0,10100.0,10600.0,10350.59,7789900,3.4146,6.3415
ICBP.JK,2025-04-21,10600.0,10600.0,10400.0,10550.0,10301.76,1425200,-0.4717,1.8868
ICBP.JK,2025-04-22,10550.0,10550.0,10450.0,10475.0,10228.53,1806100,-0.7109,0.9479
ICBP.JK,2025-04-23,10475.0,10750.0,10400.0,10700.0,10448.24,7661100,2.148,3.3413
ICBP.JK,2025-04-24,10700.0,11000.0,10700.0,11000.0,10741.18,4147600,2.8037,2.8037
ICBP.JK,2025-04-25,11100.0,11150.0,10900.0,11000.0,10741.18,4395500,0.0,2.2523
ICBP.JK,2025-04-28,11025.0,11075.0,10850.0,11000.0,10741.18,1094100,0.0,2.0408
ICBP.JK,2025-04-29,11000.0,11275.0,10900.0,11250.0,10985.29,2295500,2.2727,3.4091
ICBP.JK,2025-04-30,11250.0,11350.0,11050.0,11350.0,11082.94,2335600,0.8889,2.6667
ICBP.JK,2025-05-02,11350.0,11350.0,10550.0,11000.0,10741.18,10223300,-3.0837,7.0485
ICBP.JK,2025-05-05,11050.0,11325.0,11050.0,11200.0,10936.47,3839600,1.8182,2.4887
ICBP.JK,2025-05-06,11250.0,11600.0,11250.0,11275.0,11009.71,4443700,0.6696,3.1111
ICBP.JK,2025-05-07,11350.0,11400.0,11075.0,11075.0,10814.41,4410500,-1.7738,2.8634
ICBP.JK,2025-05-08,11200.0,11400.0,11100.0,11400.0,11131.76,3008000,2.9345,2.6786
ICBP.JK,2025-05-09,11400.0,11400.0,11125.0,11200.0,10936.47,2031000,-1.7544,2.4123
ICBP.JK,2025-05-14,11425.0,11425.0,11050.0,11175.0,10912.06,5245800,-0.2232,3.2823
ICBP.JK,2025-05-15,11175.0,11475.0,11050.0,11050.0,10790.0,3943900,-1.1186,3.8031
ICBP.JK,2025-05-16,11200.0,11200.0,10900.0,11075.0,10814.41,7428000,0.2262,2.6786
ICBP.JK,2025-05-19,11100.0,11100.0,10925.0,10950.0,10692.35,5847100,-1.1287,1.5766
ICBP.JK,2025-05-20,11050.0,11075.0,10750.0,10750.0,10497.06,6391600,-1.8265,2.9412
ICBP.JK,2025-05-21,10825.0,10925.0,10700.0,10825.0,10570.29,4312500,0.6977,2.0785
ICBP.JK,2025-05-22,10825.0,11000.0,10725.0,10800.0,10545.88,3175000,-0.2309,2.5404
ICBP.JK,2025-05-23,10850.0,10900.0,10800.0,10825.0,10570.29,1811100,0.2315,0.9217
ICBP.JK,2025-05-26,10825.0,11050.0,10825.0,11025.0,10765.59,4661200,1.8476,2.0785
ICBP.JK,2025-05-27,11075.0,11225.0,10950.0,11125.0,10863.24,4928700,0.907,2.4831
ICBP.JK,2025-05-28,11200.0,11225.0,10900.0,10900.0,10643.53,7578200,-2.0225,2.9018
ICBP.JK,2025-06-02,10825.0,10900.0,10550.0,10800.0,10545.88,10667100,-0.9174,3.2333
ICBP.JK,2025-06-03,10800.0,10850.0,10600.0,10625.0,10375.0,2685000,-1.6204,2.3148
ICBP.JK,2025-06-04,10825.0,10825.0,10600.0,10825.0,10570.29,3186300,1.8824,2.0785
ICBP.JK,2025-06-05,10800.0,10800.0,10600.0,10700.0,10448.24,1482700,-1.1547,1.8519
ICBP.JK,2025-06-10,10700.0,10750.0,10500.0,10650.0,10399.41,4733600,-0.4673,2.3364
ICBP.JK,2025-06-11,10700.0,10750.0,10550.0,10700.0,10448.24,5451900,0.4695,1.8692
ICBP.JK,2025-06-12,10700.0,10825.0,10600.0,10675.0,10423.82,4172700,-0.2336,2.1028
ICBP.JK,2025-06-13,10675.0,10725.0,10550.0,10600.0,10350.59,4299100,-0.7026,1.6393
ICBP.JK,2025-06-16,10600.0,10750.0,10550.0,10575.0,10326.18,3557500,-0.2358,1.8868
ICBP.JK,2025-06-17,10575.0,10725.0,10575.0,10625.0,10375.0,2443900,0.4728,1.4184
ICBP.JK,2025-06-18,10600.0,10675.0,10550.0,10650.0,10399.41,2999200,0.2353,1.1792
ICBP.JK,2025-06-19,10675.0,10675.0,10400.0,10450.0,10204.12,4446100,-1.8779,2.5761
ICBP.JK,2025-06-20,10450.0,10650.0,10200.0,10425.0,10179.71,14686100,-0.2392,4.3062
ICBP.JK,2025-06-23,10300.0,10300.0,9950.0,9950.0,9715.88,8896600,-4.5564,3.3981
ICBP.JK,2025-06-24,10200.0,10375.0,10175.0,10225.0,9984.41,3624700,2.7638,1.9608
ICBP.JK,2025-06-25,10450.0,10450.0,10175.0,10225.0,9984.41,2262900,0.0,2.6316
ICBP.JK,2025-06-26,10100.0,10300.0,9950.0,10150.0,9911.18,10959700,-0.7335,3.4653
ICBP.JK,2025-06-30,10350.0,10550.0,10200.0,10500.0,10252.94,12168800,3.4483,3.3816
ICBP.JK,2025-07-01,10500.0,10625.0,10400.0,10625.0,10375.0,4235400,1.1905,2.1429
ICBP.JK,2025-07-02,10425.0,10625.0,10350.0,10500.0,10500.0,3473000,-1.1765,2.6379
ICBP.JK,2025-07-03,10600.0,10850.0,10550.0,10750.0,10750.0,3199900,2.381,2.8302
ICBP.JK,2025-07-04,10750.0,10800.0,10550.0,10650.0,10650.0,1376400,-0.9302,2.3256
ICBP.JK,2025-07-07,10725.0,10725.0,10275.0,10500.0,10500.0,5720900,-1.4085,4.1958
ICBP.JK,2025-07-08,10450.0,10550.0,10325.0,10500.0,10500.0,7659400,0.0,2.1531
ICBP.JK,2025-07-09,10525.0,10550.0,10075.0,10525.0,10525.0,6547300,0.2381,4.5131
ICBP.JK,2025-07-10,10500.0,10500.0,10350.0,10450.0,10450.0,3168500,-0.7126,1.4286
ICBP.JK,2025-07-11,10475.0,10500.0,10300.0,10325.0,10325.0,2731600,-1.1962,1.9093
ICBP.JK,2025-07-14,10325.0,10425.0,10200.0,10400.0,10400.0,4153500,0.7264,2.1792
ICBP.JK,2025-07-15,10400.0,10425.0,10150.0,10400.0,10400.0,12047900,0.0,2.6442
ICBP.JK,2025-07-16,10400.0,10425.0,10275.0,10350.0,10350.0,2396100,-0.4808,1.4423
ICBP.JK,2025-07-17,10350.0,10400.0,10150.0,10350.0,10350.0,13247400,0.0,2.4155
ICBP.JK,2025-07-18,10350.0,10525.0,10300.0,10400.0,10400.0,12730500,0.4831,2.1739
ICBP.JK,2025-07-21,10425.0,10500.0,10250.0,10500.0,10500.0,11341700,0.9615,2.3981
ICBP.JK,2025-07-22,10525.0,10525.0,10350.0,10350.0,10350.0,2916000,-1.4286,1.6627
ICBP.JK,2025-07-23,10475.0,10475.0,10300.0,10450.0,10450.0,3234000,0.9662,1.6706
ICBP.JK,2025-07-24,10450.0,10475.0,10350.0,10350.0,10350.0,2976000,-0.9569,1.1962
ICBP.JK,2025-07-25,10350.0,10550.0,10275.0,10550.0,10550.0,6635900,1.9324,2.657
ICBP.JK,2025-07-28,10550.0,10575.0,10225.0,10225.0,10225.0,5895900,-3.0806,3.3175
ICBP.JK,2025-07-29,10225.0,10250.0,9950.0,10000.0,10000.0,23316400,-2.2005,2.934
ICBP.JK,2025-07-30,10050.0,10100.0,9800.0,9925.0,9925.0,11795400,-0.75,2.9851
ICBP.JK,2025-07-31,9925.0,9975.0,9800.0,9800.0,9800.0,4990600,-1.2594,1.7632
ICBP.JK,2025-08-01,9900.0,9950.0,9800.0,9900.0,9900.0,9390400,1.0204,1.5152
ICBP.JK,2025-08-04,9900.0,9925.0,9525.0,9550.0,9550.0,12748700,-3.5354,4.0404
ICBP.JK,2025-08-05,9600.0,9625.0,9475.0,9575.0,9575.0,8541600,0.2618,1.5625
ICBP.JK,2025-08-06,9575.0,9625.0,9500.0,9550.0,9550.0,5467100,-0.2611,1.3055
ICBP.JK,2025-08-07,9550.0,9575.0,9500.0,9500.0,9500.0,6473400,-0.5236,0.7853
ICBP.JK,2025-08-08,9450.0,9450.0,9350.0,9350.0,9350.0,7653700,-1.5789,1.0582
ICBP.JK,2025-08-11,9350.0,9600.0,9350.0,9550.0,9550.0,7665100,2.139,2.6738
ICBP.JK,2025-08-12,9600.0,9700.0,9500.0,9550.0,9550.0,6203500,0.0,2.0833
ICBP.JK,2025-08-13,9600.0,9650.0,9375.0,9475.0,9475.0,9967500,-0.7853,2.8646
ICBP.JK,2025-08-14,9450.0,9825.0,9425.0,9725.0,9725.0,25589500,2.6385,4.2328
ICBP.JK,2025-08-15,9750.0,9950.0,9550.0,9900.0,9900.0,18332000,1.7995,4.1026
ICBP.JK,2025-08-19,9900.0,9925.0,9625.0,9775.0,9775.0,6045500,-1.2626,3.0303
ICBP.JK,2025-08-20,9775.0,9825.0,9600.0,9650.0,9650.0,5730000,-1.2788,2.3018
ICBP.JK,2025-08-21,9600.0,9700.0,9550.0,9550.0,9550.0,3901000,-1.0363,1.5625
ICBP.JK,2025-08-22,9600.0,9675.0,9550.0,9575.0,9575.0,3331700,0.2618,1.3021
ICBP.JK,2025-08-25,9575.0,9625.0,9500.0,9500.0,9500.0,5199200,-0.7833,1.3055
ICBP.JK,2025-08-26,9500.0,9575.0,9375.0,9375.0,9375.0,9031900,-1.3158,2.1053
ICBP.JK,2025-08-27,9375.0,9425.0,9325.0,9325.0,9325.0,3413900,-0.5333,1.0667
ICBP.JK,2025-08-28,9325.0,9450.0,9275.0,9300.0,9300.0,4029300,-0.2681,1.8767
ICBP.JK,2025-08-29,9250.0,9275.0,8975.0,8975.0,8975.0,12958600,-3.4946,3.2432
ICBP.JK,2025-09-01,8800.0,9275.0,8650.0,9200.0,9200.0,5969700,2.507,7.1023
ICBP.JK,2025-09-02,9225.0,9325.0,9200.0,9200.0,9200.0,3319500,0.0,1.355
ICBP.JK,2025-09-03,9225.0,9300.0,9200.0,9300.0,9300.0,2439300,1.087,1.084
ICBP.JK,2025-09-04,9300.0,9300.0,9200.0,9250.0,9250.0,2740200,-0.5376,1.0753
ICBP.JK,2025-09-08,9300.0,9475.0,9275.0,9375.0,9375.0,8124700,1.3514,2.1505
ICBP.JK,2025-09-09,9325.0,9325.0,9100.0,9225.0,9225.0,4218400,-1.6,2.4129
ICBP.JK,2025-09-10,9225.0,9225.0,9150.0,9225.0,9225.0,2211300,0.0,0.813
ICBP.JK,2025-09-11,9225.0,9400.0,9200.0,9300.0,9300.0,4876500,0.813,2.168
ICBP.JK,2025-09-12,9300.0,9400.0,9175.0,9250.0,9250.0,4228300,-0.5376,2.4194
ICBP.JK,2025-09-15,9250.0,9325.0,9150.0,9225.0,9225.0,3520100,-0.2703,1.8919
ICBP.JK,2025-09-16,9250.0,9325.0,9200.0,9300.0,9300.0,2267100,0.813,1.3514
ICBP.JK,2025-09-17,9275.0,9500.0,9250.0,9500.0,9500.0,3034300,2.1505,2.6954
ICBP.JK,2025-09-18,9500.0,9525.0,9425.0,9425.0,9425.0,2855900,-0.7895,1.0526
ICBP.JK,2025-09-19,9425.0,9700.0,9425.0,9700.0,9700.0,6110200,2.9178,2.9178
ICBP.JK,2025-09-22,9700.0,9825.0,9500.0,9625.0,9625.0,4473300,-0.7732,3.3505
ICBP.JK,2025-09-23,9700.0,9700.0,9600.0,9700.0,9700.0,1955400,0.7792,1.0309
ICBP.JK,2025-09-24,9700.0,9725.0,9550.0,9550.0,9550.0,5779000,-1.5464,1.8041
ICBP.JK,2025-09-25,9625.0,9800.0,9600.0,9800.0,9800.0,6445600,2.6178,2.0779
ICBP.JK,2025-09-26,9800.0,10050.0,9675.0,10000.0,10000.0,8532100,2.0408,3.8265
ICBP.JK,2025-09-29,10025.0,10050.0,9650.0,9650.0,9650.0,6132900,-3.5,3.99
ICBP.JK,2025-09-30,9650.0,9750.0,9475.0,9475.0,9475.0,6069800,-1.8135,2.8497
ICBP.JK,2025-10-01,9550.0,9625.0,9300.0,9325.0,9325.0,3535600,-1.5831,3.4031
ICBP.JK,2025-10-02,9425.0,9625.0,9400.0,9500.0,9500.0,2820900,1.8767,2.3873
ICBP.JK,2025-10-03,9525.0,9575.0,9400.0,9550.0,9550.0,2598800,0.5263,1.8373
ICBP.JK,2025-10-06,9550.0,9550.0,9400.0,9500.0,9500.0,2234600,-0.5236,1.5707
ICBP.JK,2025-10-07,9475.0,9475.0,9200.0,9200.0,9200.0,4053100,-3.1579,2.9024
ICBP.JK,2025-10-08,9200.0,9375.0,9150.0,9200.0,9200.0,3003600,0.0,2.4457
ICBP.JK,2025-10-09,9200.0,9325.0,9075.0,9100.0,9100.0,7056400,-1.087,2.7174
ICBP.JK,2025-10-10,9150.0,9175.0,8850.0,8850.0,8850.0,11183000,-2.7473,3.5519
ICBP.JK,2025-10-13,8850.0,8925.0,8800.0,8800.0,8800.0,4920500,-0.565,1.4124
ICBP.JK,2025-10-14,8900.0,8900.0,8475.0,8475.0,8475.0,10863600,-3.6932,4.7753
ICBP.JK,2025-10-15,8500.0,8750.0,8425.0,8675.0,8675.0,9029700,2.3599,3.8235
ICBP.JK,2025-10-16,8700.0,9300.0,8650.0,9250.0,9250.0,10168600,6.6282,7.4713
ICBP.JK,2025-10-17,9300.0,9400.0,9025.0,9400.0,9400.0,8398300,1.6216,4.0323
ICBP.JK,2025-10-20,9425.0,9550.0,9275.0,9375.0,9375.0,7951500,-0.266,2.9178
ICBP.JK,2025-10-21,9500.0,9500.0,9225.0,9275.0,9275.0,3346700,-1.0667,2.8947
ICBP.JK,2025-10-22,9300.0,9325.0,8900.0,8900.0,8900.0,7695400,-4.0431,4.5699
ICBP.JK,2025-10-23,8900.0,8950.0,8725.0,8825.0,8825.0,14457700,-0.8427,2.5281
ICBP.JK,2025-10-24,8850.0,8950.0,8800.0,8800.0,8800.0,7447900,-0.2833,1.6949
ICBP.JK,2025-10-27,8800.0,8975.0,8750.0,8850.0,8850.0,8921900,0.5682,2.5568
ICBP.JK,2025-10-28,8875.0,8925.0,8700.0,8775.0,8775.0,12338900,-0.8475,2.5352
ICBP.JK,2025-10-29,8800.0,8825.0,8650.0,8700.0,8700.0,16526500,-0.8547,1.9886
ICBP.JK,2025-10-30,8700.0,8875.0,8700.0,8800.0,8800.0,13885200,1.1494,2.0115
ICBP.JK,2025-10-31,8800.0,8850.0,8700.0,8700.0,8700.0,9693500,-1.1364,1.7045
ICBP.JK,2025-11-03,8700.0,8700.0,8500.0,8500.0,8500.0,14837200,-2.2989,2.2989
ICBP.JK,2025-11-04,8500.0,8600.0,8475.0,8475.0,8475.0,14071000,-0.2941,1.4706
ICBP.JK,2025-11-05,8500.0,8700.0,8475.0,8700.0,8700.0,7693000,2.6549,2.6471
ICBP.JK,2025-11-06,8650.0,8675.0,8550.0,8575.0,8575.0,15202700,-1.4368,1.4451
ICBP.JK,2025-11-07,8550.0,8650.0,8550.0,8600.0,8600.0,5446000,0.2915,1.1696
ICBP.JK,2025-11-10,8700.0,8725.0,8600.0,8650.0,8650.0,6371300,0.5814,1.4368
ICBP.JK,2025-11-11,8725.0,8725.0,8525.0,8550.0,8550.0,9738300,-1.1561,2.2923
ICBP.JK,2025-11-12,8550.0,8675.0,8525.0,8525.0,8525.0,7459700,-0.2924,1.7544
ICBP.JK,2025-11-13,8525.0,8600.0,8475.0,8475.0,8475.0,9366500,-0.5865,1.4663
ICBP.JK,2025-11-14,8500.0,8550.0,8425.0,8425.0,8425.0,9077300,-0.59,1.4706
ICBP.JK,2025-11-17,8500.0,8700.0,8325.0,8375.0,8375.0,21504300,-0.5935,4.4118
ICBP.JK,2025-11-18,8375.0,8475.0,8325.0,8325.0,8325.0,14213100,-0.597,1.791
ICBP.JK,2025-11-19,8325.0,8525.0,8325.0,8400.0,8400.0,20237100,0.9009,2.4024
ICBP.JK,2025-11-20,8500.0,8525.0,8325.0,8325.0,8325.0,15336300,-0.8929,2.3529
ICBP.JK,2025-11-21,8350.0,8400.0,8325.0,8350.0,8350.0,9262700,0.3003,0.8982
ICBP.JK,2025-11-24,8350.0,8450.0,8200.0,8350.0,8350.0,176275900,0.0,2.994
ICBP.JK,2025-11-25,8450.0,8600.0,8450.0,8575.0,8575.0,36155100,2.6946,1.7751
ICBP.JK,2025-11-26,8625.0,8650.0,8525.0,8600.0,8600.0,19741000,0.2915,1.4493
ICBP.JK,2025-11-27,8600.0,8625.0,8500.0,8550.0,8550.0,17082500,-0.5814,1.4535
ICBP.JK,2025-11-28,8575.0,8600.0,8425.0,8450.0,8450.0,8785500,-1.1696,2.0408
ICBP.JK,2025-12-01,8425.0,8475.0,8400.0,8400.0,8400.0,5346900,-0.5917,0.8902
ICBP.JK,2025-12-02,8400.0,8425.0,8050.0,8100.0,8100.0,43427600,-3.5714,4.4643
ICBP.JK,2025-12-03,8100.0,8200.0,8100.0,8125.0,8125.0,10525100,0.3086,1.2346
ICBP.JK,2025-12-04,8225.0,8250.0,8100.0,8200.0,8200.0,13673600,0.9231,1.8237
ICBP.JK,2025-12-05,8200.0,8200.0,8050.0,8050.0,8050.0,16859700,-1.8293,1.8293
ICBP.JK,2025-12-08,8100.0,8200.0,8075.0,8075.0,8075.0,11661200,0.3106,1.5432
ICBP.JK,2025-12-09,8100.0,8125.0,8000.0,8000.0,8000.0,16634200,-0.9288,1.5432
ICBP.JK,2025-12-10,8000.0,8075.0,8000.0,8025.0,8025.0,8871000,0.3125,0.9375
ICBP.JK,2025-12-11,8050.0,8150.0,7950.0,8025.0,8025.0,10206100,0.0,2.4845
ICBP.JK,2025-12-12,8100.0,8100.0,7975.0,8075.0,8075.0,8185400,0.6231,1.5432
ICBP.JK,2025-12-15,8225.0,8375.0,8075.0,8300.0,8300.0,15671200,2.7864,3.6474
ICBP.JK,2025-12-16,8325.0,8400.0,8225.0,8350.0,8350.0,17355800,0.6024,2.1021
ICBP.JK,2025-12-17,8350.0,8400.0,8300.0,8325.0,8325.0,5997500,-0.2994,1.1976
ICBP.JK,2025-12-18,8325.0,8400.0,8200.0,8250.0,8250.0,6171700,-0.9009,2.4024
ICBP.JK,2025-12-19,8250.0,8425.0,8225.0,8425.0,8425.0,11114100,2.1212,2.4242
ICBP.JK,2025-12-22,8400.0,8400.0,8275.0,8350.0,8350.0,6241200,-0.8902,1.4881
ICBP.JK,2025-12-23,8350.0,8350.0,8225.0,8250.0,8250.0,4615400,-1.1976,1.497
ICBP.JK,2025-12-24,8200.0,8275.0,8200.0,8250.0,8250.0,1899500,0.0,0.9146
ICBP.JK,2025-12-29,8250.0,8325.0,8125.0,8300.0,8300.0,6435900,0.6061,2.4242
ICBP.JK,2025-12-30,8250.0,8325.0,8175.0,8200.0,8200.0,3807000,-1.2048,1.8182
ICBP.JK,2026-01-02,8200.0,8225.0,8075.0,8075.0,8075.0,4906200,-1.5244,1.8293
ICBP.JK,2026-01-05,8100.0,8150.0,8000.0,8100.0,8100.0,6465500,0.3096,1.8519
ICBP.JK,2026-01-06,8100.0,8175.0,8075.0,8100.0,8100.0,6207700,0.0,1.2346
ICBP.JK,2026-01-07,8100.0,8125.0,8000.0,8050.0,8050.0,9501900,-0.6173,1.5432
ICBP.JK,2026-01-08,8050.0,8125.0,8025.0,8025.0,8025.0,10684500,-0.3106,1.2422
ICBP.JK,2026-01-09,8050.0,8075.0,8000.0,8000.0,8000.0,5016300,-0.3115,0.9317
ICBP.JK,2026-01-12,8000.0,8025.0,7900.0,7900.0,7900.0,10239900,-1.25,1.5625
ICBP.JK,2026-01-13,7925.0,8000.0,7925.0,7975.0,7975.0,3957300,0.9494,0.9464
ICBP.JK,2026-01-14,7975.0,8050.0,7950.0,7950.0,7950.0,5323700,-0.3135,1.2539
ICBP.JK,2026-01-15,8000.0,8100.0,7975.0,8050.0,8050.0,5660000,1.2579,1.5625
ICBP.JK,2026-01-19,8050.0,8150.0,8025.0,8100.0,8100.0,9458500,0.6211,1.5528
ICBP.JK,2026-01-20,8100.0,8200.0,8100.0,8125.0,8125.0,4869500,0.3086,1.2346
ICBP.JK,2026-01-21,8125.0,8150.0,8025.0,8100.0,8100.0,9619600,-0.3077,1.5385
ICBP.JK,2026-01-22,8150.0,8400.0,8075.0,8325.0,8325.0,13969100,2.7778,3.9877
ICBP.JK,2026-01-23,8325.0,8350.0,8175.0,8275.0,8275.0,11745000,-0.6006,2.1021
ICBP.JK,2026-01-26,8275.0,8450.0,8175.0,8400.0,8400.0,11911100,1.5106,3.3233
ICBP.JK,2026-01-27,8400.0,8400.0,8125.0,8225.0,8225.0,8344200,-2.0833,3.2738
ICBP.JK,2026-01-28,8150.0,8150.0,7675.0,7775.0,7775.0,21932000,-5.4711,5.8282
ICBP.JK,2026-01-29,7700.0,7775.0,7225.0,7675.0,7675.0,29324800,-1.2862,7.1429
ICBP.JK,2026-01-30,7675.0,8125.0,7675.0,7950.0,7950.0,18174200,3.5831,5.8632
ICBP.JK,2026-02-02,8075.0,8375.0,8025.0,8375.0,8375.0,19372900,5.3459,4.3344
ICBP.JK,2026-02-03,8350.0,8600.0,8225.0,8575.0,8575.0,17576700,2.3881,4.491
ICBP.JK,2026-02-04,8575.0,8575.0,8300.0,8300.0,8300.0,9948300,-3.207,3.207
ICBP.JK,2026-02-05,8300.0,8500.0,8300.0,8300.0,8300.0,7338300,0.0,2.4096
ICBP.JK,2026-02-06,8250.0,8275.0,8000.0,8075.0,8075.0,10290000,-2.7108,3.3333
ICBP.JK,2026-02-09,8075.0,8175.0,7875.0,8075.0,8075.0,13201700,0.0,3.7152
ICBP.JK,2026-02-10,8125.0,8200.0,8100.0,8125.0,8125.0,4255800,0.6192,1.2308
ICBP.JK,2026-02-11,8150.0,8250.0,8125.0,8175.0,8175.0,4709900,0.6154,1.5337
ICBP.JK,2026-02-12,8200.0,8250.0,8125.0,8200.0,8200.0,2880200,0.3058,1.5244
ICBP.JK,2026-02-13,8200.0,8225.0,8075.0,8200.0,8200.0,7720000,0.0,1.8293
ICBP.JK,2026-02-18,8225.0,8250.0,8150.0,8200.0,8200.0,4370200,0.0,1.2158
ICBP.JK,2026-02-19,8200.0,8275.0,8100.0,8125.0,8125.0,7449100,-0.9146,2.1341
ICBP.JK,2026-02-20,8200.0,8225.0,8000.0,8025.0,8025.0,12383500,-1.2308,2.7439
ICBP.JK,2026-02-23,8050.0,8175.0,8050.0,8150.0,8150.0,6422300,1.5576,1.5528
ICBP.JK,2026-02-24,8150.0,8175.0,7950.0,7950.0,7950.0,13392800,-2.454,2.7607
ICBP.JK,2026-02-25,8000.0,8075.0,7975.0,8025.0,8025.0,4880000,0.9434,1.25
ICBP.JK,2026-02-26,8025.0,8100.0,7875.0,7900.0,7900.0,11033700,-1.5576,2.8037
ICBP.JK,2026-02-27,7950.0,8025.0,7850.0,7850.0,7850.0,7916500,-0.6329,2.2013
ICBP.JK,2026-03-02,7800.0,7825.0,7550.0,7600.0,7600.0,13451700,-3.1847,3.5256
ICBP.JK,2026-03-03,7625.0,7800.0,7600.0,7700.0,7700.0,5983700,1.3158,2.623
ICBP.JK,2026-03-04,7700.0,7800.0,7200.0,7475.0,7475.0,14354800,-2.9221,7.7922
ICBP.JK,2026-03-05,7525.0,7650.0,7400.0,7475.0,7475.0,6618400,0.0,3.3223
ICBP.JK,2026-03-06,7475.0,7525.0,7400.0,7450.0,7450.0,3343800,-0.3344,1.6722
ICBP.JK,2026-03-09,7350.0,7350.0,7100.0,7125.0,7125.0,11547600,-4.3624,3.4014
ICBP.JK,2026-03-10,7275.0,7300.0,7200.0,7250.0,7250.0,2522500,1.7544,1.3746
ICBP.JK,2026-03-11,7250.0,7325.0,7225.0,7250.0,7250.0,3376700,0.0,1.3793
ICBP.JK,2026-03-12,7250.0,7575.0,7225.0,7575.0,7575.0,9775100,4.4828,4.8276
ICBP.JK,2026-03-13,7500.0,7525.0,7250.0,7250.0,7250.0,4264700,-4.2904,3.6667
ICBP.JK,2026-03-16,7325.0,7350.0,7075.0,7075.0,7075.0,3602000,-2.4138,3.7543
ICBP.JK,2026-03-17,7100.0,7325.0,7100.0,7100.0,7100.0,5574000,0.3534,3.169
ICBP.JK,2026-03-25,7125.0,7300.0,7125.0,7250.0,7250.0,2837600,2.1127,2.4561
ICBP.JK,2026-03-26,7300.0,7375.0,7225.0,7275.0,7275.0,2518000,0.3448,2.0548
ICBP.JK,2026-03-27,7275.0,7300.0,7100.0,7100.0,7100.0,2839300,-2.4055,2.7491
ICBP.JK,2026-03-30,7075.0,7225.0,7075.0,7225.0,7225.0,2735600,1.7606,2.1201
ICBP.JK,2026-03-31,7325.0,7450.0,7150.0,7350.0,7350.0,10698900,1.7301,4.0956
ICBP.JK,2026-04-01,7350.0,7450.0,7275.0,7400.0,7400.0,2712700,0.6803,2.381
ICBP.JK,2026-04-02,7375.0,7475.0,7350.0,7375.0,7375.0,3685000,-0.3378,1.6949
ICBP.JK,2026-04-06,7375.0,7450.0,7250.0,7425.0,7425.0,2031700,0.678,2.7119
ICBP.JK,2026-04-07,7425.0,7425.0,7300.0,7325.0,7325.0,1337800,-1.3468,1.6835
ICBP.JK,2026-04-08,7450.0,7550.0,7375.0,7525.0,7525.0,2420400,2.7304,2.349
ICBP.JK,2026-04-09,7525.0,7525.0,7400.0,7450.0,7450.0,3881800,-0.9967,1.6611
ICBP.JK,2026-04-10,7475.0,7475.0,7350.0,7375.0,7375.0,3243900,-1.0067,1.6722
ICBP.JK,2026-04-13,7375.0,7375.0,7200.0,7225.0,7225.0,5113800,-2.0339,2.3729
ICBP.JK,2026-04-14,7275.0,7300.0,7200.0,7225.0,7225.0,4643000,0.0,1.3746
ICBP.JK,2026-04-15,7250.0,7300.0,7200.0,7200.0,7200.0,6618700,-0.346,1.3793
ICBP.JK,2026-04-16,7250.0,7325.0,7225.0,7275.0,7275.0,3765900,1.0417,1.3793
ICBP.JK,2026-04-17,7275.0,7300.0,7225.0,7300.0,7300.0,2626700,0.3436,1.0309
ICBP.JK,2026-04-20,7275.0,7300.0,7175.0,7175.0,7175.0,3932800,-1.7123,1.7182
ICBP.JK,2026-04-21,7175.0,7200.0,7125.0,7150.0,7150.0,3851300,-0.3484,1.0453
ICBP.JK,2026-04-22,7175.0,7175.0,7050.0,7100.0,7100.0,7957300,-0.6993,1.7422
ICBP.JK,2026-04-23,7100.0,7150.0,7025.0,7075.0,7075.0,6103600,-0.3521,1.7606
ICBP.JK,2026-04-24,7075.0,7100.0,6825.0,6825.0,6825.0,8562900,-3.5336,3.8869
ICBP.JK,2026-04-27,6825.0,6925.0,6750.0,6900.0,6900.0,4100900,1.0989,2.5641
ICBP.JK,2026-04-28,6900.0,6950.0,6750.0,6775.0,6775.0,5589600,-1.8116,2.8986
ICBP.JK,2026-04-29,6775.0,6825.0,6700.0,6725.0,6725.0,6155900,-0.738,1.845
ICBP.JK,2026-04-30,6725.0,6775.0,6650.0,6775.0,6775.0,6568000,0.7435,1.8587
ICBP.JK,2026-05-04,6775.0,6875.0,6675.0,6800.0,6800.0,6688000,0.369,2.952
ICBP.JK,2026-05-05,6775.0,6800.0,6700.0,6725.0,6725.0,7234600,-1.1029,1.476
ICBP.JK,2026-05-06,6725.0,6850.0,6725.0,6800.0,6800.0,6494900,1.1152,1.8587
ICBP.JK,2026-05-07,6900.0,7250.0,6875.0,7175.0,7175.0,13524700,5.5147,5.4348
ICBP.JK,2026-05-08,7175.0,7250.0,7025.0,7050.0,7050.0,7207100,-1.7422,3.1359
ICBP.JK,2026-05-11,7050.0,7175.0,6900.0,7100.0,7100.0,5072900,0.7092,3.9007
ICBP.JK,2026-05-12,7100.0,7125.0,6850.0,6950.0,6950.0,5044900,-2.1127,3.8732
ICBP.JK,2026-05-13,6925.0,6925.0,6800.0,6825.0,6825.0,4991500,-1.7986,1.8051
ICBP.JK,2026-05-14,6825.0,6825.0,6825.0,6825.0,6825.0,0,0.0,0.0
ICBP.JK,2026-05-15,6825.0,6825.0,6825.0,6825.0,6825.0,0,0.0,0.0
ICBP.JK,2026-05-18,6825.0,6850.0,6725.0,6800.0,6800.0,5351100,-0.3663,1.8315
ICBP.JK,2026-05-19,6825.0,6850.0,6700.0,6725.0,6725.0,4197400,-1.1029,2.1978
ICBP.JK,2026-05-20,6725.0,6825.0,6700.0,6750.0,6750.0,7512200,0.3717,1.8587
ICBP.JK,2026-05-21,6750.0,6800.0,6625.0,6675.0,6675.0,6240200,-1.1111,2.5926
ICBP.JK,2026-05-22,6675.0,6950.0,6575.0,6825.0,6825.0,5072300,2.2472,5.618
ICBP.JK,2026-05-25,6925.0,7150.0,6850.0,7100.0,7100.0,6552500,4.0293,4.3321
ICBP.JK,2026-05-26,7100.0,7100.0,6875.0,6875.0,6875.0,3354100,-3.169,3.169
ICBP.JK,2026-05-27,6875.0,6875.0,6875.0,6875.0,6875.0,0,0.0,0.0
ICBP.JK,2026-05-28,6875.0,6875.0,6875.0,6875.0,6875.0,0,0.0,0.0
ICBP.JK,2026-05-29,6875.0,7100.0,6775.0,7100.0,7100.0,5777900,3.2727,4.7273
ICBP.JK,2026-06-02,7100.0,7100.0,6750.0,6800.0,6800.0,9456000,-4.2254,4.9296
ICBP.JK,2026-06-03,6800.0,6825.0,6425.0,6525.0,6525.0,9366000,-4.0441,5.8824
ICBP.JK,2026-06-04,6550.0,6625.0,6375.0,6625.0,6625.0,8176900,1.5326,3.8168
ICBP.JK,2026-06-05,6625.0,6625.0,6400.0,6450.0,6450.0,7736900,-2.6415,3.3962
ICBP.JK,2026-06-08,6425.0,6425.0,6000.0,6000.0,6000.0,3951800,-6.9767,6.6148
ICBP.JK,2026-06-09,6000.0,6325.0,5925.0,6325.0,6325.0,4113300,5.4167,6.6667
ICBP.JK,2026-06-10,6125.0,6325.0,6100.0,6250.0,6250.0,10357600,-1.1858,3.6735
ICBP.JK,2026-06-11,6250.0,6450.0,6175.0,6250.0,6250.0,12389600,0.0,4.4
ICBP.JK,2026-06-12,6275.0,6450.0,6175.0,6350.0,6350.0,13984100,1.6,4.3825
ICBP.JK,2026-06-15,6500.0,6700.0,6500.0,6600.0,6600.0,9935600,3.937,3.0769
ICBP.JK,2026-06-17,6600.0,6775.0,6500.0,6625.0,6625.0,5517400,0.3788,4.1667
ICBP.JK,2026-06-18,6625.0,6650.0,6500.0,6625.0,6625.0,4188900,0.0,2.2642
ICBP.JK,2026-06-19,6550.0,6800.0,6500.0,6700.0,6700.0,13041800,1.1321,4.5802
ICBP.JK,2026-06-22,6875.0,6875.0,6525.0,6575.0,6575.0,2886500,-1.8657,5.0909
ICBP.JK,2026-06-23,6575.0,6650.0,6475.0,6600.0,6600.0,3657800,0.3802,2.6616
ICBP.JK,2026-06-24,6600.0,6700.0,6450.0,6500.0,6500.0,3799500,-1.5152,3.7879
ICBP.JK,2026-06-25,6500.0,6825.0,6475.0,6725.0,6725.0,5717300,3.4615,5.3846
ICBP.JK,2026-06-26,6725.0,6725.0,6550.0,6600.0,6600.0,1870300,-1.8587,2.6022
ICBP.JK,2026-06-29,6800.0,6875.0,6625.0,6650.0,6650.0,3793300,0.7576,3.6765
ICBP.JK,2026-06-30,6650.0,6875.0,6550.0,6800.0,6800.0,8402500,2.2556,4.8872
ICBP.JK,2026-07-01,6800.0,6850.0,6750.0,6800.0,6800.0,4211000,0.0,1.4706
ICBP.JK,2026-07-02,6800.0,6800.0,6725.0,6750.0,6750.0,1095800,-0.7353,1.1029
ICBP.JK,2026-07-03,6750.0,7050.0,6750.0,6950.0,6950.0,4350800,2.963,4.4444
INDF.JK,2024-07-03,6100.0,6100.0,6025.0,6100.0,5637.98,6800500,,1.2295
INDF.JK,2024-07-04,6100.0,6125.0,6075.0,6075.0,5614.88,3875700,-0.4098,0.8197
INDF.JK,2024-07-05,6100.0,6125.0,6075.0,6125.0,5661.09,5046400,0.823,0.8197
INDF.JK,2024-07-08,6125.0,6200.0,6125.0,6200.0,5730.41,11876600,1.2245,1.2245
INDF.JK,2024-07-09,5975.0,6000.0,5900.0,5950.0,5746.83,10614700,-4.0323,1.6736
INDF.JK,2024-07-10,5975.0,6025.0,5950.0,6000.0,5795.12,7017700,0.8403,1.2552
INDF.JK,2024-07-11,6000.0,6025.0,5925.0,5925.0,5722.68,6350700,-1.25,1.6667
INDF.JK,2024-07-12,5975.0,6000.0,5950.0,5950.0,5746.83,3555500,0.4219,0.8368
INDF.JK,2024-07-15,5975.0,6000.0,5925.0,5975.0,5770.98,3834200,0.4202,1.2552
INDF.JK,2024-07-16,5975.0,5975.0,5925.0,5950.0,5746.83,3606700,-0.4184,0.8368
INDF.JK,2024-07-17,5975.0,6050.0,5950.0,6050.0,5843.41,7001500,1.6807,1.6736
INDF.JK,2024-07-18,6050.0,6075.0,6000.0,6075.0,5867.56,5349000,0.4132,1.2397
INDF.JK,2024-07-19,6050.0,6075.0,5975.0,6075.0,5867.56,6000100,0.0,1.6529
INDF.JK,2024-07-22,6100.0,6100.0,6000.0,6025.0,5819.27,4423500,-0.823,1.6393
INDF.JK,2024-07-23,6050.0,6100.0,6025.0,6100.0,5891.71,5032300,1.2448,1.2397
INDF.JK,2024-07-24,6100.0,6125.0,5975.0,6000.0,5795.12,9933700,-1.6393,2.459
INDF.JK,2024-07-25,6000.0,6100.0,5975.0,6100.0,5891.71,9087300,1.6667,2.0833
INDF.JK,2024-07-26,6125.0,6150.0,6050.0,6125.0,5915.85,5425500,0.4098,1.6327
INDF.JK,2024-07-29,6075.0,6150.0,6075.0,6075.0,5867.56,4808700,-0.8163,1.2346
INDF.JK,2024-07-30,6125.0,6125.0,6000.0,6050.0,5843.41,4096800,-0.4115,2.0408
INDF.JK,2024-07-31,6075.0,6125.0,6025.0,6125.0,5915.85,14631000,1.2397,1.6461
INDF.JK,2024-08-01,6075.0,6250.0,6025.0,6150.0,5940.0,15237800,0.4082,3.7037
INDF.JK,2024-08-02,6150.0,6175.0,6100.0,6100.0,5891.71,6432100,-0.813,1.2195
INDF.JK,2024-08-05,6075.0,6100.0,5950.0,6050.0,5843.41,12489900,-0.8197,2.4691
INDF.JK,2024-08-06,6025.0,6150.0,6025.0,6100.0,5891.71,11577400,0.8264,2.0747
INDF.JK,2024-08-07,6075.0,6150.0,6075.0,6125.0,5915.85,4240800,0.4098,1.2346
INDF.JK,2024-08-08,6150.0,6225.0,6125.0,6225.0,6012.44,9398000,1.6327,1.626
INDF.JK,2024-08-09,6225.0,6275.0,6175.0,6275.0,6060.73,7072600,0.8032,1.6064
INDF.JK,2024-08-12,6275.0,6300.0,6225.0,6250.0,6036.58,5556100,-0.3984,1.1952
INDF.JK,2024-08-13,6275.0,6350.0,6275.0,6325.0,6109.02,10450200,1.2,1.1952
INDF.JK,2024-08-14,6325.0,6650.0,6325.0,6500.0,6278.05,29984700,2.7668,5.1383
INDF.JK,2024-08-15,6500.0,6550.0,6400.0,6475.0,6253.9,9582600,-0.3846,2.3077
INDF.JK,2024-08-16,6500.0,6525.0,6400.0,6525.0,6302.19,9525600,0.7722,1.9231
INDF.JK,2024-08-19,6525.0,6525.0,6375.0,6450.0,6229.76,10034100,-1.1494,2.2989
INDF.JK,2024-08-20,6500.0,6525.0,6425.0,6525.0,6302.19,15255400,1.1628,1.5385
INDF.JK,2024-08-21,6550.0,6650.0,6525.0,6625.0,6398.78,15685700,1.5326,1.9084
INDF.JK,2024-08-22,6575.0,6650.0,6550.0,6650.0,6422.93,12105900,0.3774,1.5209
INDF.JK,2024-08-23,6650.0,6725.0,6575.0,6700.0,6471.22,12451800,0.7519,2.2556
INDF.JK,2024-08-26,6700.0,6850.0,6675.0,6850.0,6616.1,14052700,2.2388,2.6119
INDF.JK,2024-08-27,6875.0,6900.0,6725.0,6800.0,6567.8,12167700,-0.7299,2.5455
INDF.JK,2024-08-28,6825.0,6825.0,6700.0,6825.0,6591.95,9438700,0.3676,1.8315
INDF.JK,2024-08-29,6825.0,6825.0,6750.0,6800.0,6567.8,13268500,-0.3663,1.0989
INDF.JK,2024-08-30,6800.0,6850.0,6725.0,6850.0,6616.1,22109100,0.7353,1.8382
INDF.JK,2024-09-02,6825.0,6825.0,6725.0,6725.0,6495.37,7855400,-1.8248,1.4652
INDF.JK,2024-09-03,6700.0,6775.0,6675.0,6775.0,6543.66,11645700,0.7435,1.4925
INDF.JK,2024-09-04,6725.0,6725.0,6650.0,6700.0,6471.22,8269000,-1.107,1.1152
INDF.JK,2024-09-05,6700.0,6975.0,6700.0,6975.0,6736.83,24214500,4.1045,4.1045
INDF.JK,2024-09-06,6925.0,7075.0,6900.0,7025.0,6785.12,14297700,0.7168,2.5271
INDF.JK,2024-09-09,7000.0,7025.0,6850.0,6925.0,6688.54,7130200,-1.4235,2.5
INDF.JK,2024-09-10,6950.0,7050.0,6925.0,7050.0,6809.27,12142200,1.8051,1.7986
INDF.JK,2024-09-11,7000.0,7025.0,6950.0,7000.0,6760.98,9456400,-0.7092,1.0714
INDF.JK,2024-09-12,7050.0,7175.0,6975.0,7150.0,6905.85,22469600,2.1429,2.8369
INDF.JK,2024-09-13,7150.0,7200.0,7050.0,7100.0,6857.56,10834600,-0.6993,2.0979
INDF.JK,2024-09-17,7100.0,7150.0,7025.0,7100.0,6857.56,7883900,0.0,1.7606
INDF.JK,2024-09-18,7125.0,7150.0,7050.0,7075.0,6833.41,5432300,-0.3521,1.4035
INDF.JK,2024-09-19,7100.0,7150.0,7075.0,7075.0,6833.41,10922700,0.0,1.0563
INDF.JK,2024-09-20,7100.0,7200.0,7075.0,7150.0,6905.85,26483100,1.0601,1.7606
INDF.JK,2024-09-23,7150.0,7175.0,7075.0,7100.0,6857.56,12867300,-0.6993,1.3986
INDF.JK,2024-09-24,7125.0,7175.0,7075.0,7175.0,6930.0,15044300,1.0563,1.4035
INDF.JK,2024-09-25,7175.0,7175.0,7075.0,7175.0,6930.0,17985300,0.0,1.3937
INDF.JK,2024-09-26,7200.0,7250.0,7175.0,7225.0,6978.29,17996900,0.6969,1.0417
INDF.JK,2024-09-27,7250.0,7250.0,7175.0,7175.0,6930.0,9528100,-0.692,1.0345
INDF.JK,2024-09-30,7175.0,7175.0,7050.0,7050.0,6809.27,11723100,-1.7422,1.7422
INDF.JK,2024-10-01,7050.0,7175.0,7050.0,7175.0,6930.0,10450000,1.773,1.773
INDF.JK,2024-10-02,7125.0,7150.0,7025.0,7075.0,6833.41,9654400,-1.3937,1.7544
INDF.JK,2024-10-03,7075.0,7150.0,7050.0,7100.0,6857.56,6836300,0.3534,1.4134
INDF.JK,2024-10-04,7100.0,7125.0,7000.0,7050.0,6809.27,5621400,-0.7042,1.7606
INDF.JK,2024-10-07,7000.0,7000.0,6825.0,6925.0,6688.54,10832200,-1.773,2.5
INDF.JK,2024-10-08,6925.0,7000.0,6850.0,7000.0,6760.98,8899500,1.083,2.1661
INDF.JK,2024-10-09,7000.0,7025.0,6925.0,6925.0,6688.54,9822000,-1.0714,1.4286
INDF.JK,2024-10-10,7000.0,7100.0,6925.0,7025.0,6785.12,11875300,1.444,2.5
INDF.JK,2024-10-11,7100.0,7100.0,6975.0,7000.0,6760.98,4466300,-0.3559,1.7606
INDF.JK,2024-10-14,7000.0,7100.0,6975.0,7050.0,6809.27,3970200,0.7143,1.7857
INDF.JK,2024-10-15,7050.0,7250.0,7050.0,7200.0,6954.15,17967100,2.1277,2.8369
INDF.JK,2024-10-16,7250.0,7275.0,7150.0,7175.0,6930.0,8884800,-0.3472,1.7241
INDF.JK,2024-10-17,7175.0,7275.0,7175.0,7175.0,6930.0,5424900,0.0,1.3937
INDF.JK,2024-10-18,7225.0,7475.0,7200.0,7425.0,7171.46,23782600,3.4843,3.8062
INDF.JK,2024-10-21,7400.0,7425.0,7325.0,7400.0,7147.32,8431800,-0.3367,1.3514
INDF.JK,2024-10-22,7400.0,7475.0,7350.0,7425.0,7171.46,14443100,0.3378,1.6892
INDF.JK,2024-10-23,7450.0,7550.0,7425.0,7500.0,7243.9,19206700,1.0101,1.6779
INDF.JK,2024-10-24,7500.0,7550.0,7475.0,7525.0,7268.05,9344600,0.3333,1.0
INDF.JK,2024-10-25,7575.0,7575.0,7450.0,7500.0,7243.9,6074400,-0.3322,1.6502
INDF.JK,2024-10-28,7500.0,7525.0,7375.0,7525.0,7268.05,4958500,0.3333,2.0
INDF.JK,2024-10-29,7500.0,7575.0,7450.0,7575.0,7316.34,10860100,0.6645,1.6667
INDF.JK,2024-10-30,7575.0,7575.0,7450.0,7475.0,7219.76,9561400,-1.3201,1.6502
INDF.JK,2024-10-31,7525.0,7650.0,7500.0,7600.0,7340.49,25840000,1.6722,1.9934
INDF.JK,2024-11-01,7700.0,7750.0,7250.0,7300.0,7050.73,15829400,-3.9474,6.4935
INDF.JK,2024-11-04,7300.0,7525.0,7300.0,7450.0,7195.61,15494300,2.0548,3.0822
INDF.JK,2024-11-05,7525.0,7875.0,7500.0,7875.0,7606.1,29732300,5.7047,4.9834
INDF.JK,2024-11-06,7875.0,8000.0,7725.0,7800.0,7533.66,13926400,-0.9524,3.4921
INDF.JK,2024-11-07,7800.0,7900.0,7700.0,7900.0,7630.24,19304100,1.2821,2.5641
INDF.JK,2024-11-08,7850.0,7850.0,7700.0,7700.0,7437.07,5888900,-2.5316,1.9108
INDF.JK,2024-11-11,7750.0,7800.0,7675.0,7800.0,7533.66,11979400,1.2987,1.6129
INDF.JK,2024-11-12,7800.0,7900.0,7750.0,7850.0,7581.95,13959400,0.641,1.9231
INDF.JK,2024-11-13,7825.0,7850.0,7700.0,7725.0,7461.22,5007600,-1.5924,1.9169
INDF.JK,2024-11-14,7750.0,7825.0,7650.0,7700.0,7437.07,16757100,-0.3236,2.2581
INDF.JK,2024-11-15,7700.0,7800.0,7675.0,7725.0,7461.22,4657800,0.3247,1.6234
INDF.JK,2024-11-18,7725.0,7725.0,7675.0,7725.0,7461.22,10756900,0.0,0.6472
INDF.JK,2024-11-19,7725.0,7800.0,7700.0,7800.0,7533.66,8208700,0.9709,1.2945
INDF.JK,2024-11-20,7800.0,7800.0,7725.0,7800.0,7533.66,5830300,0.0,0.9615
INDF.JK,2024-11-21,7775.0,7775.0,7600.0,7625.0,7364.63,7336900,-2.2436,2.2508
INDF.JK,2024-11-22,7625.0,7625.0,7375.0,7475.0,7219.76,11199100,-1.9672,3.2787
INDF.JK,2024-11-25,7500.0,7600.0,7450.0,7600.0,7340.49,19268900,1.6722,2.0
INDF.JK,2024-11-26,7550.0,7675.0,7500.0,7650.0,7388.78,8590100,0.6579,2.3179
INDF.JK,2024-11-28,7650.0,7650.0,7500.0,7650.0,7388.78,8604300,0.0,1.9608
INDF.JK,2024-11-29,7675.0,7700.0,7550.0,7550.0,7292.19,12609500,-1.3072,1.9544
INDF.JK,2024-12-02,7475.0,7600.0,7475.0,7550.0,7292.19,7732700,0.0,1.6722
INDF.JK,2024-12-03,7575.0,7850.0,7550.0,7775.0,7509.51,18804600,2.9801,3.9604
INDF.JK,2024-12-04,7800.0,7850.0,7775.0,7850.0,7581.95,16801400,0.9646,0.9615
INDF.JK,2024-12-05,7850.0,7875.0,7800.0,7875.0,7606.1,7087100,0.3185,0.9554
INDF.JK,2024-12-06,7875.0,7925.0,7825.0,7925.0,7654.39,15943900,0.6349,1.2698
INDF.JK,2024-12-09,7875.0,8200.0,7875.0,8200.0,7920.0,17366100,3.47,4.127
INDF.JK,2024-12-10,8200.0,8250.0,8075.0,8150.0,7871.71,9525000,-0.6098,2.1341
INDF.JK,2024-12-11,8075.0,8300.0,8075.0,8200.0,7920.0,12998600,0.6135,2.7864
INDF.JK,2024-12-12,8200.0,8200.0,8025.0,8200.0,7920.0,8878600,0.0,2.1341
INDF.JK,2024-12-13,8200.0,8275.0,8075.0,8175.0,7895.85,7183300,-0.3049,2.439
INDF.JK,2024-12-16,8175.0,8200.0,8025.0,8125.0,7847.56,5622300,-0.6116,2.1407
INDF.JK,2024-12-17,8125.0,8125.0,7925.0,8050.0,7775.12,10833500,-0.9231,2.4615
INDF.JK,2024-12-18,8050.0,8050.0,7750.0,7825.0,7557.8,7359400,-2.795,3.7267
INDF.JK,2024-12-19,7775.0,7775.0,7550.0,7650.0,7388.78,9507300,-2.2364,2.8939
INDF.JK,2024-12-20,7650.0,7750.0,7600.0,7625.0,7364.63,14593200,-0.3268,1.9608
INDF.JK,2024-12-23,7675.0,7800.0,7650.0,7725.0,7461.22,5529200,1.3115,1.9544
INDF.JK,2024-12-24,7725.0,7725.0,7600.0,7625.0,7364.63,3634000,-1.2945,1.6181
INDF.JK,2024-12-27,7650.0,7725.0,7625.0,7700.0,7437.07,3653300,0.9836,1.3072
INDF.JK,2024-12-30,7700.0,7750.0,7650.0,7700.0,7437.07,4827500,0.0,1.2987
INDF.JK,2025-01-02,7750.0,7750.0,7325.0,7475.0,7219.76,6664900,-2.9221,5.4839
INDF.JK,2025-01-03,7525.0,7650.0,7450.0,7550.0,7292.19,6037900,1.0033,2.6578
INDF.JK,2025-01-06,7500.0,7500.0,7325.0,7375.0,7123.17,5623300,-2.3179,2.3333
INDF.JK,2025-01-07,7375.0,7450.0,7275.0,7450.0,7195.61,9008100,1.0169,2.3729
INDF.JK,2025-01-08,7475.0,7475.0,7375.0,7475.0,7219.76,4544100,0.3356,1.3378
INDF.JK,2025-01-09,7475.0,7575.0,7375.0,7500.0,7243.9,4878300,0.3344,2.6756
INDF.JK,2025-01-10,7525.0,7875.0,7525.0,7725.0,7461.22,9687000,3.0,4.6512
INDF.JK,2025-01-13,7700.0,7775.0,7525.0,7725.0,7461.22,9607900,0.0,3.2468
INDF.JK,2025-01-14,7700.0,7700.0,7500.0,7525.0,7268.05,11063800,-2.589,2.5974
INDF.JK,2025-01-15,7525.0,7700.0,7525.0,7700.0,7437.07,8521800,2.3256,2.3256
INDF.JK,2025-01-16,7700.0,7800.0,7575.0,7575.0,7316.34,12172900,-1.6234,2.9221
INDF.JK,2025-01-17,7575.0,7625.0,7450.0,7600.0,7340.49,7870400,0.33,2.3102
INDF.JK,2025-01-20,7600.0,7600.0,7375.0,7375.0,7123.17,6379800,-2.9605,2.9605
INDF.JK,2025-01-21,7400.0,7500.0,7375.0,7450.0,7195.61,6124100,1.0169,1.6892
INDF.JK,2025-01-22,7450.0,7700.0,7450.0,7625.0,7364.63,11271200,2.349,3.3557
INDF.JK,2025-01-23,7675.0,7775.0,7500.0,7500.0,7243.9,10736000,-1.6393,3.5831
INDF.JK,2025-01-24,7575.0,7775.0,7500.0,7550.0,7292.19,8203900,0.6667,3.6304
INDF.JK,2025-01-30,7550.0,7650.0,7500.0,7625.0,7364.63,6145500,0.9934,1.9868
INDF.JK,2025-01-31,7625.0,7850.0,7575.0,7850.0,7581.95,11044600,2.9508,3.6066
INDF.JK,2025-02-03,7850.0,7850.0,7525.0,7625.0,7364.63,10474800,-2.8662,4.1401
INDF.JK,2025-02-04,7625.0,7825.0,7600.0,7700.0,7437.07,7501300,0.9836,2.9508
INDF.JK,2025-02-05,7575.0,7700.0,7450.0,7525.0,7268.05,9710600,-2.2727,3.3003
INDF.JK,2025-02-06,7525.0,7550.0,7450.0,7525.0,7268.05,6866800,0.0,1.3289
INDF.JK,2025-02-07,7550.0,7650.0,7400.0,7650.0,7388.78,7629300,1.6611,3.3113
INDF.JK,2025-02-10,7675.0,8175.0,7675.0,7775.0,7509.51,14592500,1.634,6.5147
INDF.JK,2025-02-11,7775.0,7800.0,7650.0,7700.0,7437.07,6946200,-0.9646,1.9293
INDF.JK,2025-02-12,7725.0,7850.0,7725.0,7800.0,7533.66,5349600,1.2987,1.6181
INDF.JK,2025-02-13,7800.0,7950.0,7700.0,7800.0,7533.66,8661800,0.0,3.2051
INDF.JK,2025-02-14,7800.0,7900.0,7750.0,7750.0,7485.37,3998600,-0.641,1.9231
INDF.JK,2025-02-17,7750.0,7925.0,7750.0,7825.0,7557.8,4776400,0.9677,2.2581
INDF.JK,2025-02-18,7825.0,7875.0,7775.0,7850.0,7581.95,2868600,0.3195,1.278
INDF.JK,2025-02-19,7850.0,8075.0,7825.0,8000.0,7726.83,12307500,1.9108,3.1847
INDF.JK,2025-02-20,8000.0,8000.0,7775.0,7975.0,7702.68,7553700,-0.3125,2.8125
INDF.JK,2025-02-21,7975.0,7975.0,7700.0,7700.0,7437.07,8930700,-3.4483,3.4483
INDF.JK,2025-02-24,7700.0,7900.0,7700.0,7900.0,7630.24,4720100,2.5974,2.5974
INDF.JK,2025-02-25,7900.0,7950.0,7750.0,7825.0,7557.8,5652200,-0.9494,2.5316
INDF.JK,2025-02-26,7750.0,7775.0,7450.0,7725.0,7461.22,11788900,-1.278,4.1935
INDF.JK,2025-02-27,7700.0,7700.0,7500.0,7600.0,7340.49,7256500,-1.6181,2.5974
INDF.JK,2025-02-28,7550.0,7625.0,7050.0,7125.0,6881.71,22647000,-6.25,7.6159
INDF.JK,2025-03-03,7200.0,7500.0,7100.0,7350.0,7099.02,7086800,3.1579,5.5556
INDF.JK,2025-03-04,7350.0,7450.0,7175.0,7325.0,7074.88,6242600,-0.3401,3.7415
INDF.JK,2025-03-05,7325.0,7475.0,7275.0,7425.0,7171.46,7505800,1.3652,2.7304
INDF.JK,2025-03-06,7425.0,7500.0,7300.0,7300.0,7050.73,6797700,-1.6835,2.6936
INDF.JK,2025-03-07,7275.0,7325.0,7225.0,7250.0,7002.44,6418600,-0.6849,1.3746
INDF.JK,2025-03-10,7225.0,7550.0,7225.0,7550.0,7292.19,9491200,4.1379,4.4983
INDF.JK,2025-03-11,7475.0,7475.0,7275.0,7275.0,7026.58,9518800,-3.6424,2.6756
INDF.JK,2025-03-12,7275.0,7500.0,7275.0,7475.0,7219.76,8069300,2.7491,3.0928
INDF.JK,2025-03-13,7475.0,7475.0,7250.0,7300.0,7050.73,7096800,-2.3411,3.01
INDF.JK,2025-03-14,7300.0,7325.0,7125.0,7175.0,6930.0,8582900,-1.7123,2.7397
INDF.JK,2025-03-17,7200.0,7325.0,7150.0,7275.0,7026.58,6236900,1.3937,2.4306
INDF.JK,2025-03-18,7275.0,7275.0,6900.0,7075.0,6833.41,11584800,-2.7491,5.1546
INDF.JK,2025-03-19,7075.0,7200.0,7050.0,7200.0,6954.15,6108300,1.7668,2.1201
INDF.JK,2025-03-20,7200.0,7200.0,7025.0,7025.0,6785.12,7613900,-2.4306,2.4306
INDF.JK,2025-03-21,7075.0,7075.0,6725.0,6975.0,6736.83,15614200,-0.7117,4.947
INDF.JK,2025-03-24,6950.0,6950.0,6525.0,6800.0,6567.8,6570900,-2.509,6.1151
INDF.JK,2025-03-25,6850.0,7000.0,6800.0,6800.0,6567.8,7669000,0.0,2.9197
INDF.JK,2025-03-26,6800.0,7025.0,6775.0,6925.0,6688.54,8108100,1.8382,3.6765
INDF.JK,2025-03-27,6925.0,7150.0,6900.0,7100.0,6857.56,9073700,2.5271,3.6101
INDF.JK,2025-04-08,6600.0,7200.0,6550.0,7200.0,6954.15,18379600,1.4085,9.8485
INDF.JK,2025-04-09,7100.0,7175.0,6675.0,6675.0,6447.07,13927700,-7.2917,7.0423
INDF.JK,2025-04-10,6925.0,7100.0,6850.0,7075.0,6833.41,6975500,5.9925,3.6101
INDF.JK,2025-04-11,6875.0,7050.0,6850.0,6900.0,6664.39,5546900,-2.4735,2.9091
INDF.JK,2025-04-14,7000.0,7200.0,6975.0,7125.0,6881.71,6748100,3.2609,3.2143
INDF.JK,2025-04-15,7200.0,7300.0,7125.0,7300.0,7050.73,8352000,2.4561,2.4306
INDF.JK,2025-04-16,7225.0,7400.0,7125.0,7400.0,7147.32,4270600,1.3699,3.8062
INDF.JK,2025-04-17,7325.0,7350.0,7225.0,7300.0,7050.73,5807700,-1.3514,1.7065
INDF.JK,2025-04-21,7275.0,7375.0,7150.0,7350.0,7099.02,1676700,0.6849,3.0928
INDF.JK,2025-04-22,7325.0,7350.0,7150.0,7200.0,6954.15,5953600,-2.0408,2.7304
INDF.JK,2025-04-23,7225.0,7425.0,7225.0,7350.0,7099.02,9914800,2.0833,2.7682
INDF.JK,2025-04-24,7300.0,7325.0,7150.0,7250.0,7002.44,6334700,-1.3605,2.3973
INDF.JK,2025-04-25,7275.0,7475.0,7275.0,7475.0,7219.76,5156600,3.1034,2.7491
INDF.JK,2025-04-28,7475.0,7500.0,7350.0,7425.0,7171.46,2930700,-0.6689,2.0067
INDF.JK,2025-04-29,7425.0,7525.0,7425.0,7500.0,7243.9,4792000,1.0101,1.3468
INDF.JK,2025-04-30,7500.0,8000.0,7425.0,8000.0,7726.83,12400500,6.6667,7.6667
INDF.JK,2025-05-02,7825.0,7850.0,7675.0,7700.0,7437.07,6382300,-3.75,2.2364
INDF.JK,2025-05-05,7725.0,7750.0,7600.0,7600.0,7340.49,4796000,-1.2987,1.9417
INDF.JK,2025-05-06,7675.0,7775.0,7525.0,7525.0,7268.05,5787600,-0.9868,3.2573
INDF.JK,2025-05-07,7550.0,7950.0,7550.0,7750.0,7485.37,12039700,2.99,5.298
INDF.JK,2025-05-08,7750.0,7850.0,7650.0,7775.0,7509.51,8457100,0.3226,2.5806
INDF.JK,2025-05-09,7775.0,8000.0,7700.0,7975.0,7702.68,7224600,2.5723,3.8585
INDF.JK,2025-05-14,8000.0,8125.0,7875.0,7875.0,7606.1,8262400,-1.2539,3.125
INDF.JK,2025-05-15,7900.0,8150.0,7900.0,8100.0,7823.41,10055700,2.8571,3.1646
INDF.JK,2025-05-16,8200.0,8475.0,8125.0,8450.0,8161.46,12696200,4.321,4.2683
INDF.JK,2025-05-19,8450.0,8500.0,8225.0,8225.0,7944.15,12109700,-2.6627,3.2544
INDF.JK,2025-05-20,8250.0,8325.0,7875.0,7875.0,7606.1,12129200,-4.2553,5.4545
INDF.JK,2025-05-21,7875.0,8025.0,7875.0,7975.0,7702.68,10053600,1.2698,1.9048
INDF.JK,2025-05-22,7975.0,8150.0,7900.0,7900.0,7630.24,12044100,-0.9404,3.1348
INDF.JK,2025-05-23,7900.0,7950.0,7850.0,7850.0,7581.95,5849700,-0.6329,1.2658
INDF.JK,2025-05-26,7850.0,7900.0,7825.0,7850.0,7581.95,5293300,0.0,0.9554
INDF.JK,2025-05-27,7875.0,7900.0,7825.0,7875.0,7606.1,5098100,0.3185,0.9524
INDF.JK,2025-05-28,7900.0,7950.0,7775.0,7875.0,7606.1,13336000,0.0,2.2152
INDF.JK,2025-06-02,7925.0,7950.0,7650.0,7675.0,7412.93,9732500,-2.5397,3.7855
INDF.JK,2025-06-03,7675.0,7875.0,7650.0,7825.0,7557.8,8012300,1.9544,2.9316
INDF.JK,2025-06-04,7950.0,8225.0,7875.0,8225.0,7944.15,19738900,5.1118,4.4025
INDF.JK,2025-06-05,8200.0,8275.0,8100.0,8150.0,7871.71,10392100,-0.9119,2.1341
INDF.JK,2025-06-10,8150.0,8250.0,8125.0,8200.0,7920.0,7197900,0.6135,1.5337
INDF.JK,2025-06-11,8275.0,8500.0,8150.0,8500.0,8209.76,20164400,3.6585,4.2296
INDF.JK,2025-06-12,8400.0,8400.0,8225.0,8225.0,7944.15,10971300,-3.2353,2.0833
INDF.JK,2025-06-13,8275.0,8450.0,8225.0,8325.0,8040.73,11957200,1.2158,2.719
INDF.JK,2025-06-16,8275.0,8350.0,8225.0,8225.0,7944.15,7501300,-1.2012,1.5106
INDF.JK,2025-06-17,8300.0,8350.0,8200.0,8200.0,7920.0,7753400,-0.304,1.8072
INDF.JK,2025-06-18,8225.0,8325.0,8100.0,8125.0,7847.56,8305600,-0.9146,2.7356
INDF.JK,2025-06-19,8150.0,8275.0,8025.0,8050.0,7775.12,4749400,-0.9231,3.0675
INDF.JK,2025-06-20,8050.0,8125.0,8025.0,8050.0,7775.12,13421400,0.0,1.2422
INDF.JK,2025-06-23,8000.0,8000.0,7800.0,7925.0,7654.39,4733500,-1.5528,2.5
INDF.JK,2025-06-24,7950.0,8025.0,7900.0,7925.0,7654.39,12219000,0.0,1.5723
INDF.JK,2025-06-25,8025.0,8100.0,7975.0,8050.0,7775.12,7393900,1.5773,1.5576
INDF.JK,2025-06-26,8050.0,8100.0,7925.0,8050.0,7775.12,7694800,0.0,2.1739
INDF.JK,2025-06-30,8100.0,8150.0,7950.0,8125.0,7847.56,9281800,0.9317,2.4691
INDF.JK,2025-07-01,8050.0,8200.0,8050.0,8200.0,7920.0,8235500,0.9231,1.8634
INDF.JK,2025-07-02,7975.0,8050.0,7875.0,7975.0,7975.0,11433200,-2.7439,2.1944
INDF.JK,2025-07-03,7925.0,8125.0,7875.0,8100.0,8100.0,8038300,1.5674,3.1546
INDF.JK,2025-07-04,8125.0,8250.0,8050.0,8100.0,8100.0,7561600,0.0,2.4615
INDF.JK,2025-07-07,8100.0,8100.0,8000.0,8100.0,8100.0,5535000,0.0,1.2346
INDF.JK,2025-07-08,8050.0,8100.0,7975.0,8025.0,8025.0,4585500,-0.9259,1.5528
INDF.JK,2025-07-09,8025.0,8200.0,8000.0,8175.0,8175.0,7330800,1.8692,2.4922
INDF.JK,2025-07-10,8175.0,8200.0,8050.0,8150.0,8150.0,4624300,-0.3058,1.8349
INDF.JK,2025-07-11,8150.0,8250.0,8100.0,8250.0,8250.0,8348300,1.227,1.8405
INDF.JK,2025-07-14,8250.0,8350.0,8125.0,8350.0,8350.0,10098800,1.2121,2.7273
INDF.JK,2025-07-15,8350.0,8350.0,8225.0,8325.0,8325.0,17749200,-0.2994,1.497
INDF.JK,2025-07-16,8325.0,8450.0,8275.0,8275.0,8275.0,12711100,-0.6006,2.1021
INDF.JK,2025-07-17,8350.0,8450.0,8175.0,8225.0,8225.0,7185300,-0.6042,3.2934
INDF.JK,2025-07-18,8225.0,8275.0,8200.0,8225.0,8225.0,3995500,0.0,0.9119
INDF.JK,2025-07-21,8275.0,8375.0,8225.0,8300.0,8300.0,4406300,0.9119,1.8127
INDF.JK,2025-07-22,8300.0,8300.0,8200.0,8225.0,8225.0,3519800,-0.9036,1.2048
INDF.JK,2025-07-23,8300.0,8350.0,8200.0,8350.0,8350.0,4557000,1.5198,1.8072
INDF.JK,2025-07-24,8350.0,8450.0,8350.0,8350.0,8350.0,4995300,0.0,1.1976
INDF.JK,2025-07-25,8350.0,8400.0,8300.0,8400.0,8400.0,3388300,0.5988,1.1976
INDF.JK,2025-07-28,8475.0,8475.0,8350.0,8375.0,8375.0,3305800,-0.2976,1.4749
INDF.JK,2025-07-29,8350.0,8400.0,8275.0,8300.0,8300.0,3728500,-0.8955,1.497
INDF.JK,2025-07-30,8325.0,8400.0,8275.0,8375.0,8375.0,6796700,0.9036,1.5015
INDF.JK,2025-07-31,8425.0,8825.0,8400.0,8525.0,8525.0,16887300,1.791,5.0445
INDF.JK,2025-08-01,8675.0,8700.0,8450.0,8475.0,8475.0,7232800,-0.5865,2.8818
INDF.JK,2025-08-04,8475.0,8525.0,8375.0,8375.0,8375.0,3449300,-1.1799,1.7699
INDF.JK,2025-08-05,8400.0,8425.0,8200.0,8325.0,8325.0,4715600,-0.597,2.6786
INDF.JK,2025-08-06,8350.0,8375.0,8125.0,8200.0,8200.0,5560300,-1.5015,2.994
INDF.JK,2025-08-07,8200.0,8325.0,8000.0,8200.0,8200.0,8381800,0.0,3.9634
INDF.JK,2025-08-08,8225.0,8275.0,8125.0,8150.0,8150.0,3960800,-0.6098,1.8237
INDF.JK,2025-08-11,8150.0,8200.0,7975.0,8075.0,8075.0,5238000,-0.9202,2.7607
INDF.JK,2025-08-12,8075.0,8150.0,8000.0,8050.0,8050.0,3719100,-0.3096,1.8576
INDF.JK,2025-08-13,8025.0,8125.0,7975.0,8025.0,8025.0,5999800,-0.3106,1.8692
INDF.JK,2025-08-14,8000.0,8175.0,8000.0,8150.0,8150.0,8223400,1.5576,2.1875
INDF.JK,2025-08-15,8150.0,8175.0,8050.0,8050.0,8050.0,10269600,-1.227,1.5337
INDF.JK,2025-08-19,8050.0,8050.0,7825.0,7925.0,7925.0,9976000,-1.5528,2.795
INDF.JK,2025-08-20,7925.0,8000.0,7900.0,7975.0,7975.0,5064200,0.6309,1.2618
INDF.JK,2025-08-21,7950.0,7975.0,7925.0,7925.0,7925.0,3961700,-0.627,0.6289
INDF.JK,2025-08-22,7975.0,8000.0,7850.0,7850.0,7850.0,4607300,-0.9464,1.8809
INDF.JK,2025-08-25,7850.0,7900.0,7700.0,7700.0,7700.0,9881300,-1.9108,2.5478
INDF.JK,2025-08-26,7700.0,7800.0,7625.0,7800.0,7800.0,15558500,1.2987,2.2727
INDF.JK,2025-08-27,7725.0,7725.0,7575.0,7600.0,7600.0,12730200,-2.5641,1.9417
INDF.JK,2025-08-28,7600.0,7650.0,7550.0,7600.0,7600.0,12993000,0.0,1.3158
INDF.JK,2025-08-29,7550.0,7600.0,7450.0,7450.0,7450.0,10405300,-1.9737,1.9868
INDF.JK,2025-09-01,7100.0,7450.0,7075.0,7400.0,7400.0,10597600,-0.6711,5.2817
INDF.JK,2025-09-02,7425.0,7600.0,7425.0,7500.0,7500.0,5774100,1.3514,2.3569
INDF.JK,2025-09-03,7525.0,7750.0,7525.0,7700.0,7700.0,9930600,2.6667,2.99
INDF.JK,2025-09-04,7700.0,7700.0,7525.0,7525.0,7525.0,4236900,-2.2727,2.2727
INDF.JK,2025-09-08,7525.0,7575.0,7400.0,7425.0,7425.0,8650500,-1.3289,2.3256
INDF.JK,2025-09-09,7400.0,7425.0,7350.0,7350.0,7350.0,8540500,-1.0101,1.0135
INDF.JK,2025-09-10,7375.0,7475.0,7300.0,7425.0,7425.0,9453600,1.0204,2.3729
INDF.JK,2025-09-11,7475.0,7525.0,7450.0,7475.0,7475.0,5294000,0.6734,1.0033
INDF.JK,2025-09-12,7500.0,7575.0,7450.0,7550.0,7550.0,4229700,1.0033,1.6667
INDF.JK,2025-09-15,7600.0,7650.0,7550.0,7650.0,7650.0,3733700,1.3245,1.3158
INDF.JK,2025-09-16,7700.0,7700.0,7625.0,7650.0,7650.0,3203500,0.0,0.974
INDF.JK,2025-09-17,7650.0,7800.0,7650.0,7775.0,7775.0,5049900,1.634,1.9608
INDF.JK,2025-09-18,7775.0,7775.0,7600.0,7650.0,7650.0,4903700,-1.6077,2.2508
INDF.JK,2025-09-19,7700.0,7875.0,7650.0,7825.0,7825.0,9938400,2.2876,2.9221
INDF.JK,2025-09-22,7825.0,7850.0,7750.0,7850.0,7850.0,6114900,0.3195,1.278
INDF.JK,2025-09-23,7850.0,7875.0,7750.0,7775.0,7775.0,4161400,-0.9554,1.5924
INDF.JK,2025-09-24,7800.0,7950.0,7750.0,7875.0,7875.0,9415800,1.2862,2.5641
INDF.JK,2025-09-25,7900.0,7925.0,7725.0,7750.0,7750.0,8761000,-1.5873,2.5316
INDF.JK,2025-09-26,7800.0,7825.0,7650.0,7650.0,7650.0,8003900,-1.2903,2.2436
INDF.JK,2025-09-29,7700.0,7725.0,7525.0,7575.0,7575.0,6642100,-0.9804,2.5974
INDF.JK,2025-09-30,7575.0,7625.0,7225.0,7225.0,7225.0,15147300,-4.6205,5.2805
INDF.JK,2025-10-01,7275.0,7350.0,7075.0,7100.0,7100.0,11257700,-1.7301,3.7801
INDF.JK,2025-10-02,7125.0,7150.0,7000.0,7025.0,7025.0,9613900,-1.0563,2.1053
INDF.JK,2025-10-03,7025.0,7175.0,7025.0,7150.0,7150.0,6066500,1.7794,2.1352
INDF.JK,2025-10-06,7200.0,7200.0,7025.0,7100.0,7100.0,5279100,-0.6993,2.4306
INDF.JK,2025-10-07,7125.0,7250.0,7100.0,7225.0,7225.0,7673100,1.7606,2.1053
INDF.JK,2025-10-08,7300.0,7300.0,7225.0,7250.0,7250.0,7314000,0.346,1.0274
INDF.JK,2025-10-09,7275.0,7275.0,7050.0,7150.0,7150.0,11257300,-1.3793,3.0928
INDF.JK,2025-10-10,7150.0,7275.0,7100.0,7200.0,7200.0,10190700,0.6993,2.4476
INDF.JK,2025-10-13,7100.0,7250.0,7025.0,7200.0,7200.0,5518800,0.0,3.169
INDF.JK,2025-10-14,7250.0,7250.0,7050.0,7050.0,7050.0,4104000,-2.0833,2.7586
INDF.JK,2025-10-15,7050.0,7100.0,6875.0,6900.0,6900.0,8979000,-2.1277,3.1915
INDF.JK,2025-10-16,6900.0,7225.0,6850.0,7075.0,7075.0,13547200,2.5362,5.4348
INDF.JK,2025-10-17,7150.0,7200.0,7075.0,7125.0,7125.0,6505800,0.7067,1.7483
INDF.JK,2025-10-20,7125.0,7300.0,7125.0,7250.0,7250.0,10833500,1.7544,2.4561
INDF.JK,2025-10-21,7325.0,7325.0,7175.0,7275.0,7275.0,4968000,0.3448,2.0478
INDF.JK,2025-10-22,7225.0,7375.0,7175.0,7175.0,7175.0,8148100,-1.3746,2.7682
INDF.JK,2025-10-23,7100.0,7425.0,7100.0,7375.0,7375.0,6107200,2.7875,4.5775
INDF.JK,2025-10-24,7400.0,7425.0,7300.0,7300.0,7300.0,7664600,-1.0169,1.6892
INDF.JK,2025-10-27,7300.0,7450.0,7300.0,7450.0,7450.0,12897100,2.0548,2.0548
INDF.JK,2025-10-28,7500.0,7575.0,7425.0,7500.0,7500.0,8341000,0.6711,2.0
INDF.JK,2025-10-29,7450.0,7450.0,7325.0,7425.0,7425.0,5612700,-1.0,1.6779
INDF.JK,2025-10-30,7400.0,7500.0,7375.0,7400.0,7400.0,10517900,-0.3367,1.6892
INDF.JK,2025-10-31,7400.0,7450.0,7275.0,7400.0,7400.0,11495400,0.0,2.3649
INDF.JK,2025-11-03,7400.0,7425.0,7200.0,7200.0,7200.0,7609300,-2.7027,3.0405
INDF.JK,2025-11-04,7200.0,7250.0,7050.0,7075.0,7075.0,18602600,-1.7361,2.7778
INDF.JK,2025-11-05,7075.0,7150.0,7025.0,7125.0,7125.0,10041400,0.7067,1.7668
INDF.JK,2025-11-06,7125.0,7125.0,7025.0,7025.0,7025.0,8261500,-1.4035,1.4035
INDF.JK,2025-11-07,7075.0,7150.0,7050.0,7125.0,7125.0,4622900,1.4235,1.4134
INDF.JK,2025-11-10,7150.0,7175.0,7100.0,7100.0,7100.0,5129400,-0.3509,1.049
INDF.JK,2025-11-11,7150.0,7150.0,7025.0,7050.0,7050.0,4661800,-0.7042,1.7483
INDF.JK,2025-11-12,7050.0,7175.0,7050.0,7175.0,7175.0,5851900,1.773,1.773
INDF.JK,2025-11-13,7150.0,7250.0,7100.0,7150.0,7150.0,8371600,-0.3484,2.0979
INDF.JK,2025-11-14,7150.0,7175.0,7100.0,7100.0,7100.0,5161800,-0.6993,1.049
INDF.JK,2025-11-17,7100.0,7150.0,7075.0,7100.0,7100.0,4245000,0.0,1.0563
INDF.JK,2025-11-18,7100.0,7125.0,7000.0,7000.0,7000.0,7331100,-1.4085,1.7606
INDF.JK,2025-11-19,7025.0,7050.0,7000.0,7025.0,7025.0,5448800,0.3571,0.7117
INDF.JK,2025-11-20,7025.0,7175.0,7025.0,7075.0,7075.0,8110900,0.7117,2.1352
INDF.JK,2025-11-21,7050.0,7125.0,7025.0,7125.0,7125.0,7423400,0.7067,1.4184
INDF.JK,2025-11-24,7150.0,7450.0,7100.0,7450.0,7450.0,18591600,4.5614,4.8951
INDF.JK,2025-11-25,7325.0,7350.0,7175.0,7250.0,7250.0,7894800,-2.6846,2.3891
INDF.JK,2025-11-26,7250.0,7425.0,7225.0,7425.0,7425.0,7662600,2.4138,2.7586
INDF.JK,2025-11-27,7425.0,7425.0,7275.0,7375.0,7375.0,4580000,-0.6734,2.0202
INDF.JK,2025-11-28,7350.0,7400.0,7300.0,7350.0,7350.0,4591700,-0.339,1.3605
INDF.JK,2025-12-01,7225.0,7425.0,7225.0,7350.0,7350.0,4108900,0.0,2.7682
INDF.JK,2025-12-02,7375.0,7450.0,7200.0,7200.0,7200.0,7221100,-2.0408,3.3898
INDF.JK,2025-12-03,7200.0,7275.0,7050.0,7050.0,7050.0,9217900,-2.0833,3.125
INDF.JK,2025-12-04,7050.0,7100.0,7025.0,7025.0,7025.0,4479400,-0.3546,1.0638
INDF.JK,2025-12-05,7050.0,7125.0,7000.0,7100.0,7100.0,8852600,1.0676,1.773
INDF.JK,2025-12-08,7150.0,7150.0,6975.0,6975.0,6975.0,8844700,-1.7606,2.4476
INDF.JK,2025-12-09,6975.0,7000.0,6850.0,6850.0,6850.0,12610800,-1.7921,2.1505
INDF.JK,2025-12-10,6900.0,6950.0,6900.0,6900.0,6900.0,3688400,0.7299,0.7246
INDF.JK,2025-12-11,6900.0,6950.0,6550.0,6575.0,6575.0,35995900,-4.7101,5.7971
INDF.JK,2025-12-12,6650.0,6775.0,6625.0,6775.0,6775.0,6481400,3.0418,2.2556
INDF.JK,2025-12-15,6825.0,6850.0,6700.0,6775.0,6775.0,6213700,0.0,2.1978
INDF.JK,2025-12-16,6800.0,6825.0,6750.0,6775.0,6775.0,5528400,0.0,1.1029
INDF.JK,2025-12-17,6800.0,6875.0,6775.0,6775.0,6775.0,6792100,0.0,1.4706
INDF.JK,2025-12-18,6900.0,6900.0,6775.0,6875.0,6875.0,9005600,1.476,1.8116
INDF.JK,2025-12-19,6875.0,6925.0,6750.0,6750.0,6750.0,12787800,-1.8182,2.5455
INDF.JK,2025-12-22,6775.0,6850.0,6775.0,6850.0,6850.0,3858800,1.4815,1.107
INDF.JK,2025-12-23,6800.0,6825.0,6750.0,6800.0,6800.0,2079500,-0.7299,1.1029
INDF.JK,2025-12-24,6775.0,6850.0,6775.0,6800.0,6800.0,1566700,0.0,1.107
INDF.JK,2025-12-29,6800.0,6875.0,6750.0,6775.0,6775.0,3540900,-0.3676,1.8382
INDF.JK,2025-12-30,6800.0,6875.0,6775.0,6775.0,6775.0,4210100,0.0,1.4706
INDF.JK,2026-01-02,6775.0,6800.0,6650.0,6675.0,6675.0,7568100,-1.476,2.214
INDF.JK,2026-01-05,6675.0,6850.0,6625.0,6850.0,6850.0,9359300,2.6217,3.3708
INDF.JK,2026-01-06,6850.0,7000.0,6825.0,7000.0,7000.0,12215300,2.1898,2.5547
INDF.JK,2026-01-07,7000.0,7000.0,6700.0,6725.0,6725.0,16067800,-3.9286,4.2857
INDF.JK,2026-01-08,6750.0,6775.0,6625.0,6625.0,6625.0,25370300,-1.487,2.2222
INDF.JK,2026-01-09,6625.0,6700.0,6575.0,6600.0,6600.0,13134000,-0.3774,1.8868
INDF.JK,2026-01-12,6600.0,6675.0,6575.0,6600.0,6600.0,11215000,0.0,1.5152
INDF.JK,2026-01-13,6600.0,6700.0,6600.0,6700.0,6700.0,7063700,1.5152,1.5152
INDF.JK,2026-01-14,6700.0,6750.0,6650.0,6725.0,6725.0,9495000,0.3731,1.4925
INDF.JK,2026-01-15,6700.0,6800.0,6700.0,6750.0,6750.0,6184100,0.3717,1.4925
INDF.JK,2026-01-19,6750.0,6825.0,6725.0,6825.0,6825.0,10624000,1.1111,1.4815
INDF.JK,2026-01-20,6775.0,6825.0,6700.0,6700.0,6700.0,12443600,-1.8315,1.845
INDF.JK,2026-01-21,6700.0,6750.0,6600.0,6700.0,6700.0,11404500,0.0,2.2388
INDF.JK,2026-01-22,6700.0,6800.0,6700.0,6750.0,6750.0,8856900,0.7463,1.4925
INDF.JK,2026-01-23,6800.0,6825.0,6725.0,6825.0,6825.0,7862000,1.1111,1.4706
INDF.JK,2026-01-26,6825.0,6825.0,6750.0,6800.0,6800.0,9878400,-0.3663,1.0989
INDF.JK,2026-01-27,6800.0,6800.0,6700.0,6700.0,6700.0,17356900,-1.4706,1.4706
INDF.JK,2026-01-28,6750.0,6850.0,6625.0,6850.0,6850.0,29694200,2.2388,3.3333
INDF.JK,2026-01-29,6800.0,6850.0,6200.0,6775.0,6775.0,38464300,-1.0949,9.5588
INDF.JK,2026-01-30,6775.0,6850.0,6750.0,6800.0,6800.0,15374100,0.369,1.476
INDF.JK,2026-02-02,6825.0,7025.0,6725.0,7025.0,7025.0,17102800,3.3088,4.3956
INDF.JK,2026-02-03,7025.0,7275.0,6950.0,7200.0,7200.0,18698500,2.4911,4.6263
INDF.JK,2026-02-04,7175.0,7200.0,7000.0,7050.0,7050.0,13541400,-2.0833,2.7875
INDF.JK,2026-02-05,7050.0,7150.0,7000.0,7000.0,7000.0,10782800,-0.7092,2.1277
INDF.JK,2026-02-06,6975.0,7000.0,6850.0,6850.0,6850.0,10579300,-2.1429,2.1505
INDF.JK,2026-02-09,6900.0,6900.0,6800.0,6825.0,6825.0,8702900,-0.365,1.4493
INDF.JK,2026-02-10,6875.0,7000.0,6825.0,6900.0,6900.0,8380100,1.0989,2.5455
INDF.JK,2026-02-11,6700.0,6800.0,6700.0,6700.0,6700.0,44043400,-2.8986,1.4925
INDF.JK,2026-02-12,6725.0,6800.0,6700.0,6775.0,6775.0,13363300,1.1194,1.487
INDF.JK,2026-02-13,6750.0,6775.0,6675.0,6675.0,6675.0,13926900,-1.476,1.4815
INDF.JK,2026-02-18,6700.0,6775.0,6675.0,6750.0,6750.0,7616100,1.1236,1.4925
INDF.JK,2026-02-19,6750.0,6825.0,6725.0,6725.0,6725.0,11967400,-0.3704,1.4815
INDF.JK,2026-02-20,6700.0,6750.0,6650.0,6650.0,6650.0,14729900,-1.1152,1.4925
INDF.JK,2026-02-23,6650.0,6700.0,6650.0,6650.0,6650.0,18992200,0.0,0.7519
INDF.JK,2026-02-24,6675.0,6700.0,6600.0,6600.0,6600.0,26059800,-0.7519,1.4981
INDF.JK,2026-02-25,6550.0,6675.0,6550.0,6575.0,6575.0,25622600,-0.3788,1.9084
INDF.JK,2026-02-26,6600.0,6725.0,6575.0,6725.0,6725.0,24736800,2.2814,2.2727
INDF.JK,2026-02-27,6600.0,6700.0,6450.0,6450.0,6450.0,290204300,-4.0892,3.7879
INDF.JK,2026-03-02,6400.0,6525.0,6350.0,6400.0,6400.0,44951600,-0.7752,2.7344
INDF.JK,2026-03-03,6450.0,6500.0,6375.0,6400.0,6400.0,18791500,0.0,1.938
INDF.JK,2026-03-04,6400.0,6425.0,6125.0,6125.0,6125.0,43486700,-4.2969,4.6875
INDF.JK,2026-03-05,6200.0,6300.0,6125.0,6225.0,6225.0,17643600,1.6327,2.8226
INDF.JK,2026-03-06,6300.0,6350.0,6200.0,6275.0,6275.0,25222700,0.8032,2.381
INDF.JK,2026-03-09,6125.0,6150.0,6025.0,6050.0,6050.0,18757800,-3.5857,2.0408
INDF.JK,2026-03-10,6200.0,6200.0,5975.0,6000.0,6000.0,24380900,-0.8264,3.629
INDF.JK,2026-03-11,6050.0,6100.0,6000.0,6025.0,6025.0,10903300,0.4167,1.6529
INDF.JK,2026-03-12,6050.0,6050.0,5925.0,6050.0,6050.0,21623200,0.4149,2.0661
INDF.JK,2026-03-13,6050.0,6075.0,5900.0,5900.0,5900.0,12186300,-2.4793,2.8926
INDF.JK,2026-03-16,5975.0,6050.0,5900.0,5975.0,5975.0,15644300,1.2712,2.5105
INDF.JK,2026-03-17,6000.0,6025.0,5950.0,5975.0,5975.0,11855500,0.0,1.25
INDF.JK,2026-03-25,6050.0,6075.0,5900.0,6025.0,6025.0,36909800,0.8368,2.8926
INDF.JK,2026-03-26,6050.0,6150.0,6025.0,6075.0,6075.0,11366700,0.8299,2.0661
INDF.JK,2026-03-27,6075.0,6100.0,5975.0,5975.0,5975.0,9763500,-1.6461,2.0576
INDF.JK,2026-03-30,5925.0,6000.0,5900.0,5950.0,5950.0,10150600,-0.4184,1.6878
INDF.JK,2026-03-31,6075.0,6400.0,6075.0,6350.0,6350.0,34136900,6.7227,5.3498
INDF.JK,2026-04-01,6375.0,6575.0,6275.0,6575.0,6575.0,20919900,3.5433,4.7059
INDF.JK,2026-04-02,6575.0,6625.0,6525.0,6625.0,6625.0,17333500,0.7605,1.5209
INDF.JK,2026-04-06,6600.0,6650.0,6500.0,6575.0,6575.0,11555400,-0.7547,2.2727
INDF.JK,2026-04-07,6600.0,6650.0,6525.0,6575.0,6575.0,11285700,0.0,1.8939
INDF.JK,2026-04-08,6625.0,6700.0,6600.0,6650.0,6650.0,12894700,1.1407,1.5094
INDF.JK,2026-04-09,6650.0,6675.0,6575.0,6600.0,6600.0,17733300,-0.7519,1.5038
INDF.JK,2026-04-10,6625.0,6700.0,6600.0,6700.0,6700.0,11637300,1.5152,1.5094
INDF.JK,2026-04-13,6700.0,6750.0,6625.0,6750.0,6750.0,11177700,0.7463,1.8657
INDF.JK,2026-04-14,6750.0,6850.0,6725.0,6825.0,6825.0,11118600,1.1111,1.8519
INDF.JK,2026-04-15,6850.0,6900.0,6800.0,6825.0,6825.0,12647200,0.0,1.4599
INDF.JK,2026-04-16,6900.0,7000.0,6875.0,6975.0,6975.0,13791900,2.1978,1.8116
INDF.JK,2026-04-17,6975.0,7000.0,6925.0,6975.0,6975.0,8501300,0.0,1.0753
INDF.JK,2026-04-20,6975.0,6975.0,6900.0,6925.0,6925.0,7789700,-0.7168,1.0753
INDF.JK,2026-04-21,6925.0,7000.0,6875.0,7000.0,7000.0,8007700,1.083,1.8051
INDF.JK,2026-04-22,7000.0,7025.0,6950.0,7025.0,7025.0,8697100,0.3571,1.0714
INDF.JK,2026-04-23,7025.0,7050.0,6950.0,6975.0,6975.0,9401600,-0.7117,1.4235
INDF.JK,2026-04-24,7000.0,7000.0,6825.0,6900.0,6900.0,9547700,-1.0753,2.5
INDF.JK,2026-04-27,6900.0,6925.0,6825.0,6900.0,6900.0,4716400,0.0,1.4493
INDF.JK,2026-04-28,6900.0,6925.0,6750.0,6825.0,6825.0,12570200,-1.087,2.5362
INDF.JK,2026-04-29,6850.0,6975.0,6825.0,6850.0,6850.0,5758000,0.3663,2.1898
INDF.JK,2026-04-30,6900.0,6975.0,6750.0,6750.0,6750.0,12872200,-1.4599,3.2609
INDF.JK,2026-05-04,6825.0,7025.0,6825.0,6950.0,6950.0,11508000,2.963,2.9304
INDF.JK,2026-05-05,7000.0,7000.0,6950.0,6950.0,6950.0,6591100,0.0,0.7143
INDF.JK,2026-05-06,6950.0,7050.0,6925.0,7050.0,7050.0,8219400,1.4388,1.7986
INDF.JK,2026-05-07,7050.0,7175.0,7000.0,7125.0,7125.0,11398100,1.0638,2.4823
INDF.JK,2026-05-08,7125.0,7150.0,6875.0,6975.0,6975.0,6743500,-2.1053,3.8596
INDF.JK,2026-05-11,6950.0,7000.0,6800.0,6925.0,6925.0,8963200,-0.7168,2.8777
INDF.JK,2026-05-12,6950.0,6975.0,6900.0,6975.0,6975.0,5254700,0.722,1.0791
INDF.JK,2026-05-13,6975.0,6975.0,6775.0,6825.0,6825.0,7820400,-2.1505,2.8674
INDF.JK,2026-05-14,6825.0,6825.0,6825.0,6825.0,6825.0,0,0.0,0.0
INDF.JK,2026-05-15,6825.0,6825.0,6825.0,6825.0,6825.0,0,0.0,0.0
INDF.JK,2026-05-18,6800.0,6825.0,6675.0,6725.0,6725.0,9733400,-1.4652,2.2059
INDF.JK,2026-05-19,6750.0,6750.0,6600.0,6650.0,6650.0,6597300,-1.1152,2.2222
INDF.JK,2026-05-20,6650.0,6750.0,6525.0,6600.0,6600.0,11119500,-0.7519,3.3835
INDF.JK,2026-05-21,6600.0,6825.0,6600.0,6750.0,6750.0,11456400,2.2727,3.4091
INDF.JK,2026-05-22,6750.0,6750.0,6575.0,6725.0,6725.0,2979100,-0.3704,2.5926
INDF.JK,2026-05-25,6700.0,6975.0,6700.0,6950.0,6950.0,8238700,3.3457,4.1045
INDF.JK,2026-05-26,6950.0,6950.0,6775.0,6825.0,6825.0,13244900,-1.7986,2.518
INDF.JK,2026-05-27,6825.0,6825.0,6825.0,6825.0,6825.0,0,0.0,0.0
INDF.JK,2026-05-28,6825.0,6825.0,6825.0,6825.0,6825.0,0,0.0,0.0
INDF.JK,2026-05-29,6825.0,7050.0,6750.0,6925.0,6925.0,37316900,1.4652,4.3956
INDF.JK,2026-06-02,6925.0,6925.0,6575.0,6575.0,6575.0,9446300,-5.0542,5.0542
INDF.JK,2026-06-03,6600.0,6625.0,6250.0,6250.0,6250.0,11477700,-4.943,5.6818
INDF.JK,2026-06-04,6250.0,6350.0,6025.0,6250.0,6250.0,13518400,0.0,5.2
INDF.JK,2026-06-05,6225.0,6250.0,6050.0,6050.0,6050.0,11566100,-3.2,3.2129
INDF.JK,2026-06-08,6050.0,6050.0,5850.0,5925.0,5925.0,16754300,-2.0661,3.3058
INDF.JK,2026-06-09,5900.0,6275.0,5900.0,6200.0,6200.0,10906900,4.6414,6.3559
INDF.JK,2026-06-10,6175.0,6350.0,6100.0,6250.0,6250.0,12536900,0.8065,4.0486
INDF.JK,2026-06-11,6275.0,6325.0,6200.0,6225.0,6225.0,8452500,-0.4,1.992
INDF.JK,2026-06-12,6275.0,6675.0,6275.0,6425.0,6425.0,11991600,3.2129,6.3745
INDF.JK,2026-06-15,6500.0,6700.0,6500.0,6650.0,6650.0,7175600,3.5019,3.0769
INDF.JK,2026-06-17,6675.0,6850.0,6675.0,6750.0,6750.0,6440200,1.5038,2.6217
INDF.JK,2026-06-18,6800.0,6825.0,6675.0,6800.0,6800.0,3259000,0.7407,2.2059
INDF.JK,2026-06-19,6800.0,6825.0,6725.0,6725.0,6725.0,42676900,-1.1029,1.4706
INDF.JK,2026-06-22,6825.0,6825.0,6725.0,6725.0,6725.0,6044100,0.0,1.4652
INDF.JK,2026-06-23,6725.0,6800.0,6725.0,6750.0,6750.0,8861900,0.3717,1.1152
INDF.JK,2026-06-24,6750.0,6800.0,6725.0,6750.0,6750.0,5758100,0.0,1.1111
INDF.JK,2026-06-25,6750.0,6800.0,6725.0,6725.0,6725.0,9285900,-0.3704,1.1111
INDF.JK,2026-06-26,6725.0,6800.0,6725.0,6725.0,6725.0,9093200,0.0,1.1152
INDF.JK,2026-06-29,6825.0,6825.0,6600.0,6600.0,6600.0,3207500,-1.8587,3.2967
INDF.JK,2026-06-30,6600.0,6700.0,6600.0,6675.0,6675.0,4441900,1.1364,1.5152
INDF.JK,2026-07-01,6675.0,6675.0,6600.0,6600.0,6600.0,4788900,-1.1236,1.1236
INDF.JK,2026-07-02,6625.0,6850.0,6625.0,6775.0,6775.0,6095500,2.6515,3.3962
INDF.JK,2026-07-03,6825.0,6950.0,6825.0,6925.0,6925.0,5134800,2.214,1.8315
KLBF.JK,2024-07-03,1450.0,1465.0,1435.0,1455.0,1382.27,29725600,,2.069
KLBF.JK,2024-07-04,1455.0,1485.0,1445.0,1470.0,1396.52,20834000,1.0309,2.7491
KLBF.JK,2024-07-05,1475.0,1525.0,1465.0,1490.0,1415.52,17277000,1.3605,4.0678
KLBF.JK,2024-07-08,1505.0,1560.0,1500.0,1560.0,1482.02,47099200,4.698,3.9867
KLBF.JK,2024-07-09,1560.0,1570.0,1550.0,1550.0,1472.52,31780300,-0.641,1.2821
KLBF.JK,2024-07-10,1550.0,1550.0,1525.0,1530.0,1453.52,9716000,-1.2903,1.6129
KLBF.JK,2024-07-11,1540.0,1570.0,1530.0,1565.0,1486.77,21348500,2.2876,2.5974
KLBF.JK,2024-07-12,1580.0,1590.0,1555.0,1560.0,1482.02,29000600,-0.3195,2.2152
KLBF.JK,2024-07-15,1565.0,1570.0,1555.0,1560.0,1482.02,17232700,0.0,0.9585
KLBF.JK,2024-07-16,1575.0,1575.0,1560.0,1565.0,1486.77,47366600,0.3205,0.9524
KLBF.JK,2024-07-17,1585.0,1590.0,1550.0,1570.0,1491.52,42543100,0.3195,2.5237
KLBF.JK,2024-07-18,1550.0,1585.0,1550.0,1570.0,1491.52,27278200,0.0,2.2581
KLBF.JK,2024-07-19,1555.0,1600.0,1555.0,1575.0,1496.27,49564300,0.3185,2.8939
KLBF.JK,2024-07-22,1600.0,1600.0,1565.0,1575.0,1496.27,16838600,0.0,2.1875
KLBF.JK,2024-07-23,1565.0,1590.0,1565.0,1575.0,1496.27,14509200,0.0,1.5974
KLBF.JK,2024-07-24,1580.0,1585.0,1565.0,1575.0,1496.27,15333000,0.0,1.2658
KLBF.JK,2024-07-25,1580.0,1595.0,1555.0,1590.0,1510.52,18442600,0.9524,2.5316
KLBF.JK,2024-07-26,1600.0,1600.0,1570.0,1575.0,1496.27,27215900,-0.9434,1.875
KLBF.JK,2024-07-29,1575.0,1575.0,1545.0,1560.0,1482.02,34373400,-0.9524,1.9048
KLBF.JK,2024-07-30,1570.0,1570.0,1540.0,1565.0,1486.77,18284100,0.3205,1.9108
KLBF.JK,2024-07-31,1570.0,1610.0,1560.0,1590.0,1510.52,39831000,1.5974,3.1847
KLBF.JK,2024-08-01,1590.0,1670.0,1590.0,1650.0,1567.52,68481800,3.7736,5.0314
KLBF.JK,2024-08-02,1650.0,1650.0,1615.0,1640.0,1558.02,30857100,-0.6061,2.1212
KLBF.JK,2024-08-05,1620.0,1635.0,1600.0,1630.0,1548.52,18928900,-0.6098,2.1605
KLBF.JK,2024-08-06,1650.0,1660.0,1625.0,1645.0,1562.77,34238100,0.9202,2.1212
KLBF.JK,2024-08-07,1635.0,1660.0,1635.0,1650.0,1567.52,18663700,0.304,1.5291
KLBF.JK,2024-08-08,1645.0,1680.0,1645.0,1655.0,1572.27,39547500,0.303,2.1277
KLBF.JK,2024-08-09,1660.0,1685.0,1655.0,1665.0,1581.77,28726400,0.6042,1.8072
KLBF.JK,2024-08-12,1670.0,1680.0,1650.0,1670.0,1586.52,24929900,0.3003,1.7964
KLBF.JK,2024-08-13,1680.0,1680.0,1655.0,1665.0,1581.77,23657700,-0.2994,1.4881
KLBF.JK,2024-08-14,1660.0,1690.0,1655.0,1680.0,1596.02,85483000,0.9009,2.1084
KLBF.JK,2024-08-15,1670.0,1680.0,1645.0,1670.0,1586.52,33440700,-0.5952,2.0958
KLBF.JK,2024-08-16,1690.0,1690.0,1640.0,1650.0,1567.52,20882800,-1.1976,2.9586
KLBF.JK,2024-08-19,1630.0,1655.0,1600.0,1610.0,1529.52,36968000,-2.4242,3.3742
KLBF.JK,2024-08-20,1625.0,1720.0,1620.0,1700.0,1615.02,48149200,5.5901,6.1538
KLBF.JK,2024-08-21,1745.0,1750.0,1710.0,1730.0,1643.52,27468300,1.7647,2.2923
KLBF.JK,2024-08-22,1710.0,1750.0,1705.0,1725.0,1638.77,39387100,-0.289,2.6316
KLBF.JK,2024-08-23,1750.0,1750.0,1705.0,1720.0,1634.02,14712400,-0.2899,2.5714
KLBF.JK,2024-08-26,1705.0,1750.0,1705.0,1730.0,1643.52,36332700,0.5814,2.6393
KLBF.JK,2024-08-27,1730.0,1765.0,1715.0,1740.0,1653.02,41882400,0.578,2.8902
KLBF.JK,2024-08-28,1770.0,1795.0,1725.0,1725.0,1638.77,29151100,-0.8621,3.9548
KLBF.JK,2024-08-29,1750.0,1750.0,1695.0,1700.0,1615.02,18397600,-1.4493,3.1429
KLBF.JK,2024-08-30,1700.0,1700.0,1635.0,1650.0,1567.52,76268200,-2.9412,3.8235
KLBF.JK,2024-09-02,1650.0,1695.0,1650.0,1680.0,1596.02,19751100,1.8182,2.7273
KLBF.JK,2024-09-03,1680.0,1705.0,1645.0,1680.0,1596.02,27745900,0.0,3.5714
KLBF.JK,2024-09-04,1695.0,1740.0,1680.0,1730.0,1643.52,18218900,2.9762,3.5398
KLBF.JK,2024-09-05,1730.0,1760.0,1690.0,1690.0,1605.52,29701400,-2.3121,4.0462
KLBF.JK,2024-09-06,1690.0,1790.0,1690.0,1710.0,1624.52,38817500,1.1834,5.9172
KLBF.JK,2024-09-09,1710.0,1755.0,1710.0,1740.0,1653.02,32323400,1.7544,2.6316
KLBF.JK,2024-09-10,1775.0,1785.0,1730.0,1740.0,1653.02,37848800,0.0,3.0986
KLBF.JK,2024-09-11,1735.0,1750.0,1705.0,1720.0,1634.02,12867500,-1.1494,2.5937
KLBF.JK,2024-09-12,1710.0,1755.0,1710.0,1740.0,1653.02,22782500,1.1628,2.6316
KLBF.JK,2024-09-13,1735.0,1735.0,1700.0,1705.0,1619.77,26363700,-2.0115,2.0173
KLBF.JK,2024-09-17,1710.0,1730.0,1705.0,1705.0,1619.77,11301100,0.0,1.462
KLBF.JK,2024-09-18,1705.0,1750.0,1705.0,1750.0,1662.52,17766800,2.6393,2.6393
KLBF.JK,2024-09-19,1765.0,1765.0,1725.0,1730.0,1643.52,36027300,-1.1429,2.2663
KLBF.JK,2024-09-20,1730.0,1750.0,1700.0,1720.0,1634.02,53855900,-0.578,2.8902
KLBF.JK,2024-09-23,1745.0,1765.0,1725.0,1735.0,1648.27,26807400,0.8721,2.2923
KLBF.JK,2024-09-24,1730.0,1755.0,1705.0,1745.0,1657.77,50069500,0.5764,2.8902
KLBF.JK,2024-09-25,1760.0,1760.0,1715.0,1740.0,1653.02,43953100,-0.2865,2.5568
KLBF.JK,2024-09-26,1755.0,1755.0,1730.0,1740.0,1653.02,43183000,0.0,1.4245
KLBF.JK,2024-09-27,1750.0,1750.0,1720.0,1735.0,1648.27,26166200,-0.2874,1.7143
KLBF.JK,2024-09-30,1750.0,1750.0,1715.0,1725.0,1638.77,32208200,-0.5764,2.0
KLBF.JK,2024-10-01,1725.0,1750.0,1715.0,1740.0,1653.02,17776300,0.8696,2.029
KLBF.JK,2024-10-02,1720.0,1730.0,1710.0,1725.0,1638.77,34292400,-0.8621,1.1628
KLBF.JK,2024-10-03,1725.0,1745.0,1720.0,1740.0,1653.02,29339700,0.8696,1.4493
KLBF.JK,2024-10-04,1740.0,1745.0,1725.0,1740.0,1653.02,23888900,0.0,1.1494
KLBF.JK,2024-10-07,1730.0,1745.0,1720.0,1730.0,1643.52,15628300,-0.5747,1.4451
KLBF.JK,2024-10-08,1730.0,1730.0,1675.0,1700.0,1615.02,29450900,-1.7341,3.1792
KLBF.JK,2024-10-09,1695.0,1695.0,1655.0,1670.0,1586.52,22130300,-1.7647,2.3599
KLBF.JK,2024-10-10,1665.0,1675.0,1620.0,1650.0,1567.52,20146400,-1.1976,3.3033
KLBF.JK,2024-10-11,1680.0,1720.0,1655.0,1720.0,1634.02,21201000,4.2424,3.869
KLBF.JK,2024-10-14,1720.0,1740.0,1695.0,1715.0,1629.27,14663800,-0.2907,2.6163
KLBF.JK,2024-10-15,1715.0,1755.0,1715.0,1750.0,1662.52,40200700,2.0408,2.3324
KLBF.JK,2024-10-16,1770.0,1770.0,1725.0,1730.0,1643.52,23659600,-1.1429,2.5424
KLBF.JK,2024-10-17,1730.0,1735.0,1690.0,1690.0,1605.52,30025500,-2.3121,2.6012
KLBF.JK,2024-10-18,1700.0,1715.0,1680.0,1715.0,1629.27,26148500,1.4793,2.0588
KLBF.JK,2024-10-21,1715.0,1720.0,1660.0,1660.0,1577.02,28486500,-3.207,3.4985
KLBF.JK,2024-10-22,1670.0,1710.0,1660.0,1680.0,1596.02,39527600,1.2048,2.994
KLBF.JK,2024-10-23,1680.0,1690.0,1660.0,1675.0,1591.27,17965800,-0.2976,1.7857
KLBF.JK,2024-10-24,1675.0,1675.0,1640.0,1645.0,1562.77,14515800,-1.791,2.0896
KLBF.JK,2024-10-25,1655.0,1655.0,1620.0,1620.0,1539.02,24172100,-1.5198,2.1148
KLBF.JK,2024-10-28,1625.0,1640.0,1610.0,1630.0,1548.52,21951600,0.6173,1.8462
KLBF.JK,2024-10-29,1640.0,1645.0,1600.0,1615.0,1534.27,24616400,-0.9202,2.7439
KLBF.JK,2024-10-30,1615.0,1615.0,1575.0,1605.0,1524.77,35374700,-0.6192,2.4768
KLBF.JK,2024-10-31,1605.0,1630.0,1590.0,1615.0,1534.27,32896000,0.6231,2.4922
KLBF.JK,2024-11-01,1610.0,1615.0,1560.0,1570.0,1491.52,47179900,-2.7864,3.4161
KLBF.JK,2024-11-04,1580.0,1610.0,1575.0,1590.0,1510.52,30367700,1.2739,2.2152
KLBF.JK,2024-11-05,1605.0,1620.0,1590.0,1600.0,1520.02,27950900,0.6289,1.8692
KLBF.JK,2024-11-06,1615.0,1615.0,1585.0,1590.0,1510.52,35557100,-0.625,1.8576
KLBF.JK,2024-11-07,1590.0,1605.0,1570.0,1570.0,1491.52,31997100,-1.2579,2.2013
KLBF.JK,2024-11-08,1570.0,1575.0,1530.0,1540.0,1463.02,32730500,-1.9108,2.8662
KLBF.JK,2024-11-11,1540.0,1545.0,1485.0,1510.0,1434.52,47392200,-1.9481,3.8961
KLBF.JK,2024-11-12,1500.0,1520.0,1490.0,1500.0,1425.02,34349300,-0.6623,2.0
KLBF.JK,2024-11-13,1500.0,1515.0,1480.0,1500.0,1425.02,21328400,0.0,2.3333
KLBF.JK,2024-11-14,1485.0,1490.0,1450.0,1450.0,1377.52,45388000,-3.3333,2.6936
KLBF.JK,2024-11-15,1435.0,1455.0,1420.0,1420.0,1349.02,42311800,-2.069,2.439
KLBF.JK,2024-11-18,1415.0,1435.0,1415.0,1435.0,1363.27,32904100,1.0563,1.4134
KLBF.JK,2024-11-19,1435.0,1455.0,1425.0,1425.0,1353.77,30992400,-0.6969,2.0906
KLBF.JK,2024-11-20,1430.0,1480.0,1430.0,1465.0,1391.77,29233300,2.807,3.4965
KLBF.JK,2024-11-21,1475.0,1530.0,1445.0,1450.0,1377.52,45074800,-1.0239,5.7627
KLBF.JK,2024-11-22,1455.0,1490.0,1450.0,1470.0,1396.52,21926100,1.3793,2.7491
KLBF.JK,2024-11-25,1500.0,1525.0,1485.0,1500.0,1425.02,260635400,2.0408,2.6667
KLBF.JK,2024-11-26,1520.0,1540.0,1480.0,1480.0,1406.02,27441400,-1.3333,3.9474
KLBF.JK,2024-11-28,1500.0,1520.0,1485.0,1495.0,1420.27,31493700,1.0135,2.3333
KLBF.JK,2024-11-29,1500.0,1530.0,1500.0,1500.0,1425.02,26937300,0.3344,2.0
KLBF.JK,2024-12-02,1495.0,1505.0,1475.0,1475.0,1401.27,23689200,-1.6667,2.0067
KLBF.JK,2024-12-03,1475.0,1490.0,1455.0,1480.0,1406.02,27013500,0.339,2.3729
KLBF.JK,2024-12-04,1485.0,1500.0,1475.0,1485.0,1410.77,39806500,0.3378,1.6835
KLBF.JK,2024-12-05,1485.0,1505.0,1475.0,1505.0,1429.77,27924000,1.3468,2.0202
KLBF.JK,2024-12-06,1505.0,1505.0,1465.0,1465.0,1391.77,31354700,-2.6578,2.6578
KLBF.JK,2024-12-09,1480.0,1510.0,1475.0,1485.0,1410.77,36920200,1.3652,2.3649
KLBF.JK,2024-12-10,1490.0,1505.0,1470.0,1505.0,1429.77,30932300,1.3468,2.349
KLBF.JK,2024-12-11,1505.0,1525.0,1495.0,1505.0,1429.77,27058500,0.0,1.9934
KLBF.JK,2024-12-12,1505.0,1520.0,1430.0,1455.0,1382.27,47343600,-3.3223,5.9801
KLBF.JK,2024-12-13,1460.0,1465.0,1430.0,1445.0,1372.77,30597900,-0.6873,2.3973
KLBF.JK,2024-12-16,1445.0,1450.0,1420.0,1440.0,1368.02,38742700,-0.346,2.0761
KLBF.JK,2024-12-17,1440.0,1445.0,1380.0,1400.0,1330.02,20721100,-2.7778,4.5139
KLBF.JK,2024-12-18,1420.0,1430.0,1355.0,1380.0,1311.02,32062400,-1.4286,5.2817
KLBF.JK,2024-12-19,1375.0,1375.0,1290.0,1320.0,1254.02,53629000,-4.3478,6.1818
KLBF.JK,2024-12-20,1310.0,1325.0,1245.0,1275.0,1211.27,116319600,-3.4091,6.1069
KLBF.JK,2024-12-23,1280.0,1330.0,1265.0,1330.0,1263.52,44241100,4.3137,5.0781
KLBF.JK,2024-12-24,1330.0,1405.0,1305.0,1400.0,1330.02,21049300,5.2632,7.5188
KLBF.JK,2024-12-27,1400.0,1405.0,1335.0,1355.0,1287.27,38834800,-3.2143,5.0
KLBF.JK,2024-12-30,1360.0,1390.0,1340.0,1360.0,1292.02,43195600,0.369,3.6765
KLBF.JK,2025-01-02,1370.0,1375.0,1340.0,1340.0,1273.02,14746400,-1.4706,2.5547
KLBF.JK,2025-01-03,1345.0,1360.0,1315.0,1325.0,1258.77,25497900,-1.1194,3.3457
KLBF.JK,2025-01-06,1330.0,1340.0,1280.0,1280.0,1216.02,22169200,-3.3962,4.5113
KLBF.JK,2025-01-07,1280.0,1315.0,1280.0,1290.0,1225.52,19463100,0.7812,2.7344
KLBF.JK,2025-01-08,1300.0,1310.0,1270.0,1275.0,1211.27,32640900,-1.1628,3.0769
KLBF.JK,2025-01-09,1275.0,1285.0,1255.0,1270.0,1206.52,19039900,-0.3922,2.3529
KLBF.JK,2025-01-10,1270.0,1270.0,1245.0,1260.0,1197.02,34369300,-0.7874,1.9685
KLBF.JK,2025-01-13,1260.0,1280.0,1245.0,1265.0,1201.77,28554700,0.3968,2.7778
KLBF.JK,2025-01-14,1265.0,1270.0,1225.0,1225.0,1163.77,25570500,-3.1621,3.5573
KLBF.JK,2025-01-15,1245.0,1270.0,1245.0,1255.0,1192.27,27373400,2.449,2.008
KLBF.JK,2025-01-16,1260.0,1265.0,1235.0,1235.0,1173.27,26983900,-1.5936,2.381
KLBF.JK,2025-01-17,1240.0,1240.0,1210.0,1225.0,1163.77,28924700,-0.8097,2.4194
KLBF.JK,2025-01-20,1225.0,1235.0,1215.0,1220.0,1159.02,17223300,-0.4082,1.6327
KLBF.JK,2025-01-21,1225.0,1245.0,1220.0,1240.0,1178.02,39341900,1.6393,2.0408
KLBF.JK,2025-01-22,1240.0,1260.0,1235.0,1260.0,1197.02,31461300,1.6129,2.0161
KLBF.JK,2025-01-23,1260.0,1265.0,1235.0,1235.0,1173.27,16196600,-1.9841,2.381
KLBF.JK,2025-01-24,1250.0,1255.0,1220.0,1220.0,1159.02,21583000,-1.2146,2.8
KLBF.JK,2025-01-30,1220.0,1240.0,1195.0,1235.0,1173.27,28410500,1.2295,3.6885
KLBF.JK,2025-01-31,1240.0,1265.0,1240.0,1265.0,1201.77,15686200,2.4291,2.0161
KLBF.JK,2025-02-03,1255.0,1265.0,1185.0,1200.0,1140.02,27741200,-5.1383,6.3745
KLBF.JK,2025-02-04,1230.0,1265.0,1225.0,1250.0,1187.52,27751900,4.1667,3.252
KLBF.JK,2025-02-05,1235.0,1250.0,1210.0,1210.0,1149.52,35245500,-3.2,3.2389
KLBF.JK,2025-02-06,1230.0,1300.0,1230.0,1300.0,1235.02,50754500,7.438,5.6911
KLBF.JK,2025-02-07,1310.0,1325.0,1245.0,1265.0,1201.77,51937400,-2.6923,6.1069
KLBF.JK,2025-02-10,1265.0,1330.0,1240.0,1320.0,1254.02,47231200,4.3478,7.1146
KLBF.JK,2025-02-11,1320.0,1325.0,1250.0,1250.0,1187.52,34737600,-5.303,5.6818
KLBF.JK,2025-02-12,1255.0,1290.0,1255.0,1285.0,1220.77,23966600,2.8,2.7888
KLBF.JK,2025-02-13,1285.0,1310.0,1275.0,1290.0,1225.52,23376500,0.3891,2.7237
KLBF.JK,2025-02-14,1290.0,1300.0,1280.0,1290.0,1225.52,30724900,0.0,1.5504
KLBF.JK,2025-02-17,1290.0,1295.0,1275.0,1285.0,1220.77,11683600,-0.3876,1.5504
KLBF.JK,2025-02-18,1290.0,1305.0,1275.0,1295.0,1230.27,29474700,0.7782,2.3256
KLBF.JK,2025-02-19,1295.0,1300.0,1230.0,1235.0,1173.27,43136000,-4.6332,5.4054
KLBF.JK,2025-02-20,1245.0,1250.0,1200.0,1210.0,1149.52,41528100,-2.0243,4.0161
KLBF.JK,2025-02-21,1210.0,1235.0,1210.0,1220.0,1159.02,44742900,0.8264,2.0661
KLBF.JK,2025-02-24,1220.0,1230.0,1200.0,1210.0,1149.52,29051600,-0.8197,2.459
KLBF.JK,2025-02-25,1205.0,1210.0,1155.0,1160.0,1102.02,29002100,-4.1322,4.5643
KLBF.JK,2025-02-26,1170.0,1195.0,1170.0,1185.0,1125.77,34121600,2.1552,2.1368
KLBF.JK,2025-02-27,1195.0,1210.0,1125.0,1140.0,1083.02,45990500,-3.7975,7.113
KLBF.JK,2025-02-28,1150.0,1155.0,1065.0,1080.0,1026.01,120318100,-5.2632,7.8261
KLBF.JK,2025-03-03,1120.0,1125.0,1095.0,1110.0,1054.51,69021200,2.7778,2.6786
KLBF.JK,2025-03-04,1110.0,1130.0,1090.0,1110.0,1054.51,61796300,0.0,3.6036
KLBF.JK,2025-03-05,1110.0,1115.0,1070.0,1090.0,1035.51,68134600,-1.8018,4.0541
KLBF.JK,2025-03-06,1105.0,1160.0,1100.0,1150.0,1092.52,94422400,5.5046,5.4299
KLBF.JK,2025-03-07,1150.0,1160.0,1130.0,1160.0,1102.02,70165600,0.8696,2.6087
KLBF.JK,2025-03-10,1150.0,1150.0,1080.0,1080.0,1026.01,64822400,-6.8966,6.087
KLBF.JK,2025-03-11,1060.0,1070.0,1050.0,1060.0,1007.01,49708100,-1.8519,1.8868
KLBF.JK,2025-03-12,1070.0,1085.0,1060.0,1070.0,1016.51,61160600,0.9434,2.3364
KLBF.JK,2025-03-13,1070.0,1085.0,1055.0,1085.0,1030.76,48437200,1.4019,2.8037
KLBF.JK,2025-03-14,1085.0,1085.0,1040.0,1050.0,997.51,38546500,-3.2258,4.1475
KLBF.JK,2025-03-17,1055.0,1065.0,1045.0,1060.0,1007.01,36823400,0.9524,1.8957
KLBF.JK,2025-03-18,1065.0,1065.0,985.0,1015.0,964.26,65897200,-4.2453,7.5117
KLBF.JK,2025-03-19,1020.0,1035.0,1010.0,1030.0,978.51,77682000,1.4778,2.451
KLBF.JK,2025-03-20,1030.0,1090.0,1030.0,1090.0,1035.51,54985600,5.8252,5.8252
KLBF.JK,2025-03-21,1085.0,1125.0,1065.0,1120.0,1064.01,100617100,2.7523,5.53
KLBF.JK,2025-03-24,1110.0,1120.0,1085.0,1105.0,1049.76,37714500,-1.3393,3.1532
KLBF.JK,2025-03-25,1115.0,1145.0,1105.0,1135.0,1078.27,51446800,2.7149,3.5874
KLBF.JK,2025-03-26,1125.0,1125.0,1095.0,1100.0,1045.01,56225800,-3.0837,2.6667
KLBF.JK,2025-03-27,1100.0,1135.0,1085.0,1135.0,1078.27,49328700,3.1818,4.5455
KLBF.JK,2025-04-08,1025.0,1055.0,990.0,1055.0,1002.26,79017500,-7.0485,6.3415
KLBF.JK,2025-04-09,1050.0,1120.0,1050.0,1105.0,1049.76,57273200,4.7393,6.6667
KLBF.JK,2025-04-10,1125.0,1150.0,1110.0,1145.0,1087.77,59919800,3.6199,3.5556
KLBF.JK,2025-04-11,1145.0,1190.0,1140.0,1180.0,1121.02,48934700,3.0568,4.3668
KLBF.JK,2025-04-14,1200.0,1240.0,1190.0,1240.0,1178.02,62712300,5.0847,4.1667
KLBF.JK,2025-04-15,1240.0,1245.0,1165.0,1195.0,1135.27,62264800,-3.629,6.4516
KLBF.JK,2025-04-16,1200.0,1255.0,1200.0,1255.0,1192.27,36807400,5.0209,4.5833
KLBF.JK,2025-04-17,1255.0,1260.0,1185.0,1200.0,1140.02,43557100,-4.3825,5.9761
KLBF.JK,2025-04-21,1200.0,1225.0,1180.0,1225.0,1163.77,27306800,2.0833,3.75
KLBF.JK,2025-04-22,1220.0,1225.0,1185.0,1200.0,1140.02,36425000,-2.0408,3.2787
KLBF.JK,2025-04-23,1215.0,1280.0,1215.0,1280.0,1216.02,57924400,6.6667,5.3498
KLBF.JK,2025-04-24,1295.0,1300.0,1230.0,1265.0,1201.77,43000100,-1.1719,5.4054
KLBF.JK,2025-04-25,1265.0,1270.0,1235.0,1240.0,1178.02,34274700,-1.9763,2.7668
KLBF.JK,2025-04-28,1250.0,1290.0,1235.0,1260.0,1197.02,35812200,1.6129,4.4
KLBF.JK,2025-04-29,1270.0,1280.0,1260.0,1260.0,1197.02,18816100,0.0,1.5748
KLBF.JK,2025-04-30,1265.0,1375.0,1265.0,1365.0,1296.77,80081900,8.3333,8.6957
KLBF.JK,2025-05-02,1340.0,1355.0,1315.0,1315.0,1249.27,28583800,-3.663,2.9851
KLBF.JK,2025-05-05,1320.0,1420.0,1320.0,1390.0,1320.52,53736700,5.7034,7.5758
KLBF.JK,2025-05-06,1395.0,1430.0,1360.0,1410.0,1339.52,39508900,1.4388,5.0179
KLBF.JK,2025-05-07,1430.0,1440.0,1385.0,1405.0,1334.77,40719000,-0.3546,3.8462
KLBF.JK,2025-05-08,1410.0,1440.0,1360.0,1440.0,1368.02,51958600,2.4911,5.6738
KLBF.JK,2025-05-09,1450.0,1455.0,1420.0,1450.0,1377.52,32101300,0.6944,2.4138
KLBF.JK,2025-05-14,1450.0,1510.0,1440.0,1480.0,1406.02,50685500,2.069,4.8276
KLBF.JK,2025-05-15,1480.0,1525.0,1465.0,1525.0,1448.77,52005200,3.0405,4.0541
KLBF.JK,2025-05-16,1550.0,1550.0,1485.0,1505.0,1429.77,32918800,-1.3115,4.1935
KLBF.JK,2025-05-19,1500.0,1505.0,1455.0,1455.0,1382.27,34073200,-3.3223,3.3333
KLBF.JK,2025-05-20,1485.0,1540.0,1480.0,1500.0,1425.02,42540900,3.0928,4.0404
KLBF.JK,2025-05-21,1540.0,1565.0,1505.0,1530.0,1453.52,41062800,2.0,3.8961
KLBF.JK,2025-05-22,1520.0,1525.0,1440.0,1440.0,1368.02,72142000,-5.8824,5.5921
KLBF.JK,2025-05-23,1435.0,1475.0,1435.0,1460.0,1387.02,51529300,1.3889,2.7875
KLBF.JK,2025-05-26,1475.0,1535.0,1470.0,1520.0,1444.02,44934900,4.1096,4.4068
KLBF.JK,2025-05-27,1540.0,1570.0,1525.0,1570.0,1491.52,46620000,3.2895,2.9221
KLBF.JK,2025-05-28,1570.0,1570.0,1495.0,1515.0,1439.27,162559500,-3.5032,4.7771
KLBF.JK,2025-06-02,1480.0,1565.0,1475.0,1560.0,1482.02,62511300,2.9703,6.0811
KLBF.JK,2025-06-03,1560.0,1585.0,1530.0,1550.0,1472.52,41513300,-0.641,3.5256
KLBF.JK,2025-06-04,1550.0,1600.0,1525.0,1600.0,1556.16,55364000,3.2258,4.8387
KLBF.JK,2025-06-05,1595.0,1600.0,1545.0,1600.0,1556.16,34653900,0.0,3.4483
KLBF.JK,2025-06-10,1595.0,1595.0,1550.0,1580.0,1536.71,40629100,-1.25,2.8213
KLBF.JK,2025-06-11,1580.0,1580.0,1525.0,1540.0,1497.81,38326400,-2.5316,3.481
KLBF.JK,2025-06-12,1540.0,1550.0,1525.0,1535.0,1492.95,31893000,-0.3247,1.6234
KLBF.JK,2025-06-13,1530.0,1555.0,1510.0,1530.0,1488.08,78871400,-0.3257,2.9412
KLBF.JK,2025-06-16,1525.0,1545.0,1510.0,1530.0,1488.08,27361800,0.0,2.2951
KLBF.JK,2025-06-17,1520.0,1595.0,1505.0,1595.0,1551.3,25995500,4.2484,5.9211
KLBF.JK,2025-06-18,1570.0,1580.0,1530.0,1550.0,1507.53,29411300,-2.8213,3.1847
KLBF.JK,2025-06-19,1550.0,1555.0,1510.0,1515.0,1473.49,29501400,-2.2581,2.9032
KLBF.JK,2025-06-20,1510.0,1530.0,1485.0,1500.0,1458.9,62568700,-0.9901,2.9801
KLBF.JK,2025-06-23,1500.0,1500.0,1415.0,1430.0,1390.82,44385700,-4.6667,5.6667
KLBF.JK,2025-06-24,1450.0,1510.0,1450.0,1495.0,1454.04,37331600,4.5455,4.1379
KLBF.JK,2025-06-25,1540.0,1540.0,1450.0,1540.0,1497.81,23007500,3.01,5.8442
KLBF.JK,2025-06-26,1525.0,1525.0,1460.0,1515.0,1473.49,30150200,-1.6234,4.2623
KLBF.JK,2025-06-30,1570.0,1570.0,1500.0,1525.0,1483.22,45070900,0.6601,4.4586
KLBF.JK,2025-07-01,1510.0,1530.0,1500.0,1520.0,1478.36,19239300,-0.3279,1.9868
KLBF.JK,2025-07-02,1515.0,1525.0,1470.0,1510.0,1468.63,32190200,-0.6579,3.6304
KLBF.JK,2025-07-03,1515.0,1560.0,1510.0,1560.0,1517.26,17692800,3.3113,3.3003
KLBF.JK,2025-07-04,1560.0,1565.0,1515.0,1515.0,1473.49,8125900,-2.8846,3.2051
KLBF.JK,2025-07-07,1515.0,1515.0,1480.0,1500.0,1458.9,18135700,-0.9901,2.3102
KLBF.JK,2025-07-08,1490.0,1500.0,1470.0,1500.0,1458.9,17530400,0.0,2.0134
KLBF.JK,2025-07-09,1500.0,1525.0,1475.0,1510.0,1468.63,65326300,0.6667,3.3333
KLBF.JK,2025-07-10,1510.0,1515.0,1495.0,1505.0,1463.77,17066700,-0.3311,1.3245
KLBF.JK,2025-07-11,1505.0,1595.0,1490.0,1595.0,1551.3,32423100,5.9801,6.9767
KLBF.JK,2025-07-14,1590.0,1590.0,1510.0,1560.0,1517.26,40882700,-2.1944,5.0314
KLBF.JK,2025-07-15,1560.0,1560.0,1510.0,1530.0,1488.08,16552200,-1.9231,3.2051
KLBF.JK,2025-07-16,1540.0,1540.0,1510.0,1510.0,1468.63,15518200,-1.3072,1.9481
KLBF.JK,2025-07-17,1520.0,1525.0,1495.0,1505.0,1463.77,16505200,-0.3311,1.9737
KLBF.JK,2025-07-18,1515.0,1560.0,1500.0,1510.0,1468.63,26728200,0.3322,3.9604
KLBF.JK,2025-07-21,1520.0,1520.0,1475.0,1505.0,1463.77,20593200,-0.3311,2.9605
KLBF.JK,2025-07-22,1500.0,1505.0,1460.0,1460.0,1420.0,16426800,-2.99,3.0
KLBF.JK,2025-07-23,1475.0,1495.0,1445.0,1495.0,1454.04,12421000,2.3973,3.3898
KLBF.JK,2025-07-24,1495.0,1510.0,1475.0,1510.0,1468.63,36113700,1.0033,2.3411
KLBF.JK,2025-07-25,1505.0,1505.0,1475.0,1485.0,1444.32,29346100,-1.6556,1.9934
KLBF.JK,2025-07-28,1485.0,1500.0,1460.0,1475.0,1434.59,16114600,-0.6734,2.6936
KLBF.JK,2025-07-29,1480.0,1505.0,1465.0,1490.0,1449.18,21654100,1.0169,2.7027
KLBF.JK,2025-07-30,1490.0,1510.0,1475.0,1485.0,1444.32,18006500,-0.3356,2.349
KLBF.JK,2025-07-31,1480.0,1480.0,1430.0,1430.0,1390.82,36989700,-3.7037,3.3784
KLBF.JK,2025-08-01,1430.0,1435.0,1405.0,1430.0,1390.82,77411800,0.0,2.0979
KLBF.JK,2025-08-04,1430.0,1435.0,1390.0,1415.0,1376.23,43961200,-1.049,3.1469
KLBF.JK,2025-08-05,1415.0,1430.0,1400.0,1415.0,1376.23,15900700,0.0,2.1201
KLBF.JK,2025-08-06,1420.0,1435.0,1395.0,1395.0,1356.78,27885600,-1.4134,2.8169
KLBF.JK,2025-08-07,1395.0,1400.0,1365.0,1380.0,1342.19,30437600,-1.0753,2.509
KLBF.JK,2025-08-08,1390.0,1390.0,1350.0,1375.0,1337.33,31285900,-0.3623,2.8777
KLBF.JK,2025-08-11,1375.0,1385.0,1350.0,1370.0,1332.47,48976400,-0.3636,2.5455
KLBF.JK,2025-08-12,1360.0,1395.0,1355.0,1380.0,1342.19,39294900,0.7299,2.9412
KLBF.JK,2025-08-13,1380.0,1410.0,1380.0,1400.0,1361.64,58057200,1.4493,2.1739
KLBF.JK,2025-08-14,1400.0,1450.0,1385.0,1435.0,1395.68,105068500,2.5,4.6429
KLBF.JK,2025-08-15,1420.0,1425.0,1385.0,1385.0,1347.05,63199000,-3.4843,2.8169
KLBF.JK,2025-08-19,1375.0,1390.0,1365.0,1365.0,1327.6,47228800,-1.444,1.8182
KLBF.JK,2025-08-20,1365.0,1405.0,1350.0,1400.0,1361.64,61840200,2.5641,4.0293
KLBF.JK,2025-08-21,1400.0,1415.0,1390.0,1410.0,1371.37,25083300,0.7143,1.7857
KLBF.JK,2025-08-22,1395.0,1410.0,1335.0,1355.0,1317.88,84423900,-3.9007,5.3763
KLBF.JK,2025-08-25,1360.0,1365.0,1300.0,1300.0,1264.38,55259900,-4.059,4.7794
KLBF.JK,2025-08-26,1300.0,1310.0,1265.0,1290.0,1254.66,226638000,-0.7692,3.4615
KLBF.JK,2025-08-27,1275.0,1320.0,1275.0,1290.0,1254.66,91193200,0.0,3.5294
KLBF.JK,2025-08-28,1305.0,1315.0,1270.0,1270.0,1235.21,64079300,-1.5504,3.4483
KLBF.JK,2025-08-29,1255.0,1265.0,1215.0,1215.0,1181.71,114238800,-4.3307,3.9841
KLBF.JK,2025-09-01,1140.0,1195.0,1130.0,1175.0,1142.81,163562600,-3.2922,5.7018
KLBF.JK,2025-09-02,1175.0,1190.0,1155.0,1160.0,1128.22,92292500,-1.2766,2.9787
KLBF.JK,2025-09-03,1175.0,1200.0,1170.0,1180.0,1147.67,161024600,1.7241,2.5532
KLBF.JK,2025-09-04,1200.0,1205.0,1170.0,1180.0,1147.67,93346300,0.0,2.9167
KLBF.JK,2025-09-08,1185.0,1195.0,1150.0,1150.0,1118.49,100014900,-2.5424,3.7975
KLBF.JK,2025-09-09,1145.0,1160.0,1115.0,1140.0,1108.77,106777100,-0.8696,3.9301
KLBF.JK,2025-09-10,1140.0,1165.0,1135.0,1160.0,1128.22,63404200,1.7544,2.6316
KLBF.JK,2025-09-11,1175.0,1215.0,1170.0,1200.0,1167.12,107859700,3.4483,3.8298
KLBF.JK,2025-09-12,1200.0,1205.0,1175.0,1180.0,1147.67,59780200,-1.6667,2.5
KLBF.JK,2025-09-15,1185.0,1195.0,1165.0,1175.0,1142.81,47783400,-0.4237,2.5316
KLBF.JK,2025-09-16,1180.0,1190.0,1165.0,1190.0,1157.4,45211600,1.2766,2.1186
KLBF.JK,2025-09-17,1190.0,1195.0,1175.0,1190.0,1157.4,33420100,0.0,1.6807
KLBF.JK,2025-09-18,1195.0,1195.0,1155.0,1160.0,1128.22,42359400,-2.521,3.3473
KLBF.JK,2025-09-19,1160.0,1180.0,1155.0,1180.0,1147.67,56164100,1.7241,2.1552
KLBF.JK,2025-09-22,1180.0,1190.0,1165.0,1180.0,1147.67,54722600,0.0,2.1186
KLBF.JK,2025-09-23,1180.0,1190.0,1175.0,1190.0,1157.4,45133400,0.8475,1.2712
KLBF.JK,2025-09-24,1190.0,1190.0,1165.0,1165.0,1133.08,45664900,-2.1008,2.1008
KLBF.JK,2025-09-25,1165.0,1170.0,1140.0,1145.0,1113.63,67569400,-1.7167,2.5751
KLBF.JK,2025-09-26,1145.0,1175.0,1145.0,1165.0,1133.08,37088000,1.7467,2.6201
KLBF.JK,2025-09-29,1165.0,1170.0,1120.0,1120.0,1089.32,67023000,-3.8627,4.2918
KLBF.JK,2025-09-30,1130.0,1130.0,1110.0,1130.0,1099.04,72629000,0.8929,1.7699
KLBF.JK,2025-10-01,1135.0,1140.0,1100.0,1100.0,1069.86,64880000,-2.6549,3.5242
KLBF.JK,2025-10-02,1115.0,1130.0,1090.0,1100.0,1069.86,52394800,0.0,3.5874
KLBF.JK,2025-10-03,1100.0,1115.0,1075.0,1080.0,1050.41,64037200,-1.8182,3.6364
KLBF.JK,2025-10-06,1080.0,1095.0,1055.0,1070.0,1040.68,89645000,-0.9259,3.7037
KLBF.JK,2025-10-07,1070.0,1095.0,1060.0,1060.0,1030.96,77283300,-0.9346,3.271
KLBF.JK,2025-10-08,1060.0,1070.0,1050.0,1060.0,1030.96,42761000,0.0,1.8868
KLBF.JK,2025-10-09,1065.0,1090.0,1065.0,1085.0,1055.27,48770900,2.3585,2.3474
KLBF.JK,2025-10-10,1090.0,1115.0,1070.0,1085.0,1055.27,58140600,0.0,4.1284
KLBF.JK,2025-10-13,1065.0,1115.0,1055.0,1085.0,1055.27,66540900,0.0,5.6338
KLBF.JK,2025-10-14,1095.0,1110.0,1055.0,1055.0,1026.1,55476800,-2.765,5.0228
KLBF.JK,2025-10-15,1065.0,1090.0,1055.0,1085.0,1055.27,100033400,2.8436,3.2864
KLBF.JK,2025-10-16,1100.0,1190.0,1095.0,1190.0,1157.4,144767000,9.6774,8.6364
KLBF.JK,2025-10-17,1190.0,1190.0,1140.0,1190.0,1157.4,92124900,0.0,4.2017
KLBF.JK,2025-10-20,1200.0,1225.0,1165.0,1200.0,1167.12,102938300,0.8403,5.0
KLBF.JK,2025-10-21,1230.0,1230.0,1190.0,1220.0,1186.58,61675400,1.6667,3.252
KLBF.JK,2025-10-22,1200.0,1215.0,1180.0,1180.0,1147.67,47977900,-3.2787,2.9167
KLBF.JK,2025-10-23,1165.0,1210.0,1165.0,1185.0,1152.53,42036800,0.4237,3.8627
KLBF.JK,2025-10-24,1185.0,1285.0,1185.0,1225.0,1191.44,136374100,3.3755,8.4388
KLBF.JK,2025-10-27,1240.0,1290.0,1220.0,1275.0,1240.07,147021500,4.0816,5.6452
KLBF.JK,2025-10-28,1290.0,1345.0,1275.0,1330.0,1293.56,131078000,4.3137,5.4264
KLBF.JK,2025-10-29,1335.0,1340.0,1310.0,1325.0,1288.7,49672400,-0.3759,2.2472
KLBF.JK,2025-10-30,1320.0,1340.0,1300.0,1315.0,1278.97,51262000,-0.7547,3.0303
KLBF.JK,2025-10-31,1315.0,1325.0,1245.0,1275.0,1240.07,77521700,-3.0418,6.0837
KLBF.JK,2025-11-03,1275.0,1295.0,1245.0,1250.0,1215.75,47089200,-1.9608,3.9216
KLBF.JK,2025-11-04,1240.0,1260.0,1200.0,1225.0,1191.44,82252800,-2.0,4.8387
KLBF.JK,2025-11-05,1225.0,1320.0,1215.0,1320.0,1283.84,113133900,7.7551,8.5714
KLBF.JK,2025-11-06,1295.0,1310.0,1250.0,1250.0,1215.75,148218800,-5.303,4.6332
KLBF.JK,2025-11-07,1255.0,1300.0,1255.0,1265.0,1230.34,103737300,1.2,3.5857
KLBF.JK,2025-11-10,1280.0,1295.0,1270.0,1270.0,1235.21,55426800,0.3953,1.9531
KLBF.JK,2025-11-11,1290.0,1290.0,1250.0,1285.0,1249.79,51423600,1.1811,3.1008
KLBF.JK,2025-11-12,1285.0,1310.0,1265.0,1265.0,1230.34,46610400,-1.5564,3.5019
KLBF.JK,2025-11-13,1280.0,1295.0,1275.0,1285.0,1249.79,36067000,1.581,1.5625
KLBF.JK,2025-11-14,1290.0,1295.0,1230.0,1235.0,1201.16,80370400,-3.8911,5.0388
KLBF.JK,2025-11-17,1235.0,1255.0,1225.0,1225.0,1191.44,50255000,-0.8097,2.4291
KLBF.JK,2025-11-18,1225.0,1235.0,1180.0,1180.0,1147.67,127789000,-3.6735,4.4898
KLBF.JK,2025-11-19,1200.0,1245.0,1195.0,1230.0,1196.3,152788800,4.2373,4.1667
KLBF.JK,2025-11-20,1230.0,1245.0,1200.0,1210.0,1176.85,91578500,-1.626,3.6585
KLBF.JK,2025-11-21,1200.0,1230.0,1190.0,1210.0,1176.85,130150400,0.0,3.3333
KLBF.JK,2025-11-24,1200.0,1220.0,1170.0,1170.0,1137.95,1980522600,-3.3058,4.1667
KLBF.JK,2025-11-25,1180.0,1240.0,1175.0,1230.0,1196.3,382404300,5.1282,5.5085
KLBF.JK,2025-11-26,1235.0,1280.0,1225.0,1255.0,1220.62,156911100,2.0325,4.4534
KLBF.JK,2025-11-27,1255.0,1260.0,1220.0,1225.0,1191.44,118868900,-2.3904,3.1873
KLBF.JK,2025-11-28,1230.0,1240.0,1200.0,1200.0,1167.12,102883300,-2.0408,3.252
KLBF.JK,2025-12-01,1200.0,1220.0,1190.0,1205.0,1171.99,55450200,0.4167,2.5
KLBF.JK,2025-12-02,1200.0,1205.0,1115.0,1140.0,1108.77,376504800,-5.3942,7.5
KLBF.JK,2025-12-03,1150.0,1185.0,1140.0,1175.0,1142.81,159365800,3.0702,3.913
KLBF.JK,2025-12-04,1185.0,1205.0,1160.0,1190.0,1157.4,117885800,1.2766,3.7975
KLBF.JK,2025-12-05,1190.0,1195.0,1155.0,1160.0,1128.22,66764200,-2.521,3.3613
KLBF.JK,2025-12-08,1175.0,1195.0,1160.0,1190.0,1157.4,85060100,2.5862,2.9787
KLBF.JK,2025-12-09,1200.0,1200.0,1155.0,1170.0,1137.95,128666300,-1.6807,3.75
KLBF.JK,2025-12-10,1170.0,1180.0,1160.0,1175.0,1142.81,76714900,0.4274,1.7094
KLBF.JK,2025-12-11,1160.0,1170.0,1135.0,1135.0,1103.9,61058000,-3.4043,3.0172
KLBF.JK,2025-12-12,1155.0,1170.0,1130.0,1160.0,1128.22,40485600,2.2026,3.4632
KLBF.JK,2025-12-15,1175.0,1230.0,1165.0,1220.0,1186.58,143415000,5.1724,5.5319
KLBF.JK,2025-12-16,1225.0,1225.0,1175.0,1200.0,1167.12,84031800,-1.6393,4.0816
KLBF.JK,2025-12-17,1205.0,1225.0,1200.0,1225.0,1191.44,67928600,2.0833,2.0747
KLBF.JK,2025-12-18,1215.0,1255.0,1210.0,1225.0,1191.44,88737900,0.0,3.7037
KLBF.JK,2025-12-19,1225.0,1230.0,1200.0,1200.0,1167.12,59204600,-2.0408,2.449
KLBF.JK,2025-12-22,1210.0,1225.0,1200.0,1225.0,1191.44,38199100,2.0833,2.0661
KLBF.JK,2025-12-23,1215.0,1220.0,1195.0,1215.0,1181.71,33588200,-0.8163,2.0576
KLBF.JK,2025-12-24,1195.0,1230.0,1195.0,1210.0,1176.85,40215200,-0.4115,2.9289
KLBF.JK,2025-12-29,1215.0,1240.0,1195.0,1230.0,1196.3,45958800,1.6529,3.7037
KLBF.JK,2025-12-30,1230.0,1230.0,1200.0,1205.0,1171.99,29402100,-2.0325,2.439
KLBF.JK,2026-01-02,1215.0,1235.0,1190.0,1205.0,1171.99,33532500,0.0,3.7037
KLBF.JK,2026-01-05,1215.0,1240.0,1205.0,1225.0,1191.44,46518200,1.6598,2.8807
KLBF.JK,2026-01-06,1225.0,1225.0,1195.0,1195.0,1162.26,56139100,-2.449,2.449
KLBF.JK,2026-01-07,1195.0,1210.0,1180.0,1195.0,1162.26,66577900,0.0,2.5105
KLBF.JK,2026-01-08,1195.0,1210.0,1185.0,1190.0,1157.4,40194800,-0.4184,2.0921
KLBF.JK,2026-01-09,1200.0,1200.0,1180.0,1185.0,1152.53,19865000,-0.4202,1.6667
KLBF.JK,2026-01-12,1190.0,1235.0,1190.0,1220.0,1186.58,60842500,2.9536,3.7815
KLBF.JK,2026-01-13,1230.0,1230.0,1210.0,1230.0,1196.3,39389900,0.8197,1.626
KLBF.JK,2026-01-14,1230.0,1245.0,1210.0,1230.0,1196.3,45697500,0.0,2.8455
KLBF.JK,2026-01-15,1230.0,1245.0,1200.0,1205.0,1171.99,62817300,-2.0325,3.6585
KLBF.JK,2026-01-19,1215.0,1235.0,1200.0,1215.0,1181.71,59028000,0.8299,2.8807
KLBF.JK,2026-01-20,1205.0,1210.0,1190.0,1190.0,1157.4,63111000,-2.0576,1.6598
KLBF.JK,2026-01-21,1195.0,1200.0,1180.0,1200.0,1167.12,45022400,0.8403,1.6736
KLBF.JK,2026-01-22,1205.0,1230.0,1200.0,1225.0,1191.44,68058100,2.0833,2.4896
KLBF.JK,2026-01-23,1225.0,1230.0,1205.0,1220.0,1186.58,40388700,-0.4082,2.0408
KLBF.JK,2026-01-26,1220.0,1220.0,1180.0,1180.0,1147.67,54910900,-3.2787,3.2787
KLBF.JK,2026-01-27,1185.0,1185.0,1110.0,1135.0,1103.9,111926900,-3.8136,6.3291
KLBF.JK,2026-01-28,1110.0,1130.0,1070.0,1100.0,1069.86,84670900,-3.0837,5.4054
KLBF.JK,2026-01-29,1085.0,1105.0,1010.0,1085.0,1055.27,90047800,-1.3636,8.7558
KLBF.JK,2026-01-30,1095.0,1150.0,1090.0,1145.0,1113.63,82357300,5.53,5.4795
KLBF.JK,2026-02-02,1145.0,1155.0,1125.0,1140.0,1108.77,81332000,-0.4367,2.6201
KLBF.JK,2026-02-03,1145.0,1170.0,1125.0,1150.0,1118.49,44686600,0.8772,3.9301
KLBF.JK,2026-02-04,1160.0,1160.0,1135.0,1140.0,1108.77,45098700,-0.8696,2.1552
KLBF.JK,2026-02-05,1140.0,1160.0,1115.0,1115.0,1084.45,44406000,-2.193,3.9474
KLBF.JK,2026-02-06,1115.0,1130.0,1105.0,1120.0,1089.32,33933600,0.4484,2.2422
KLBF.JK,2026-02-09,1130.0,1130.0,1090.0,1105.0,1074.73,33061100,-1.3393,3.5398
KLBF.JK,2026-02-10,1095.0,1110.0,1090.0,1110.0,1079.59,44580100,0.4525,1.8265
KLBF.JK,2026-02-11,1110.0,1110.0,1095.0,1105.0,1074.73,32635700,-0.4505,1.3514
KLBF.JK,2026-02-12,1105.0,1110.0,1095.0,1100.0,1069.86,42552400,-0.4525,1.3575
KLBF.JK,2026-02-13,1095.0,1100.0,1080.0,1080.0,1050.41,50565600,-1.8182,1.8265
KLBF.JK,2026-02-18,1090.0,1090.0,1075.0,1080.0,1050.41,35272100,0.0,1.3761
KLBF.JK,2026-02-19,1085.0,1095.0,1080.0,1080.0,1050.41,24202800,0.0,1.3825
KLBF.JK,2026-02-20,1070.0,1080.0,1055.0,1055.0,1026.1,72620200,-2.3148,2.3364
KLBF.JK,2026-02-23,1060.0,1095.0,1055.0,1080.0,1050.41,68164800,2.3697,3.7736
KLBF.JK,2026-02-24,1090.0,1090.0,1055.0,1060.0,1030.96,64915700,-1.8519,3.211
KLBF.JK,2026-02-25,1075.0,1115.0,1070.0,1115.0,1084.45,78710500,5.1887,4.186
KLBF.JK,2026-02-26,1115.0,1115.0,1075.0,1075.0,1045.55,62743300,-3.5874,3.5874
KLBF.JK,2026-02-27,1085.0,1105.0,1075.0,1100.0,1069.86,36614300,2.3256,2.765
KLBF.JK,2026-03-02,1070.0,1075.0,1050.0,1050.0,1021.23,52038500,-4.5455,2.3364
KLBF.JK,2026-03-03,1050.0,1070.0,1035.0,1035.0,1006.64,66036500,-1.4286,3.3333
KLBF.JK,2026-03-04,1040.0,1040.0,1005.0,1015.0,987.19,71675300,-1.9324,3.3654
KLBF.JK,2026-03-05,1025.0,1050.0,1025.0,1040.0,1011.51,52394200,2.4631,2.439
KLBF.JK,2026-03-06,1035.0,1040.0,1010.0,1025.0,996.92,30081300,-1.4423,2.8986
KLBF.JK,2026-03-09,1000.0,1005.0,970.0,995.0,967.74,87464700,-2.9268,3.5
KLBF.JK,2026-03-10,1000.0,1015.0,1000.0,1000.0,972.6,33206500,0.5025,1.5
KLBF.JK,2026-03-11,1010.0,1015.0,995.0,1000.0,972.6,37421700,0.0,1.9802
KLBF.JK,2026-03-12,1000.0,1020.0,985.0,1000.0,972.6,41169800,0.0,3.5
KLBF.JK,2026-03-13,1000.0,1000.0,965.0,965.0,938.56,32279800,-3.5,3.5
KLBF.JK,2026-03-16,965.0,985.0,960.0,970.0,943.42,32183000,0.5181,2.5907
KLBF.JK,2026-03-17,990.0,1020.0,985.0,985.0,958.01,55949700,1.5464,3.5354
KLBF.JK,2026-03-25,1000.0,1005.0,980.0,995.0,967.74,39170900,1.0152,2.5
KLBF.JK,2026-03-26,1000.0,1005.0,970.0,985.0,958.01,33142900,-1.005,3.5
KLBF.JK,2026-03-27,985.0,985.0,950.0,960.0,933.7,38418400,-2.5381,3.5533
KLBF.JK,2026-03-30,950.0,955.0,935.0,940.0,914.25,40685700,-2.0833,2.1053
KLBF.JK,2026-03-31,950.0,1000.0,950.0,970.0,943.42,69203800,3.1915,5.2632
KLBF.JK,2026-04-01,990.0,1000.0,975.0,980.0,953.15,21828100,1.0309,2.5253
KLBF.JK,2026-04-02,985.0,990.0,965.0,970.0,943.42,17965800,-1.0204,2.5381
KLBF.JK,2026-04-06,970.0,975.0,955.0,960.0,933.7,17609800,-1.0309,2.0619
KLBF.JK,2026-04-07,960.0,965.0,940.0,950.0,923.97,28107800,-1.0417,2.6042
KLBF.JK,2026-04-08,970.0,985.0,955.0,985.0,958.01,47741700,3.6842,3.0928
KLBF.JK,2026-04-09,980.0,985.0,965.0,980.0,953.15,28820200,-0.5076,2.0408
KLBF.JK,2026-04-10,980.0,1000.0,970.0,985.0,958.01,45879800,0.5102,3.0612
KLBF.JK,2026-04-13,985.0,995.0,975.0,980.0,953.15,22636600,-0.5076,2.0305
KLBF.JK,2026-04-14,995.0,1000.0,975.0,980.0,953.15,31073200,0.0,2.5126
KLBF.JK,2026-04-15,985.0,1005.0,980.0,990.0,962.88,75915800,1.0204,2.5381
KLBF.JK,2026-04-16,995.0,1000.0,975.0,975.0,948.29,29569300,-1.5152,2.5126
KLBF.JK,2026-04-17,975.0,980.0,960.0,960.0,933.7,37100900,-1.5385,2.0513
KLBF.JK,2026-04-20,965.0,970.0,935.0,935.0,909.38,66056600,-2.6042,3.6269
KLBF.JK,2026-04-21,935.0,945.0,935.0,940.0,914.25,41518200,0.5348,1.0695
KLBF.JK,2026-04-22,945.0,950.0,940.0,940.0,914.25,30437600,0.0,1.0582
KLBF.JK,2026-04-23,940.0,945.0,905.0,910.0,885.07,68701100,-3.1915,4.2553
KLBF.JK,2026-04-24,910.0,915.0,860.0,875.0,851.03,96851500,-3.8462,6.044
KLBF.JK,2026-04-27,875.0,895.0,860.0,875.0,851.03,70628000,0.0,4.0
KLBF.JK,2026-04-28,875.0,885.0,865.0,885.0,860.75,56885700,1.1429,2.2857
KLBF.JK,2026-04-29,885.0,890.0,870.0,875.0,851.03,51235600,-1.1299,2.2599
KLBF.JK,2026-04-30,880.0,890.0,860.0,865.0,841.3,55352100,-1.1429,3.4091
KLBF.JK,2026-05-04,875.0,880.0,855.0,865.0,841.3,53274600,0.0,2.8571
KLBF.JK,2026-05-05,865.0,875.0,850.0,850.0,826.71,48076500,-1.7341,2.8902
KLBF.JK,2026-05-06,855.0,870.0,855.0,865.0,841.3,30325500,1.7647,1.7544
KLBF.JK,2026-05-07,885.0,905.0,885.0,900.0,875.34,111628500,4.0462,2.2599
KLBF.JK,2026-05-08,900.0,930.0,880.0,920.0,894.79,140026400,2.2222,5.5556
KLBF.JK,2026-05-11,925.0,935.0,885.0,890.0,865.62,107445200,-3.2609,5.4054
KLBF.JK,2026-05-12,890.0,900.0,855.0,870.0,846.16,104098100,-2.2472,5.0562
KLBF.JK,2026-05-13,865.0,875.0,850.0,850.0,826.71,57659500,-2.2989,2.8902
KLBF.JK,2026-05-14,850.0,850.0,850.0,850.0,826.71,0,0.0,0.0
KLBF.JK,2026-05-15,850.0,850.0,850.0,850.0,826.71,0,0.0,0.0
KLBF.JK,2026-05-18,850.0,850.0,815.0,840.0,816.99,70061400,-1.1765,4.1176
KLBF.JK,2026-05-19,840.0,845.0,820.0,835.0,812.12,41127700,-0.5952,2.9762
KLBF.JK,2026-05-20,830.0,845.0,815.0,830.0,807.26,60103300,-0.5988,3.6145
KLBF.JK,2026-05-21,830.0,840.0,805.0,810.0,787.81,50675500,-2.4096,4.2169
KLBF.JK,2026-05-22,805.0,810.0,790.0,800.0,778.08,41432000,-1.2346,2.4845
KLBF.JK,2026-05-25,810.0,820.0,800.0,810.0,787.81,35730100,1.25,2.4691
KLBF.JK,2026-05-26,810.0,815.0,790.0,795.0,773.22,31534700,-1.8519,3.0864
KLBF.JK,2026-05-27,795.0,795.0,795.0,795.0,773.22,0,0.0,0.0
KLBF.JK,2026-05-28,795.0,795.0,795.0,795.0,773.22,0,0.0,0.0
KLBF.JK,2026-05-29,795.0,795.0,765.0,770.0,748.9,152452300,-3.1447,3.7736
KLBF.JK,2026-06-02,780.0,785.0,740.0,745.0,724.59,81017600,-3.2468,5.7692
KLBF.JK,2026-06-03,745.0,745.0,705.0,730.0,710.0,76738700,-2.0134,5.3691
KLBF.JK,2026-06-04,705.0,730.0,680.0,720.0,720.0,84196500,-1.3699,7.0922
KLBF.JK,2026-06-05,705.0,710.0,690.0,695.0,695.0,53014000,-3.4722,2.8369
KLBF.JK,2026-06-08,680.0,695.0,665.0,665.0,665.0,54722800,-4.3165,4.4118
KLBF.JK,2026-06-09,665.0,715.0,630.0,705.0,705.0,78074500,6.015,12.782
KLBF.JK,2026-06-10,705.0,720.0,695.0,705.0,705.0,75251500,0.0,3.5461
KLBF.JK,2026-06-11,700.0,740.0,700.0,725.0,725.0,97543500,2.8369,5.7143
KLBF.JK,2026-06-12,760.0,760.0,715.0,740.0,740.0,92741200,2.069,5.9211
KLBF.JK,2026-06-15,740.0,780.0,735.0,740.0,740.0,146299700,0.0,6.0811
KLBF.JK,2026-06-17,740.0,745.0,715.0,720.0,720.0,195547400,-2.7027,4.0541
KLBF.JK,2026-06-18,715.0,720.0,705.0,710.0,710.0,111130400,-1.3889,2.0979
KLBF.JK,2026-06-19,710.0,720.0,700.0,700.0,700.0,183948700,-1.4085,2.8169
KLBF.JK,2026-06-22,715.0,715.0,675.0,680.0,680.0,111214500,-2.8571,5.5944
KLBF.JK,2026-06-23,680.0,765.0,675.0,760.0,760.0,233666800,11.7647,13.2353
KLBF.JK,2026-06-24,760.0,785.0,750.0,765.0,765.0,98567100,0.6579,4.6053
KLBF.JK,2026-06-25,755.0,805.0,740.0,780.0,780.0,135032500,1.9608,8.6093
KLBF.JK,2026-06-26,790.0,795.0,770.0,790.0,790.0,71542200,1.2821,3.1646
KLBF.JK,2026-06-29,795.0,810.0,770.0,780.0,780.0,80694700,-1.2658,5.0314
KLBF.JK,2026-06-30,785.0,790.0,755.0,765.0,765.0,94397300,-1.9231,4.4586
KLBF.JK,2026-07-01,780.0,780.0,760.0,765.0,765.0,30082600,0.0,2.5641
KLBF.JK,2026-07-02,760.0,775.0,740.0,745.0,745.0,72368400,-2.6144,4.6053
KLBF.JK,2026-07-03,750.0,770.0,750.0,750.0,750.0,41752900,0.6711,2.6667
GOTO.JK,2024-07-03,50.0,50.0,50.0,50.0,50.0,534537400,,0.0
GOTO.JK,2024-07-04,50.0,50.0,50.0,50.0,50.0,491141700,0.0,0.0
GOTO.JK,2024-07-05,50.0,50.0,50.0,50.0,50.0,303612500,0.0,0.0
GOTO.JK,2024-07-08,50.0,50.0,50.0,50.0,50.0,520213800,0.0,0.0
GOTO.JK,2024-07-09,50.0,50.0,50.0,50.0,50.0,336028000,0.0,0.0
GOTO.JK,2024-07-10,50.0,51.0,50.0,50.0,50.0,7937139200,0.0,2.0
GOTO.JK,2024-07-11,50.0,51.0,50.0,50.0,50.0,1466174900,0.0,2.0
GOTO.JK,2024-07-12,50.0,50.0,50.0,50.0,50.0,146512300,0.0,0.0
GOTO.JK,2024-07-15,50.0,50.0,50.0,50.0,50.0,374983200,0.0,0.0
GOTO.JK,2024-07-16,50.0,50.0,50.0,50.0,50.0,119356200,0.0,0.0
GOTO.JK,2024-07-17,50.0,52.0,50.0,51.0,51.0,9198716900,2.0,4.0
GOTO.JK,2024-07-18,51.0,52.0,50.0,51.0,51.0,2400367200,0.0,3.9216
GOTO.JK,2024-07-19,51.0,51.0,50.0,50.0,50.0,1897339100,-1.9608,1.9608
GOTO.JK,2024-07-22,50.0,52.0,50.0,51.0,51.0,1834439400,2.0,4.0
GOTO.JK,2024-07-23,51.0,58.0,51.0,55.0,55.0,12618321500,7.8431,13.7255
GOTO.JK,2024-07-24,55.0,55.0,53.0,54.0,54.0,2660984600,-1.8182,3.6364
GOTO.JK,2024-07-25,54.0,55.0,53.0,54.0,54.0,911091700,0.0,3.7037
GOTO.JK,2024-07-26,54.0,54.0,53.0,53.0,53.0,913457100,-1.8519,1.8519
GOTO.JK,2024-07-29,54.0,55.0,53.0,54.0,54.0,1621366300,1.8868,3.7037
GOTO.JK,2024-07-30,54.0,55.0,53.0,55.0,55.0,1223172300,1.8519,3.7037
GOTO.JK,2024-07-31,54.0,54.0,52.0,53.0,53.0,2829429300,-3.6364,3.7037
GOTO.JK,2024-08-01,53.0,54.0,52.0,53.0,53.0,1425057600,0.0,3.7736
GOTO.JK,2024-08-02,52.0,53.0,51.0,53.0,53.0,2195681200,0.0,3.8462
GOTO.JK,2024-08-05,52.0,52.0,50.0,51.0,51.0,5466579700,-3.7736,3.8462
GOTO.JK,2024-08-06,51.0,51.0,50.0,50.0,50.0,1271351800,-1.9608,1.9608
GOTO.JK,2024-08-07,51.0,51.0,50.0,50.0,50.0,1579478100,0.0,1.9608
GOTO.JK,2024-08-08,51.0,51.0,50.0,50.0,50.0,1628260800,0.0,1.9608
GOTO.JK,2024-08-09,51.0,51.0,50.0,51.0,51.0,1813186600,2.0,1.9608
GOTO.JK,2024-08-12,51.0,53.0,50.0,51.0,51.0,4394672600,0.0,5.8824
GOTO.JK,2024-08-13,51.0,53.0,51.0,52.0,52.0,1774401600,1.9608,3.9216
GOTO.JK,2024-08-14,53.0,55.0,52.0,53.0,53.0,3005755000,1.9231,5.6604
GOTO.JK,2024-08-15,53.0,54.0,52.0,54.0,54.0,1473984200,1.8868,3.7736
GOTO.JK,2024-08-16,54.0,54.0,53.0,54.0,54.0,750364500,0.0,1.8519
GOTO.JK,2024-08-19,54.0,54.0,53.0,54.0,54.0,1171542100,0.0,1.8519
GOTO.JK,2024-08-20,54.0,55.0,53.0,53.0,53.0,2776781200,-1.8519,3.7037
GOTO.JK,2024-08-21,53.0,55.0,52.0,53.0,53.0,3026388200,0.0,5.6604
GOTO.JK,2024-08-22,53.0,53.0,51.0,52.0,52.0,1177448900,-1.8868,3.7736
GOTO.JK,2024-08-23,51.0,53.0,51.0,53.0,53.0,994970600,1.9231,3.9216
GOTO.JK,2024-08-26,52.0,53.0,51.0,52.0,52.0,1106182300,-1.8868,3.8462
GOTO.JK,2024-08-27,52.0,52.0,51.0,52.0,52.0,1212024600,0.0,1.9231
GOTO.JK,2024-08-28,52.0,52.0,51.0,51.0,51.0,1305362100,-1.9231,1.9231
GOTO.JK,2024-08-29,51.0,52.0,51.0,51.0,51.0,1221450500,0.0,1.9608
GOTO.JK,2024-08-30,51.0,53.0,50.0,52.0,52.0,4089429400,1.9608,5.8824
GOTO.JK,2024-09-02,52.0,53.0,52.0,53.0,53.0,962397500,1.9231,1.9231
GOTO.JK,2024-09-03,52.0,54.0,52.0,52.0,52.0,1070903100,-1.8868,3.8462
GOTO.JK,2024-09-04,52.0,53.0,51.0,52.0,52.0,978460800,0.0,3.8462
GOTO.JK,2024-09-05,52.0,53.0,51.0,52.0,52.0,574750300,0.0,3.8462
GOTO.JK,2024-09-06,52.0,53.0,51.0,53.0,53.0,884911500,1.9231,3.8462
GOTO.JK,2024-09-09,52.0,53.0,52.0,53.0,53.0,1442505400,0.0,1.9231
GOTO.JK,2024-09-10,52.0,57.0,52.0,56.0,56.0,7341565100,5.6604,9.6154
GOTO.JK,2024-09-11,56.0,56.0,54.0,56.0,56.0,2387567400,0.0,3.5714
GOTO.JK,2024-09-12,56.0,61.0,55.0,60.0,60.0,11073380400,7.1429,10.7143
GOTO.JK,2024-09-13,60.0,63.0,60.0,61.0,61.0,4312534900,1.6667,5.0
GOTO.JK,2024-09-17,62.0,67.0,62.0,65.0,65.0,7405920400,6.5574,8.0645
GOTO.JK,2024-09-18,66.0,68.0,60.0,61.0,61.0,8963789100,-6.1538,12.1212
GOTO.JK,2024-09-19,61.0,63.0,58.0,63.0,63.0,8638630900,3.2787,8.1967
GOTO.JK,2024-09-20,64.0,65.0,59.0,63.0,63.0,11110626400,0.0,9.375
GOTO.JK,2024-09-23,63.0,67.0,62.0,65.0,65.0,5423426400,3.1746,7.9365
GOTO.JK,2024-09-24,65.0,66.0,63.0,63.0,63.0,3544257900,-3.0769,4.6154
GOTO.JK,2024-09-25,63.0,68.0,62.0,66.0,66.0,10780374700,4.7619,9.5238
GOTO.JK,2024-09-26,67.0,70.0,66.0,70.0,70.0,6195847400,6.0606,5.9701
GOTO.JK,2024-09-27,69.0,72.0,66.0,70.0,70.0,6318881200,0.0,8.6957
GOTO.JK,2024-09-30,70.0,70.0,66.0,66.0,66.0,6003849900,-5.7143,5.7143
GOTO.JK,2024-10-01,67.0,68.0,66.0,67.0,67.0,2147891100,1.5152,2.9851
GOTO.JK,2024-10-02,67.0,68.0,63.0,65.0,65.0,5047793900,-2.9851,7.4627
GOTO.JK,2024-10-03,65.0,66.0,62.0,64.0,64.0,3526729900,-1.5385,6.1538
GOTO.JK,2024-10-04,62.0,62.0,58.0,60.0,60.0,8902101600,-6.25,6.4516
GOTO.JK,2024-10-07,60.0,62.0,59.0,60.0,60.0,4869564800,0.0,5.0
GOTO.JK,2024-10-08,60.0,61.0,59.0,60.0,60.0,2124278900,0.0,3.3333
GOTO.JK,2024-10-09,60.0,61.0,59.0,60.0,60.0,1532427800,0.0,3.3333
GOTO.JK,2024-10-10,60.0,61.0,59.0,60.0,60.0,1505316200,0.0,3.3333
GOTO.JK,2024-10-11,59.0,61.0,59.0,60.0,60.0,1368235600,0.0,3.3898
GOTO.JK,2024-10-14,60.0,66.0,60.0,65.0,65.0,4964790700,8.3333,10.0
GOTO.JK,2024-10-15,65.0,66.0,64.0,66.0,66.0,3540081600,1.5385,3.0769
GOTO.JK,2024-10-16,65.0,68.0,64.0,68.0,68.0,4213989600,3.0303,6.1538
GOTO.JK,2024-10-17,67.0,68.0,66.0,68.0,68.0,2305911400,0.0,2.9851
GOTO.JK,2024-10-18,67.0,68.0,66.0,68.0,68.0,1664544100,0.0,2.9851
GOTO.JK,2024-10-21,67.0,69.0,66.0,68.0,68.0,3803288400,0.0,4.4776
GOTO.JK,2024-10-22,68.0,72.0,68.0,72.0,72.0,8838490300,5.8824,5.8824
GOTO.JK,2024-10-23,72.0,74.0,71.0,74.0,74.0,4433473900,2.7778,4.1667
GOTO.JK,2024-10-24,74.0,74.0,72.0,72.0,72.0,2954179200,-2.7027,2.7027
GOTO.JK,2024-10-25,72.0,73.0,70.0,70.0,70.0,3097612300,-2.7778,4.1667
GOTO.JK,2024-10-28,70.0,70.0,67.0,68.0,68.0,3395966100,-2.8571,4.2857
GOTO.JK,2024-10-29,69.0,70.0,68.0,70.0,70.0,2778898900,2.9412,2.8986
GOTO.JK,2024-10-30,70.0,71.0,69.0,71.0,71.0,1913545300,1.4286,2.8571
GOTO.JK,2024-10-31,71.0,71.0,67.0,68.0,68.0,4357477500,-4.2254,5.6338
GOTO.JK,2024-11-01,68.0,70.0,67.0,68.0,68.0,2045930500,0.0,4.4118
GOTO.JK,2024-11-04,68.0,69.0,65.0,65.0,65.0,4573255700,-4.4118,5.8824
GOTO.JK,2024-11-05,65.0,66.0,64.0,66.0,66.0,2670744200,1.5385,3.0769
GOTO.JK,2024-11-06,66.0,67.0,62.0,64.0,64.0,3705990300,-3.0303,7.5758
GOTO.JK,2024-11-07,63.0,64.0,61.0,61.0,61.0,2631644600,-4.6875,4.7619
GOTO.JK,2024-11-08,62.0,65.0,61.0,63.0,63.0,2205440500,3.2787,6.4516
GOTO.JK,2024-11-11,64.0,67.0,64.0,65.0,65.0,2651146000,3.1746,4.6875
GOTO.JK,2024-11-12,66.0,69.0,65.0,68.0,68.0,3331831800,4.6154,6.0606
GOTO.JK,2024-11-13,69.0,71.0,67.0,67.0,67.0,2657887100,-1.4706,5.7971
GOTO.JK,2024-11-14,68.0,68.0,65.0,65.0,65.0,2681785300,-2.9851,4.4118
GOTO.JK,2024-11-15,65.0,66.0,62.0,64.0,64.0,2473614200,-1.5385,6.1538
GOTO.JK,2024-11-18,64.0,69.0,63.0,68.0,68.0,3951518500,6.25,9.375
GOTO.JK,2024-11-19,69.0,75.0,68.0,74.0,74.0,7367676100,8.8235,10.1449
GOTO.JK,2024-11-20,74.0,74.0,71.0,72.0,72.0,4336619600,-2.7027,4.0541
GOTO.JK,2024-11-21,71.0,74.0,71.0,72.0,72.0,3043522600,0.0,4.2254
GOTO.JK,2024-11-22,74.0,79.0,74.0,78.0,78.0,9288446300,8.3333,6.7568
GOTO.JK,2024-11-25,78.0,78.0,74.0,76.0,76.0,10068829100,-2.5641,5.1282
GOTO.JK,2024-11-26,77.0,77.0,74.0,74.0,74.0,3858695500,-2.6316,3.8961
GOTO.JK,2024-11-28,75.0,76.0,71.0,72.0,72.0,5724835500,-2.7027,6.6667
GOTO.JK,2024-11-29,72.0,73.0,68.0,71.0,71.0,7015945300,-1.3889,6.9444
GOTO.JK,2024-12-02,70.0,71.0,68.0,70.0,70.0,3384985600,-1.4085,4.2857
GOTO.JK,2024-12-03,71.0,77.0,71.0,75.0,75.0,5210483900,7.1429,8.4507
GOTO.JK,2024-12-04,75.0,78.0,75.0,75.0,75.0,3628567400,0.0,4.0
GOTO.JK,2024-12-05,75.0,76.0,74.0,75.0,75.0,1739195300,0.0,2.6667
GOTO.JK,2024-12-06,75.0,78.0,75.0,77.0,77.0,2802568300,2.6667,4.0
GOTO.JK,2024-12-09,77.0,81.0,77.0,78.0,78.0,9579731800,1.2987,5.1948
GOTO.JK,2024-12-10,80.0,80.0,78.0,80.0,80.0,3660168500,2.5641,2.5
GOTO.JK,2024-12-11,80.0,80.0,76.0,78.0,78.0,8201886200,-2.5,5.0
GOTO.JK,2024-12-12,78.0,79.0,76.0,77.0,77.0,2409227600,-1.2821,3.8462
GOTO.JK,2024-12-13,77.0,77.0,75.0,76.0,76.0,2382654100,-1.2987,2.5974
GOTO.JK,2024-12-16,76.0,77.0,71.0,72.0,72.0,7281091500,-5.2632,7.8947
GOTO.JK,2024-12-17,72.0,73.0,69.0,70.0,70.0,5149706600,-2.7778,5.5556
GOTO.JK,2024-12-18,70.0,72.0,69.0,70.0,70.0,1909298200,0.0,4.2857
GOTO.JK,2024-12-19,69.0,70.0,67.0,68.0,68.0,3854282200,-2.8571,4.3478
GOTO.JK,2024-12-20,69.0,71.0,68.0,69.0,69.0,2981674400,1.4706,4.3478
GOTO.JK,2024-12-23,70.0,72.0,69.0,71.0,71.0,3155772300,2.8986,4.2857
GOTO.JK,2024-12-24,72.0,72.0,68.0,68.0,68.0,1467603700,-4.2254,5.5556
GOTO.JK,2024-12-27,69.0,69.0,62.0,63.0,63.0,5994574800,-7.3529,10.1449
GOTO.JK,2024-12-30,63.0,70.0,63.0,70.0,70.0,6484986000,11.1111,11.1111
GOTO.JK,2025-01-02,68.0,72.0,67.0,71.0,71.0,3843585700,1.4286,7.3529
GOTO.JK,2025-01-03,71.0,78.0,70.0,78.0,78.0,6984717600,9.8592,11.2676
GOTO.JK,2025-01-06,77.0,84.0,77.0,80.0,80.0,8687120000,2.5641,9.0909
GOTO.JK,2025-01-07,81.0,82.0,78.0,80.0,80.0,4000212600,0.0,4.9383
GOTO.JK,2025-01-08,80.0,82.0,78.0,80.0,80.0,3167409900,0.0,5.0
GOTO.JK,2025-01-09,81.0,81.0,78.0,80.0,80.0,3028169300,0.0,3.7037
GOTO.JK,2025-01-10,80.0,83.0,78.0,81.0,81.0,4224089600,1.25,6.25
GOTO.JK,2025-01-13,80.0,81.0,79.0,79.0,79.0,2078651200,-2.4691,2.5
GOTO.JK,2025-01-14,79.0,81.0,79.0,80.0,80.0,2006622900,1.2658,2.5316
GOTO.JK,2025-01-15,80.0,82.0,79.0,80.0,80.0,2108100100,0.0,3.75
GOTO.JK,2025-01-16,81.0,82.0,80.0,80.0,80.0,1564795000,0.0,2.4691
GOTO.JK,2025-01-17,80.0,85.0,80.0,84.0,84.0,5769234700,5.0,6.25
GOTO.JK,2025-01-20,85.0,89.0,85.0,86.0,86.0,5671240400,2.381,4.7059
GOTO.JK,2025-01-21,86.0,88.0,82.0,84.0,84.0,5075992000,-2.3256,6.9767
GOTO.JK,2025-01-22,83.0,85.0,82.0,84.0,84.0,3464820500,0.0,3.6145
GOTO.JK,2025-01-23,84.0,87.0,84.0,86.0,86.0,2653410400,2.381,3.5714
GOTO.JK,2025-01-24,86.0,87.0,83.0,83.0,83.0,2101549200,-3.4884,4.6512
GOTO.JK,2025-01-30,82.0,83.0,78.0,80.0,80.0,4552402800,-3.6145,6.0976
GOTO.JK,2025-01-31,81.0,83.0,80.0,81.0,81.0,2575817200,1.25,3.7037
GOTO.JK,2025-02-03,80.0,81.0,78.0,81.0,81.0,2865844900,0.0,3.75
GOTO.JK,2025-02-04,81.0,89.0,81.0,87.0,87.0,11625310100,7.4074,9.8765
GOTO.JK,2025-02-05,85.0,87.0,81.0,85.0,85.0,13168298900,-2.2989,7.0588
GOTO.JK,2025-02-06,85.0,85.0,81.0,83.0,83.0,4886877200,-2.3529,4.7059
GOTO.JK,2025-02-07,82.0,84.0,81.0,83.0,83.0,3650957400,0.0,3.6585
GOTO.JK,2025-02-10,83.0,83.0,81.0,82.0,82.0,3620780200,-1.2048,2.4096
GOTO.JK,2025-02-11,83.0,84.0,81.0,81.0,81.0,2221938900,-1.2195,3.6145
GOTO.JK,2025-02-12,81.0,83.0,81.0,83.0,83.0,1670297200,2.4691,2.4691
GOTO.JK,2025-02-13,83.0,84.0,81.0,81.0,81.0,2364592900,-2.4096,3.6145
GOTO.JK,2025-02-14,82.0,82.0,80.0,81.0,81.0,1533596400,0.0,2.439
GOTO.JK,2025-02-17,82.0,83.0,80.0,82.0,82.0,1685080300,1.2346,3.6585
GOTO.JK,2025-02-18,82.0,82.0,79.0,79.0,79.0,3687312400,-3.6585,3.6585
GOTO.JK,2025-02-19,79.0,80.0,78.0,80.0,80.0,2682124600,1.2658,2.5316
GOTO.JK,2025-02-20,80.0,80.0,78.0,80.0,80.0,2207569800,0.0,2.5
GOTO.JK,2025-02-21,79.0,82.0,78.0,80.0,80.0,3030158100,0.0,5.0633
GOTO.JK,2025-02-24,80.0,81.0,79.0,79.0,79.0,1005073500,-1.25,2.5
GOTO.JK,2025-02-25,80.0,81.0,76.0,78.0,78.0,3491481000,-1.2658,6.25
GOTO.JK,2025-02-26,79.0,79.0,74.0,77.0,77.0,2716005900,-1.2821,6.3291
GOTO.JK,2025-02-27,77.0,78.0,72.0,76.0,76.0,4641603500,-1.2987,7.7922
GOTO.JK,2025-02-28,74.0,75.0,72.0,75.0,75.0,4358754600,-1.3158,4.0541
GOTO.JK,2025-03-03,75.0,80.0,75.0,80.0,80.0,3802566200,6.6667,6.6667
GOTO.JK,2025-03-04,79.0,80.0,76.0,77.0,77.0,2989084100,-3.75,5.0633
GOTO.JK,2025-03-05,77.0,82.0,77.0,82.0,82.0,3316313300,6.4935,6.4935
GOTO.JK,2025-03-06,82.0,83.0,80.0,82.0,82.0,2348761400,0.0,3.6585
GOTO.JK,2025-03-07,82.0,86.0,80.0,86.0,86.0,9974932800,4.878,7.3171
GOTO.JK,2025-03-10,85.0,87.0,83.0,85.0,85.0,3777386900,-1.1628,4.7059
GOTO.JK,2025-03-11,83.0,83.0,80.0,80.0,80.0,4452211100,-5.8824,3.6145
GOTO.JK,2025-03-12,80.0,83.0,79.0,83.0,83.0,3425290800,3.75,5.0
GOTO.JK,2025-03-13,84.0,85.0,81.0,81.0,81.0,3933883400,-2.4096,4.7619
GOTO.JK,2025-03-14,81.0,81.0,78.0,80.0,80.0,2546497300,-1.2346,3.7037
GOTO.JK,2025-03-17,80.0,81.0,78.0,79.0,79.0,1845752600,-1.25,3.75
GOTO.JK,2025-03-18,80.0,84.0,76.0,83.0,83.0,5453812000,5.0633,10.0
GOTO.JK,2025-03-19,84.0,84.0,81.0,82.0,82.0,1481073200,-1.2048,3.5714
GOTO.JK,2025-03-20,83.0,83.0,80.0,81.0,81.0,2228311200,-1.2195,3.6145
GOTO.JK,2025-03-21,81.0,81.0,79.0,81.0,81.0,5413267700,0.0,2.4691
GOTO.JK,2025-03-24,82.0,82.0,77.0,80.0,80.0,1942655600,-1.2346,6.0976
GOTO.JK,2025-03-25,80.0,81.0,78.0,79.0,79.0,1367054700,-1.25,3.75
GOTO.JK,2025-03-26,80.0,84.0,79.0,83.0,83.0,4437898700,5.0633,6.25
GOTO.JK,2025-03-27,82.0,83.0,81.0,83.0,83.0,1596472600,0.0,2.439
GOTO.JK,2025-04-08,71.0,73.0,71.0,71.0,71.0,5022688100,-14.4578,2.8169
GOTO.JK,2025-04-09,69.0,74.0,67.0,67.0,67.0,4370283500,-5.6338,10.1449
GOTO.JK,2025-04-10,74.0,78.0,74.0,76.0,76.0,4632030000,13.4328,5.4054
GOTO.JK,2025-04-11,74.0,78.0,73.0,77.0,77.0,1936217500,1.3158,6.7568
GOTO.JK,2025-04-14,78.0,82.0,77.0,80.0,80.0,3970258000,3.8961,6.4103
GOTO.JK,2025-04-15,81.0,81.0,77.0,79.0,79.0,3335040400,-1.25,4.9383
GOTO.JK,2025-04-16,79.0,80.0,77.0,80.0,80.0,2414261800,1.2658,3.7975
GOTO.JK,2025-04-17,80.0,80.0,78.0,80.0,80.0,1924884700,0.0,2.5
GOTO.JK,2025-04-21,80.0,80.0,78.0,79.0,79.0,647913400,-1.25,2.5
GOTO.JK,2025-04-22,79.0,80.0,78.0,79.0,79.0,1200646700,0.0,2.5316
GOTO.JK,2025-04-23,80.0,81.0,79.0,80.0,80.0,2618496700,1.2658,2.5
GOTO.JK,2025-04-24,80.0,82.0,79.0,80.0,80.0,2750378200,0.0,3.75
GOTO.JK,2025-04-25,81.0,84.0,80.0,84.0,84.0,3960768900,5.0,4.9383
GOTO.JK,2025-04-28,84.0,84.0,81.0,82.0,82.0,2033004200,-2.381,3.5714
GOTO.JK,2025-04-29,83.0,86.0,82.0,85.0,85.0,4306411800,3.6585,4.8193
GOTO.JK,2025-04-30,85.0,87.0,83.0,85.0,85.0,5131656000,0.0,4.7059
GOTO.JK,2025-05-02,85.0,86.0,82.0,82.0,82.0,2627450200,-3.5294,4.7059
GOTO.JK,2025-05-05,83.0,84.0,81.0,83.0,83.0,4625567400,1.2195,3.6145
GOTO.JK,2025-05-06,83.0,84.0,82.0,83.0,83.0,1579521600,0.0,2.4096
GOTO.JK,2025-05-07,83.0,84.0,82.0,84.0,84.0,2030868500,1.2048,2.4096
GOTO.JK,2025-05-08,85.0,87.0,81.0,81.0,81.0,8497274400,-3.5714,7.0588
GOTO.JK,2025-05-09,82.0,83.0,80.0,81.0,81.0,3082520800,0.0,3.6585
GOTO.JK,2025-05-14,81.0,83.0,78.0,79.0,79.0,6907580600,-2.4691,6.1728
GOTO.JK,2025-05-15,79.0,79.0,71.0,73.0,73.0,13596210000,-7.5949,10.1266
GOTO.JK,2025-05-16,74.0,76.0,72.0,73.0,73.0,6456256600,0.0,5.4054
GOTO.JK,2025-05-19,73.0,73.0,70.0,71.0,71.0,6453126500,-2.7397,4.1096
GOTO.JK,2025-05-20,71.0,73.0,70.0,72.0,72.0,5141754300,1.4085,4.2254
GOTO.JK,2025-05-21,72.0,73.0,70.0,70.0,70.0,6245922300,-2.7778,4.1667
GOTO.JK,2025-05-22,71.0,72.0,70.0,72.0,72.0,3954705700,2.8571,2.8169
GOTO.JK,2025-05-23,71.0,72.0,71.0,72.0,72.0,1138400000,0.0,1.4085
GOTO.JK,2025-05-26,72.0,72.0,64.0,68.0,68.0,14901151700,-5.5556,11.1111
GOTO.JK,2025-05-27,68.0,68.0,64.0,66.0,66.0,9144531100,-2.9412,5.8824
GOTO.JK,2025-05-28,67.0,67.0,62.0,64.0,64.0,10590370000,-3.0303,7.4627
GOTO.JK,2025-06-02,66.0,66.0,61.0,62.0,62.0,6575164000,-3.125,7.5758
GOTO.JK,2025-06-03,62.0,63.0,60.0,62.0,62.0,4777848900,0.0,4.8387
GOTO.JK,2025-06-04,62.0,65.0,61.0,62.0,62.0,4930864400,0.0,6.4516
GOTO.JK,2025-06-05,62.0,63.0,61.0,61.0,61.0,2076518800,-1.6129,3.2258
GOTO.JK,2025-06-10,62.0,67.0,62.0,66.0,66.0,8602718000,8.1967,8.0645
GOTO.JK,2025-06-11,66.0,68.0,65.0,68.0,68.0,5158880500,3.0303,4.5455
GOTO.JK,2025-06-12,68.0,68.0,66.0,67.0,67.0,3337707200,-1.4706,2.9412
GOTO.JK,2025-06-13,67.0,67.0,64.0,64.0,64.0,4201016500,-4.4776,4.4776
GOTO.JK,2025-06-16,64.0,65.0,63.0,64.0,64.0,2745897400,0.0,3.125
GOTO.JK,2025-06-17,64.0,65.0,63.0,64.0,64.0,1211113800,0.0,3.125
GOTO.JK,2025-06-18,64.0,65.0,63.0,63.0,63.0,2434505700,-1.5625,3.125
GOTO.JK,2025-06-19,63.0,64.0,60.0,61.0,61.0,3974585500,-3.1746,6.3492
GOTO.JK,2025-06-20,61.0,62.0,58.0,59.0,59.0,11574545200,-3.2787,6.5574
GOTO.JK,2025-06-23,58.0,58.0,55.0,57.0,57.0,6601755900,-3.3898,5.1724
GOTO.JK,2025-06-24,58.0,61.0,57.0,57.0,57.0,4670232000,0.0,6.8966
GOTO.JK,2025-06-25,58.0,59.0,57.0,59.0,59.0,2379301100,3.5088,3.4483
GOTO.JK,2025-06-26,59.0,60.0,57.0,60.0,60.0,1759199400,1.6949,5.0847
GOTO.JK,2025-06-30,61.0,61.0,58.0,58.0,58.0,3299879000,-3.3333,4.918
GOTO.JK,2025-07-01,59.0,59.0,58.0,59.0,59.0,1089836500,1.7241,1.6949
GOTO.JK,2025-07-02,58.0,59.0,56.0,57.0,57.0,4064954000,-3.3898,5.1724
GOTO.JK,2025-07-03,57.0,59.0,57.0,57.0,57.0,3172744900,0.0,3.5088
GOTO.JK,2025-07-04,57.0,60.0,57.0,59.0,59.0,2412187900,3.5088,5.2632
GOTO.JK,2025-07-07,60.0,60.0,58.0,60.0,60.0,1635911400,1.6949,3.3333
GOTO.JK,2025-07-08,60.0,60.0,58.0,60.0,60.0,1498231100,0.0,3.3333
GOTO.JK,2025-07-09,59.0,60.0,58.0,59.0,59.0,1312539300,-1.6667,3.3898
GOTO.JK,2025-07-10,60.0,60.0,59.0,60.0,60.0,859690100,1.6949,1.6667
GOTO.JK,2025-07-11,60.0,60.0,59.0,59.0,59.0,880783400,-1.6667,1.6667
GOTO.JK,2025-07-14,59.0,60.0,58.0,59.0,59.0,2366012400,0.0,3.3898
GOTO.JK,2025-07-15,59.0,60.0,58.0,59.0,59.0,2225600700,0.0,3.3898
GOTO.JK,2025-07-16,59.0,60.0,58.0,59.0,59.0,1317626000,0.0,3.3898
GOTO.JK,2025-07-17,60.0,61.0,59.0,60.0,60.0,3100097700,1.6949,3.3333
GOTO.JK,2025-07-18,60.0,61.0,56.0,58.0,58.0,8325688300,-3.3333,8.3333
GOTO.JK,2025-07-21,58.0,59.0,56.0,57.0,57.0,3164740000,-1.7241,5.1724
GOTO.JK,2025-07-22,57.0,59.0,57.0,58.0,58.0,2602475000,1.7544,3.5088
GOTO.JK,2025-07-23,58.0,60.0,58.0,60.0,60.0,3746275900,3.4483,3.4483
GOTO.JK,2025-07-24,59.0,60.0,58.0,59.0,59.0,3405743000,-1.6667,3.3898
GOTO.JK,2025-07-25,59.0,59.0,57.0,58.0,58.0,5090425000,-1.6949,3.3898
GOTO.JK,2025-07-28,58.0,60.0,58.0,59.0,59.0,3567335000,1.7241,3.4483
GOTO.JK,2025-07-29,59.0,60.0,58.0,59.0,59.0,1423009300,0.0,3.3898
GOTO.JK,2025-07-30,59.0,64.0,58.0,64.0,64.0,6540042400,8.4746,10.1695
GOTO.JK,2025-07-31,65.0,66.0,63.0,65.0,65.0,6524608400,1.5625,4.6154
GOTO.JK,2025-08-01,65.0,67.0,63.0,65.0,65.0,3039895900,0.0,6.1538
GOTO.JK,2025-08-04,65.0,65.0,63.0,63.0,63.0,1964634100,-3.0769,3.0769
GOTO.JK,2025-08-05,64.0,65.0,63.0,65.0,65.0,1329202900,3.1746,3.125
GOTO.JK,2025-08-06,65.0,66.0,64.0,65.0,65.0,1312113200,0.0,3.0769
GOTO.JK,2025-08-07,65.0,66.0,63.0,63.0,63.0,2490347000,-3.0769,4.6154
GOTO.JK,2025-08-08,63.0,64.0,61.0,62.0,62.0,1944611300,-1.5873,4.7619
GOTO.JK,2025-08-11,62.0,63.0,61.0,62.0,62.0,1588434100,0.0,3.2258
GOTO.JK,2025-08-12,62.0,65.0,62.0,65.0,65.0,1752940900,4.8387,4.8387
GOTO.JK,2025-08-13,67.0,67.0,63.0,64.0,64.0,3230631400,-1.5385,5.9701
GOTO.JK,2025-08-14,65.0,66.0,62.0,62.0,62.0,3815954900,-3.125,6.1538
GOTO.JK,2025-08-15,63.0,63.0,61.0,62.0,62.0,2688001200,0.0,3.1746
GOTO.JK,2025-08-19,63.0,63.0,59.0,61.0,61.0,4700675900,-1.6129,6.3492
GOTO.JK,2025-08-20,61.0,61.0,60.0,61.0,61.0,1633624900,0.0,1.6393
GOTO.JK,2025-08-21,61.0,62.0,59.0,61.0,61.0,2876999000,0.0,4.918
GOTO.JK,2025-08-22,60.0,62.0,60.0,61.0,61.0,2296673100,0.0,3.3333
GOTO.JK,2025-08-25,61.0,62.0,60.0,60.0,60.0,1569532300,-1.6393,3.2787
GOTO.JK,2025-08-26,60.0,61.0,59.0,61.0,61.0,7395943700,1.6667,3.3333
GOTO.JK,2025-08-27,61.0,61.0,60.0,60.0,60.0,1096892600,-1.6393,1.6393
GOTO.JK,2025-08-28,60.0,60.0,59.0,59.0,59.0,911818300,-1.6667,1.6667
GOTO.JK,2025-08-29,60.0,60.0,58.0,58.0,58.0,3597693700,-1.6949,3.3333
GOTO.JK,2025-09-01,57.0,58.0,56.0,58.0,58.0,2405006300,0.0,3.5088
GOTO.JK,2025-09-02,58.0,59.0,57.0,58.0,58.0,1376538200,0.0,3.4483
GOTO.JK,2025-09-03,58.0,59.0,57.0,58.0,58.0,1273540500,0.0,3.4483
GOTO.JK,2025-09-04,58.0,59.0,57.0,59.0,59.0,1621019900,1.7241,3.4483
GOTO.JK,2025-09-08,59.0,60.0,58.0,58.0,58.0,1947303100,-1.6949,3.3898
GOTO.JK,2025-09-09,58.0,58.0,56.0,56.0,56.0,3224398200,-3.4483,3.4483
GOTO.JK,2025-09-10,57.0,57.0,56.0,56.0,56.0,1414873900,0.0,1.7544
GOTO.JK,2025-09-11,57.0,58.0,56.0,57.0,57.0,2362188800,1.7857,3.5088
GOTO.JK,2025-09-12,57.0,58.0,56.0,57.0,57.0,1246327000,0.0,3.5088
GOTO.JK,2025-09-15,57.0,58.0,56.0,57.0,57.0,1680677100,0.0,3.5088
GOTO.JK,2025-09-16,57.0,57.0,55.0,57.0,57.0,5081307500,0.0,3.5088
GOTO.JK,2025-09-17,56.0,57.0,56.0,57.0,57.0,1490814900,0.0,1.7857
GOTO.JK,2025-09-18,57.0,58.0,55.0,56.0,56.0,3626324000,-1.7544,5.2632
GOTO.JK,2025-09-19,56.0,56.0,55.0,55.0,55.0,8566178900,-1.7857,1.7857
GOTO.JK,2025-09-22,55.0,55.0,54.0,54.0,54.0,2383689900,-1.8182,1.8182
GOTO.JK,2025-09-23,54.0,55.0,53.0,54.0,54.0,4157100100,0.0,3.7037
GOTO.JK,2025-09-24,54.0,54.0,53.0,53.0,53.0,1352485600,-1.8519,1.8519
GOTO.JK,2025-09-25,53.0,57.0,53.0,55.0,55.0,6438375700,3.7736,7.5472
GOTO.JK,2025-09-26,55.0,57.0,55.0,57.0,57.0,3564352500,3.6364,3.6364
GOTO.JK,2025-09-29,57.0,58.0,56.0,56.0,56.0,1739822200,-1.7544,3.5088
GOTO.JK,2025-09-30,56.0,57.0,54.0,54.0,54.0,3758567500,-3.5714,5.3571
GOTO.JK,2025-10-01,55.0,55.0,53.0,55.0,55.0,3502080800,1.8519,3.6364
GOTO.JK,2025-10-02,55.0,55.0,54.0,54.0,54.0,1790087100,-1.8182,1.8182
GOTO.JK,2025-10-03,55.0,58.0,54.0,57.0,57.0,8175859900,5.5556,7.2727
GOTO.JK,2025-10-06,58.0,60.0,57.0,57.0,57.0,4529777600,0.0,5.1724
GOTO.JK,2025-10-07,57.0,58.0,56.0,56.0,56.0,2119953500,-1.7544,3.5088
GOTO.JK,2025-10-08,57.0,57.0,55.0,56.0,56.0,985459900,0.0,3.5088
GOTO.JK,2025-10-09,56.0,56.0,55.0,55.0,55.0,1552248700,-1.7857,1.7857
GOTO.JK,2025-10-10,56.0,56.0,54.0,54.0,54.0,1869557400,-1.8182,3.5714
GOTO.JK,2025-10-13,54.0,56.0,54.0,55.0,55.0,2250752100,1.8519,3.7037
GOTO.JK,2025-10-14,55.0,56.0,54.0,55.0,55.0,3714251200,0.0,3.6364
GOTO.JK,2025-10-15,55.0,56.0,54.0,54.0,54.0,2080781400,-1.8182,3.6364
GOTO.JK,2025-10-16,55.0,56.0,54.0,55.0,55.0,1139962100,1.8519,3.6364
GOTO.JK,2025-10-17,55.0,56.0,54.0,55.0,55.0,2350367900,0.0,3.6364
GOTO.JK,2025-10-20,55.0,56.0,54.0,55.0,55.0,3051389000,0.0,3.6364
GOTO.JK,2025-10-21,55.0,56.0,54.0,56.0,56.0,1916916800,1.8182,3.6364
GOTO.JK,2025-10-22,56.0,56.0,54.0,54.0,54.0,1072230600,-3.5714,3.5714
GOTO.JK,2025-10-23,55.0,56.0,54.0,56.0,56.0,1122900600,3.7037,3.6364
GOTO.JK,2025-10-24,56.0,56.0,55.0,55.0,55.0,865633200,-1.7857,1.7857
GOTO.JK,2025-10-27,56.0,57.0,54.0,55.0,55.0,5325151600,0.0,5.3571
GOTO.JK,2025-10-28,54.0,56.0,54.0,55.0,55.0,1717311400,0.0,3.7037
GOTO.JK,2025-10-29,55.0,56.0,55.0,56.0,56.0,924175800,1.8182,1.8182
GOTO.JK,2025-10-30,58.0,60.0,57.0,60.0,60.0,10550240400,7.1429,5.1724
GOTO.JK,2025-10-31,60.0,61.0,58.0,60.0,60.0,4058420600,0.0,5.0
GOTO.JK,2025-11-03,60.0,60.0,58.0,59.0,59.0,1787709700,-1.6667,3.3333
GOTO.JK,2025-11-04,59.0,60.0,57.0,57.0,57.0,2872514200,-3.3898,5.0847
GOTO.JK,2025-11-05,57.0,63.0,56.0,62.0,62.0,11797419300,8.7719,12.2807
GOTO.JK,2025-11-06,62.0,63.0,60.0,61.0,61.0,2792568800,-1.6129,4.8387
GOTO.JK,2025-11-07,61.0,63.0,60.0,61.0,61.0,3833751700,0.0,4.918
GOTO.JK,2025-11-10,64.0,69.0,64.0,67.0,67.0,14345482000,9.8361,7.8125
GOTO.JK,2025-11-11,68.0,70.0,65.0,67.0,67.0,10123937400,0.0,7.3529
GOTO.JK,2025-11-12,69.0,70.0,65.0,65.0,65.0,6511203800,-2.9851,7.2464
GOTO.JK,2025-11-13,65.0,66.0,63.0,64.0,64.0,5228092900,-1.5385,4.6154
GOTO.JK,2025-11-14,65.0,66.0,63.0,65.0,65.0,2688127300,1.5625,4.6154
GOTO.JK,2025-11-17,64.0,65.0,61.0,62.0,62.0,4772617200,-4.6154,6.25
GOTO.JK,2025-11-18,62.0,62.0,60.0,61.0,61.0,3441374500,-1.6129,3.2258
GOTO.JK,2025-11-19,61.0,61.0,59.0,60.0,60.0,3613895900,-1.6393,3.2787
GOTO.JK,2025-11-20,61.0,62.0,60.0,60.0,60.0,2875493100,0.0,3.2787
GOTO.JK,2025-11-21,60.0,64.0,60.0,64.0,64.0,5357554500,6.6667,6.6667
GOTO.JK,2025-11-24,65.0,68.0,64.0,65.0,65.0,12188506300,1.5625,6.1538
GOTO.JK,2025-11-25,66.0,66.0,64.0,65.0,65.0,2198091500,0.0,3.0303
GOTO.JK,2025-11-26,65.0,66.0,64.0,65.0,65.0,1781677400,0.0,3.0769
GOTO.JK,2025-11-27,64.0,66.0,63.0,65.0,65.0,2847805200,0.0,4.6875
GOTO.JK,2025-11-28,65.0,66.0,64.0,64.0,64.0,2270637900,-1.5385,3.0769
GOTO.JK,2025-12-01,64.0,67.0,64.0,67.0,67.0,4333478300,4.6875,4.6875
GOTO.JK,2025-12-02,67.0,67.0,64.0,65.0,65.0,4418422800,-2.9851,4.4776
GOTO.JK,2025-12-03,65.0,66.0,64.0,64.0,64.0,1956436600,-1.5385,3.0769
GOTO.JK,2025-12-04,64.0,65.0,64.0,64.0,64.0,1341546300,0.0,1.5625
GOTO.JK,2025-12-05,64.0,65.0,63.0,64.0,64.0,1794410100,0.0,3.125
GOTO.JK,2025-12-08,65.0,71.0,65.0,70.0,70.0,13380124800,9.375,9.2308
GOTO.JK,2025-12-09,72.0,73.0,69.0,71.0,71.0,6529828600,1.4286,5.5556
GOTO.JK,2025-12-10,72.0,72.0,69.0,70.0,70.0,3321535800,-1.4085,4.1667
GOTO.JK,2025-12-11,70.0,70.0,68.0,68.0,68.0,3956062600,-2.8571,2.8571
GOTO.JK,2025-12-12,69.0,69.0,65.0,66.0,66.0,6017508700,-2.9412,5.7971
GOTO.JK,2025-12-15,66.0,66.0,64.0,65.0,65.0,4882787900,-1.5152,3.0303
GOTO.JK,2025-12-16,65.0,69.0,64.0,68.0,68.0,7444003400,4.6154,7.6923
GOTO.JK,2025-12-17,68.0,68.0,65.0,66.0,66.0,2632440600,-2.9412,4.4118
GOTO.JK,2025-12-18,65.0,67.0,65.0,65.0,65.0,2169076500,-1.5152,3.0769
GOTO.JK,2025-12-19,65.0,66.0,64.0,65.0,65.0,4051737900,0.0,3.0769
GOTO.JK,2025-12-22,65.0,66.0,64.0,64.0,64.0,2113323700,-1.5385,3.0769
GOTO.JK,2025-12-23,65.0,65.0,63.0,64.0,64.0,2589105200,0.0,3.0769
GOTO.JK,2025-12-24,64.0,65.0,63.0,65.0,65.0,1422798300,1.5625,3.125
GOTO.JK,2025-12-29,65.0,65.0,64.0,64.0,64.0,3075824400,-1.5385,1.5385
GOTO.JK,2025-12-30,64.0,65.0,64.0,64.0,64.0,2456893000,0.0,1.5625
GOTO.JK,2026-01-02,64.0,69.0,63.0,69.0,69.0,7020202800,7.8125,9.375
GOTO.JK,2026-01-05,69.0,71.0,67.0,68.0,68.0,8987343900,-1.4493,5.7971
GOTO.JK,2026-01-06,68.0,70.0,67.0,68.0,68.0,3387609800,0.0,4.4118
GOTO.JK,2026-01-07,68.0,69.0,66.0,67.0,67.0,4281637900,-1.4706,4.4118
GOTO.JK,2026-01-08,67.0,67.0,65.0,66.0,66.0,2604022900,-1.4925,2.9851
GOTO.JK,2026-01-09,66.0,67.0,65.0,66.0,66.0,3299187600,0.0,3.0303
GOTO.JK,2026-01-12,67.0,67.0,65.0,66.0,66.0,3384389300,0.0,2.9851
GOTO.JK,2026-01-13,66.0,68.0,65.0,67.0,67.0,3132891700,1.5152,4.5455
GOTO.JK,2026-01-14,68.0,73.0,68.0,69.0,69.0,18437372600,2.9851,7.3529
GOTO.JK,2026-01-15,69.0,70.0,67.0,68.0,68.0,5561512700,-1.4493,4.3478
GOTO.JK,2026-01-19,67.0,68.0,65.0,66.0,66.0,7028239800,-2.9412,4.4776
GOTO.JK,2026-01-20,66.0,68.0,65.0,66.0,66.0,5220116600,0.0,4.5455
GOTO.JK,2026-01-21,65.0,66.0,64.0,64.0,64.0,7269276700,-3.0303,3.0769
GOTO.JK,2026-01-22,64.0,65.0,61.0,62.0,62.0,8304665000,-3.125,6.25
GOTO.JK,2026-01-23,62.0,62.0,58.0,60.0,60.0,8845549400,-3.2258,6.4516
GOTO.JK,2026-01-26,60.0,62.0,59.0,60.0,60.0,4896210800,0.0,5.0
GOTO.JK,2026-01-27,60.0,65.0,58.0,65.0,65.0,12307760600,8.3333,11.6667
GOTO.JK,2026-01-28,62.0,64.0,58.0,60.0,60.0,10963550000,-7.6923,9.6774
GOTO.JK,2026-01-29,60.0,63.0,55.0,63.0,63.0,15220468500,5.0,13.3333
GOTO.JK,2026-01-30,63.0,64.0,62.0,64.0,64.0,4190742000,1.5873,3.1746
GOTO.JK,2026-02-02,64.0,64.0,60.0,61.0,61.0,4681091200,-4.6875,6.25
GOTO.JK,2026-02-03,61.0,63.0,61.0,62.0,62.0,2063709800,1.6393,3.2787
GOTO.JK,2026-02-04,62.0,63.0,61.0,62.0,62.0,2039789700,0.0,3.2258
GOTO.JK,2026-02-05,62.0,62.0,60.0,60.0,60.0,2841007700,-3.2258,3.2258
GOTO.JK,2026-02-06,60.0,60.0,58.0,60.0,60.0,2643183600,0.0,3.3333
GOTO.JK,2026-02-09,60.0,61.0,59.0,60.0,60.0,1596488300,0.0,3.3333
GOTO.JK,2026-02-10,60.0,60.0,58.0,59.0,59.0,4569551300,-1.6667,3.3333
GOTO.JK,2026-02-11,60.0,61.0,59.0,60.0,60.0,3907787700,1.6949,3.3333
GOTO.JK,2026-02-12,60.0,60.0,59.0,60.0,60.0,1419829400,0.0,1.6667
GOTO.JK,2026-02-13,60.0,61.0,59.0,59.0,59.0,4200024900,-1.6667,3.3333
GOTO.JK,2026-02-18,59.0,61.0,58.0,60.0,60.0,4716637100,1.6949,5.0847
GOTO.JK,2026-02-19,60.0,61.0,59.0,61.0,61.0,2247439900,1.6667,3.3333
GOTO.JK,2026-02-20,61.0,63.0,61.0,61.0,61.0,5194005200,0.0,3.2787
GOTO.JK,2026-02-23,62.0,64.0,61.0,62.0,62.0,5794546700,1.6393,4.8387
GOTO.JK,2026-02-24,63.0,63.0,60.0,61.0,61.0,3555906000,-1.6129,4.7619
GOTO.JK,2026-02-25,61.0,62.0,60.0,60.0,60.0,1364624900,-1.6393,3.2787
GOTO.JK,2026-02-26,60.0,61.0,60.0,60.0,60.0,2397940400,0.0,1.6667
GOTO.JK,2026-02-27,60.0,61.0,59.0,61.0,61.0,5304076700,1.6667,3.3333
GOTO.JK,2026-03-02,59.0,60.0,58.0,59.0,59.0,3939486600,-3.2787,3.3898
GOTO.JK,2026-03-03,59.0,60.0,58.0,58.0,58.0,2822721700,-1.6949,3.3898
GOTO.JK,2026-03-04,58.0,58.0,56.0,57.0,57.0,5917788000,-1.7241,3.4483
GOTO.JK,2026-03-05,57.0,58.0,56.0,57.0,57.0,1945848400,0.0,3.5088
GOTO.JK,2026-03-06,58.0,58.0,55.0,56.0,56.0,4466807200,-1.7544,5.1724
GOTO.JK,2026-03-09,55.0,56.0,53.0,55.0,55.0,6992951900,-1.7857,5.4545
GOTO.JK,2026-03-10,55.0,57.0,55.0,55.0,55.0,3339213800,0.0,3.6364
GOTO.JK,2026-03-11,56.0,58.0,55.0,57.0,57.0,2671797300,3.6364,5.3571
GOTO.JK,2026-03-12,57.0,58.0,55.0,56.0,56.0,3371578900,-1.7544,5.2632
GOTO.JK,2026-03-13,55.0,56.0,53.0,55.0,55.0,3802932400,-1.7857,5.4545
GOTO.JK,2026-03-16,54.0,54.0,51.0,52.0,52.0,6367062200,-5.4545,5.5556
GOTO.JK,2026-03-17,52.0,53.0,51.0,51.0,51.0,4306491000,-1.9231,3.8462
GOTO.JK,2026-03-25,50.0,53.0,50.0,53.0,53.0,9934206000,3.9216,6.0
GOTO.JK,2026-03-26,53.0,53.0,51.0,52.0,52.0,4495899400,-1.8868,3.7736
GOTO.JK,2026-03-27,51.0,52.0,51.0,51.0,51.0,2800261100,-1.9231,1.9608
GOTO.JK,2026-03-30,51.0,52.0,50.0,52.0,52.0,3209633400,1.9608,3.9216
GOTO.JK,2026-03-31,51.0,52.0,51.0,51.0,51.0,1837937600,-1.9231,1.9608
GOTO.JK,2026-04-01,52.0,53.0,51.0,53.0,53.0,3587278100,3.9216,3.8462
GOTO.JK,2026-04-02,52.0,53.0,52.0,53.0,53.0,1867843400,0.0,1.9231
GOTO.JK,2026-04-06,53.0,53.0,51.0,52.0,52.0,3043071700,-1.8868,3.7736
GOTO.JK,2026-04-07,52.0,52.0,51.0,51.0,51.0,2472398300,-1.9231,1.9231
GOTO.JK,2026-04-08,52.0,53.0,51.0,52.0,52.0,5218807000,1.9608,3.8462
GOTO.JK,2026-04-09,52.0,52.0,51.0,52.0,52.0,1148415900,0.0,1.9231
GOTO.JK,2026-04-10,52.0,52.0,51.0,52.0,52.0,3341817300,0.0,1.9231
GOTO.JK,2026-04-13,52.0,53.0,51.0,52.0,52.0,4235010800,0.0,3.8462
GOTO.JK,2026-04-14,52.0,53.0,52.0,52.0,52.0,1611484100,0.0,1.9231
GOTO.JK,2026-04-15,53.0,53.0,52.0,52.0,52.0,2258999200,0.0,1.8868
GOTO.JK,2026-04-16,52.0,53.0,51.0,52.0,52.0,1887231700,0.0,3.8462
GOTO.JK,2026-04-17,52.0,53.0,52.0,52.0,52.0,1112749400,0.0,1.9231
GOTO.JK,2026-04-20,52.0,54.0,52.0,53.0,53.0,5355375400,1.9231,3.8462
GOTO.JK,2026-04-21,54.0,57.0,53.0,56.0,56.0,5512536000,5.6604,7.4074
GOTO.JK,2026-04-22,56.0,57.0,55.0,56.0,56.0,3432657000,0.0,3.5714
GOTO.JK,2026-04-23,57.0,57.0,53.0,54.0,54.0,3728384800,-3.5714,7.0175
GOTO.JK,2026-04-24,54.0,54.0,52.0,52.0,52.0,3359907700,-3.7037,3.7037
GOTO.JK,2026-04-27,53.0,54.0,52.0,53.0,53.0,2799103600,1.9231,3.7736
GOTO.JK,2026-04-28,53.0,54.0,53.0,53.0,53.0,1376193600,0.0,1.8868
GOTO.JK,2026-04-29,56.0,58.0,55.0,55.0,55.0,7685000300,3.7736,5.3571
GOTO.JK,2026-04-30,56.0,57.0,53.0,54.0,54.0,9260650700,-1.8182,7.1429
GOTO.JK,2026-05-04,50.0,51.0,50.0,51.0,51.0,26429459800,-5.5556,2.0
GOTO.JK,2026-05-05,51.0,51.0,50.0,50.0,50.0,8111357900,-1.9608,1.9608
GOTO.JK,2026-05-06,51.0,51.0,50.0,50.0,50.0,4506998400,0.0,1.9608
GOTO.JK,2026-05-07,50.0,50.0,50.0,50.0,50.0,2994335700,0.0,0.0
GOTO.JK,2026-05-08,50.0,51.0,50.0,50.0,50.0,5975129800,0.0,2.0
GOTO.JK,2026-05-11,50.0,51.0,50.0,50.0,50.0,1502970500,0.0,2.0
GOTO.JK,2026-05-12,50.0,51.0,50.0,50.0,50.0,1918457200,0.0,2.0
GOTO.JK,2026-05-13,50.0,51.0,50.0,50.0,50.0,993936500,0.0,2.0
GOTO.JK,2026-05-14,50.0,50.0,50.0,50.0,50.0,0,0.0,0.0
GOTO.JK,2026-05-15,50.0,50.0,50.0,50.0,50.0,0,0.0,0.0
GOTO.JK,2026-05-18,50.0,50.0,50.0,50.0,50.0,1000157300,0.0,0.0
GOTO.JK,2026-05-19,50.0,50.0,50.0,50.0,50.0,345814000,0.0,0.0
GOTO.JK,2026-05-20,50.0,50.0,50.0,50.0,50.0,331704400,0.0,0.0
GOTO.JK,2026-05-21,50.0,50.0,50.0,50.0,50.0,323289500,0.0,0.0
GOTO.JK,2026-05-22,50.0,50.0,50.0,50.0,50.0,207040600,0.0,0.0
GOTO.JK,2026-05-25,50.0,50.0,50.0,50.0,50.0,217192000,0.0,0.0
GOTO.JK,2026-05-26,50.0,50.0,50.0,50.0,50.0,333371800,0.0,0.0
GOTO.JK,2026-05-27,50.0,50.0,50.0,50.0,50.0,0,0.0,0.0
GOTO.JK,2026-05-28,50.0,50.0,50.0,50.0,50.0,0,0.0,0.0
GOTO.JK,2026-05-29,50.0,50.0,50.0,50.0,50.0,2653923000,0.0,0.0
GOTO.JK,2026-06-02,50.0,50.0,50.0,50.0,50.0,398734700,0.0,0.0
GOTO.JK,2026-06-03,50.0,50.0,50.0,50.0,50.0,206119300,0.0,0.0
GOTO.JK,2026-06-04,50.0,50.0,50.0,50.0,50.0,163038900,0.0,0.0
GOTO.JK,2026-06-05,50.0,50.0,50.0,50.0,50.0,135370000,0.0,0.0
GOTO.JK,2026-06-08,50.0,50.0,50.0,50.0,50.0,105056400,0.0,0.0
GOTO.JK,2026-06-09,50.0,50.0,50.0,50.0,50.0,560561200,0.0,0.0
GOTO.JK,2026-06-10,50.0,50.0,50.0,50.0,50.0,551225800,0.0,0.0
GOTO.JK,2026-06-11,50.0,50.0,50.0,50.0,50.0,139923300,0.0,0.0
GOTO.JK,2026-06-12,50.0,50.0,50.0,50.0,50.0,67675000,0.0,0.0
GOTO.JK,2026-06-15,50.0,50.0,50.0,50.0,50.0,201214700,0.0,0.0
GOTO.JK,2026-06-17,50.0,50.0,50.0,50.0,50.0,226317100,0.0,0.0
GOTO.JK,2026-06-18,50.0,50.0,50.0,50.0,50.0,854768600,0.0,0.0
GOTO.JK,2026-06-19,50.0,50.0,50.0,50.0,50.0,1265000600,0.0,0.0
GOTO.JK,2026-06-22,50.0,50.0,50.0,50.0,50.0,423123800,0.0,0.0
GOTO.JK,2026-06-23,50.0,50.0,50.0,50.0,50.0,122955000,0.0,0.0
GOTO.JK,2026-06-24,50.0,50.0,50.0,50.0,50.0,40325100,0.0,0.0
GOTO.JK,2026-06-25,50.0,50.0,50.0,50.0,50.0,104694300,0.0,0.0
GOTO.JK,2026-06-26,50.0,50.0,50.0,50.0,50.0,26584500,0.0,0.0
GOTO.JK,2026-06-29,50.0,50.0,50.0,50.0,50.0,29999300,0.0,0.0
GOTO.JK,2026-06-30,50.0,50.0,50.0,50.0,50.0,219752000,0.0,0.0
GOTO.JK,2026-07-01,50.0,50.0,50.0,50.0,50.0,36262600,0.0,0.0
GOTO.JK,2026-07-02,50.0,50.0,50.0,50.0,50.0,14003900,0.0,0.0
GOTO.JK,2026-07-03,50.0,50.0,50.0,50.0,50.0,15650300,0.0,0.0
BREN.JK,2024-07-03,10175.0,10375.0,10000.0,10350.0,10332.31,12859500,,3.6855
BREN.JK,2024-07-04,10375.0,10475.0,10275.0,10400.0,10382.22,9005200,0.4831,1.9277
BREN.JK,2024-07-05,10425.0,10500.0,10075.0,10300.0,10282.39,11766300,-0.9615,4.0767
BREN.JK,2024-07-08,10275.0,10300.0,9950.0,10175.0,10157.61,7814100,-1.2136,3.4063
BREN.JK,2024-07-09,10175.0,10300.0,9925.0,9950.0,9932.99,13353200,-2.2113,3.6855
BREN.JK,2024-07-10,9950.0,10075.0,9625.0,9825.0,9808.21,10028200,-1.2563,4.5226
BREN.JK,2024-07-11,9825.0,9925.0,9425.0,9425.0,9408.89,17882200,-4.0712,5.0891
BREN.JK,2024-07-12,9425.0,9600.0,9025.0,9450.0,9433.85,20197400,0.2653,6.1008
BREN.JK,2024-07-15,9475.0,9575.0,9000.0,9050.0,9034.53,19445200,-4.2328,6.0686
BREN.JK,2024-07-16,9050.0,9175.0,8500.0,8500.0,8485.47,28227600,-6.0773,7.4586
BREN.JK,2024-07-17,8500.0,8500.0,7750.0,7775.0,7761.71,46259600,-8.5294,8.8235
BREN.JK,2024-07-18,7850.0,8725.0,7625.0,8700.0,8685.13,51865800,11.8971,14.0127
BREN.JK,2024-07-19,8725.0,9050.0,8375.0,8725.0,8710.09,98544500,0.2874,7.7364
BREN.JK,2024-07-22,8825.0,9250.0,8800.0,9050.0,9034.53,28857600,3.7249,5.0992
BREN.JK,2024-07-23,9125.0,9200.0,8750.0,8750.0,8735.04,18774000,-3.3149,4.9315
BREN.JK,2024-07-24,8750.0,8850.0,8500.0,8550.0,8535.39,14257200,-2.2857,4.0
BREN.JK,2024-07-25,8450.0,8575.0,8150.0,8375.0,8360.68,18465200,-2.0468,5.0296
BREN.JK,2024-07-26,8375.0,8850.0,8350.0,8800.0,8784.96,12978100,5.0746,5.9701
BREN.JK,2024-07-29,8850.0,9025.0,8600.0,8600.0,8585.3,13833100,-2.2727,4.8023
BREN.JK,2024-07-30,8625.0,8725.0,8400.0,8650.0,8635.21,11045600,0.5814,3.7681
BREN.JK,2024-07-31,8675.0,8850.0,8575.0,8650.0,8635.21,14387900,0.0,3.17
BREN.JK,2024-08-01,8675.0,8775.0,8575.0,8675.0,8660.17,7539700,0.289,2.3055
BREN.JK,2024-08-02,8675.0,8825.0,8525.0,8600.0,8585.3,6976600,-0.8646,3.4582
BREN.JK,2024-08-05,8550.0,8550.0,7750.0,7900.0,7886.5,28040800,-8.1395,9.3567
BREN.JK,2024-08-06,8025.0,8250.0,7825.0,7950.0,7936.41,15551700,0.6329,5.296
BREN.JK,2024-08-07,8000.0,8450.0,7900.0,8225.0,8210.94,20367100,3.4591,6.875
BREN.JK,2024-08-08,8250.0,8350.0,8075.0,8125.0,8111.11,8853500,-1.2158,3.3333
BREN.JK,2024-08-09,8150.0,8350.0,8150.0,8350.0,8335.73,9458700,2.7692,2.454
BREN.JK,2024-08-12,8375.0,8500.0,8275.0,8425.0,8410.6,6735900,0.8982,2.6866
BREN.JK,2024-08-13,8200.0,8600.0,8125.0,8400.0,8385.64,9766200,-0.2967,5.7927
BREN.JK,2024-08-14,8450.0,8825.0,8375.0,8800.0,8784.96,16591200,4.7619,5.3254
BREN.JK,2024-08-15,8850.0,8925.0,8625.0,8675.0,8660.17,12918000,-1.4205,3.3898
BREN.JK,2024-08-16,8725.0,8900.0,8675.0,8750.0,8735.04,7753700,0.8646,2.5788
BREN.JK,2024-08-19,8750.0,9450.0,8725.0,9200.0,9184.27,34839100,5.1429,8.2857
BREN.JK,2024-08-20,9250.0,9525.0,9225.0,9425.0,9408.89,28068200,2.4457,3.2432
BREN.JK,2024-08-21,9475.0,9625.0,9375.0,9525.0,9508.72,19196600,1.061,2.6385
BREN.JK,2024-08-22,9625.0,9625.0,9225.0,9375.0,9358.97,25542900,-1.5748,4.1558
BREN.JK,2024-08-23,9350.0,9475.0,9275.0,9450.0,9433.85,23899900,0.8,2.139
BREN.JK,2024-08-26,9700.0,9925.0,9625.0,9725.0,9708.38,57298000,2.9101,3.0928
BREN.JK,2024-08-27,9800.0,9800.0,9650.0,9800.0,9783.25,17492500,0.7712,1.5306
BREN.JK,2024-08-28,9800.0,10350.0,9800.0,10200.0,10182.57,40802700,4.0816,5.6122
BREN.JK,2024-08-29,10225.0,10975.0,10225.0,10425.0,10407.18,81771500,2.2059,7.335
BREN.JK,2024-08-30,10450.0,10750.0,10450.0,10750.0,10731.62,41385100,3.1175,2.8708
BREN.JK,2024-09-02,10800.0,11050.0,10600.0,10750.0,10731.62,38161000,0.0,4.1667
BREN.JK,2024-09-03,10825.0,10850.0,10150.0,10250.0,10232.48,33730400,-4.6512,6.4665
BREN.JK,2024-09-04,10200.0,11250.0,9975.0,11250.0,11230.77,51227800,9.7561,12.5
BREN.JK,2024-09-05,11500.0,11700.0,10575.0,10750.0,10731.62,45513500,-4.4444,9.7826
BREN.JK,2024-09-06,10825.0,11075.0,10675.0,10800.0,10781.54,23803900,0.4651,3.6952
BREN.JK,2024-09-09,10825.0,10975.0,10450.0,10750.0,10731.62,26312900,-0.463,4.8499
BREN.JK,2024-09-10,10800.0,11500.0,10775.0,11500.0,11480.34,38892300,6.9767,6.713
BREN.JK,2024-09-11,11600.0,11950.0,11425.0,11900.0,11879.66,41615200,3.4783,4.5259
BREN.JK,2024-09-12,11975.0,12100.0,11675.0,11750.0,11729.92,25427800,-1.2605,3.5491
BREN.JK,2024-09-13,11900.0,12000.0,11650.0,11775.0,11754.87,12601300,0.2128,2.9412
BREN.JK,2024-09-17,11850.0,12050.0,10925.0,11150.0,11130.94,45242600,-5.3079,9.4937
BREN.JK,2024-09-18,11225.0,11400.0,10725.0,10725.0,10706.67,34909700,-3.8117,6.0134
BREN.JK,2024-09-19,10725.0,11350.0,10725.0,11025.0,11006.15,36434400,2.7972,5.8275
BREN.JK,2024-09-20,10200.0,10200.0,8825.0,8825.0,8809.92,17045100,-19.9546,13.4804
BREN.JK,2024-09-23,7075.0,7075.0,7075.0,7075.0,7062.91,12591300,-19.83,0.0
BREN.JK,2024-09-24,6000.0,7925.0,5675.0,7225.0,7212.65,467025900,2.1201,37.5
BREN.JK,2024-09-25,7300.0,7325.0,6900.0,6975.0,6963.08,66286900,-3.4602,5.8219
BREN.JK,2024-09-26,6975.0,7400.0,6950.0,7300.0,7287.52,58899700,4.6595,6.4516
BREN.JK,2024-09-27,7350.0,7425.0,7025.0,7175.0,7162.74,33279500,-1.7123,5.4422
BREN.JK,2024-09-30,7150.0,7225.0,6525.0,6600.0,6588.72,50373500,-8.0139,9.7902
BREN.JK,2024-10-01,6625.0,6900.0,6575.0,6800.0,6788.38,24884500,3.0303,4.9057
BREN.JK,2024-10-02,6800.0,7100.0,6375.0,6975.0,6963.08,60147400,2.5735,10.6618
BREN.JK,2024-10-03,6950.0,7150.0,6650.0,6850.0,6838.29,43581700,-1.7921,7.1942
BREN.JK,2024-10-04,6925.0,7000.0,6550.0,6950.0,6938.12,53098700,1.4599,6.4982
BREN.JK,2024-10-07,6950.0,7000.0,6750.0,6750.0,6738.46,24792200,-2.8777,3.5971
BREN.JK,2024-10-08,6775.0,6900.0,6650.0,6700.0,6688.55,12943900,-0.7407,3.69
BREN.JK,2024-10-09,6750.0,6825.0,6600.0,6600.0,6588.72,11196700,-1.4925,3.3333
BREN.JK,2024-10-10,6550.0,6700.0,6525.0,6525.0,6513.85,10231500,-1.1364,2.6718
BREN.JK,2024-10-11,6525.0,6600.0,6400.0,6500.0,6488.89,14669000,-0.3831,3.0651
BREN.JK,2024-10-14,6500.0,6850.0,6500.0,6700.0,6688.55,19802300,3.0769,5.3846
BREN.JK,2024-10-15,6725.0,6775.0,6550.0,6550.0,6538.8,16954300,-2.2388,3.3457
BREN.JK,2024-10-16,6600.0,6875.0,6600.0,6875.0,6863.25,26103900,4.9618,4.1667
BREN.JK,2024-10-17,6875.0,7250.0,6800.0,7175.0,7162.74,43453000,4.3636,6.5455
BREN.JK,2024-10-18,7175.0,7300.0,6975.0,7175.0,7162.74,95394100,0.0,4.5296
BREN.JK,2024-10-21,7200.0,7250.0,7025.0,7025.0,7012.99,20722600,-2.0906,3.125
BREN.JK,2024-10-22,7050.0,7650.0,7050.0,7625.0,7611.97,69416000,8.5409,8.5106
BREN.JK,2024-10-23,7700.0,7850.0,7450.0,7575.0,7562.05,39537300,-0.6557,5.1948
BREN.JK,2024-10-24,7575.0,7800.0,7400.0,7400.0,7387.35,25490300,-2.3102,5.2805
BREN.JK,2024-10-25,7450.0,7550.0,7225.0,7275.0,7262.56,13699600,-1.6892,4.3624
BREN.JK,2024-10-28,7325.0,7325.0,6700.0,6800.0,6788.38,38459900,-6.5292,8.5324
BREN.JK,2024-10-29,6800.0,6975.0,6775.0,6800.0,6788.38,10521400,0.0,2.9412
BREN.JK,2024-10-30,6825.0,6875.0,6675.0,6675.0,6663.59,9464700,-1.8382,2.9304
BREN.JK,2024-10-31,6700.0,7000.0,6700.0,6800.0,6788.38,18560900,1.8727,4.4776
BREN.JK,2024-11-01,6825.0,6950.0,6700.0,6700.0,6688.55,11549600,-1.4706,3.663
BREN.JK,2024-11-04,6725.0,6825.0,6575.0,6600.0,6588.72,8692500,-1.4925,3.7175
BREN.JK,2024-11-05,6775.0,6775.0,6400.0,6400.0,6389.06,15252200,-3.0303,5.5351
BREN.JK,2024-11-06,6400.0,6500.0,6150.0,6375.0,6364.1,16740100,-0.3906,5.4688
BREN.JK,2024-11-07,6300.0,6400.0,6000.0,6000.0,5989.74,14418500,-5.8824,6.3492
BREN.JK,2024-11-08,6300.0,7025.0,6250.0,6875.0,6863.25,56915100,14.5833,12.3016
BREN.JK,2024-11-11,6875.0,7525.0,6625.0,7375.0,7362.39,51912700,7.2727,13.0909
BREN.JK,2024-11-12,7500.0,7875.0,7425.0,7500.0,7487.18,55528200,1.6949,6.0
BREN.JK,2024-11-13,7600.0,7625.0,7275.0,7375.0,7362.39,22572100,-1.6667,4.6053
BREN.JK,2024-11-14,7375.0,7450.0,7025.0,7025.0,7012.99,19680100,-4.7458,5.7627
BREN.JK,2024-11-15,7025.0,7175.0,6725.0,6900.0,6888.21,20269300,-1.7794,6.4057
BREN.JK,2024-11-18,6875.0,6975.0,6675.0,6675.0,6663.59,12541000,-3.2609,4.3636
BREN.JK,2024-11-19,6675.0,7050.0,6675.0,6850.0,6838.29,13064000,2.6217,5.618
BREN.JK,2024-11-20,6900.0,6925.0,6725.0,6750.0,6738.46,7025800,-1.4599,2.8986
BREN.JK,2024-11-21,6725.0,6875.0,6550.0,6550.0,6538.8,12451700,-2.963,4.8327
BREN.JK,2024-11-22,6550.0,6775.0,6550.0,6700.0,6688.55,10506200,2.2901,3.4351
BREN.JK,2024-11-25,6750.0,7050.0,6650.0,6900.0,6888.21,18223100,2.9851,5.9259
BREN.JK,2024-11-26,6950.0,7000.0,6700.0,6700.0,6688.55,12522000,-2.8986,4.3165
BREN.JK,2024-11-28,6725.0,6800.0,6700.0,6750.0,6738.46,4553600,0.7463,1.487
BREN.JK,2024-11-29,6750.0,6800.0,6600.0,6625.0,6613.68,12623100,-1.8519,2.963
BREN.JK,2024-12-02,6625.0,6775.0,6625.0,6725.0,6713.5,8955800,1.5094,2.2642
BREN.JK,2024-12-03,6775.0,7000.0,6725.0,6800.0,6788.38,10095800,1.1152,4.059
BREN.JK,2024-12-04,6825.0,7500.0,6800.0,7475.0,7462.22,41585700,9.9265,10.2564
BREN.JK,2024-12-05,7500.0,7675.0,7300.0,7500.0,7487.18,33477500,0.3344,5.0
BREN.JK,2024-12-06,7500.0,8500.0,7450.0,8500.0,8485.47,65924600,13.3333,14.0
BREN.JK,2024-12-09,8400.0,8550.0,8275.0,8325.0,8310.77,31066900,-2.0588,3.2738
BREN.JK,2024-12-10,8400.0,8700.0,8050.0,8450.0,8435.56,38842600,1.5015,7.7381
BREN.JK,2024-12-11,8450.0,8750.0,8400.0,8400.0,8385.64,29210500,-0.5917,4.142
BREN.JK,2024-12-12,8475.0,8675.0,8350.0,8525.0,8514.26,17602300,1.4881,3.8348
BREN.JK,2024-12-13,8600.0,8850.0,8525.0,8525.0,8514.26,27358700,0.0,3.7791
BREN.JK,2024-12-16,8625.0,8650.0,8050.0,8425.0,8414.39,24698300,-1.173,6.9565
BREN.JK,2024-12-17,8450.0,9025.0,8425.0,8800.0,8788.92,37949700,4.451,7.1006
BREN.JK,2024-12-18,8900.0,9100.0,8825.0,8975.0,8963.7,24813500,1.9886,3.0899
BREN.JK,2024-12-19,8700.0,9000.0,8500.0,8825.0,8813.88,26992300,-1.6713,5.7471
BREN.JK,2024-12-20,8900.0,9375.0,8700.0,9200.0,9188.41,32532200,4.2493,7.5843
BREN.JK,2024-12-23,9200.0,9500.0,9100.0,9375.0,9363.19,27643300,1.9022,4.3478
BREN.JK,2024-12-24,9425.0,9600.0,8950.0,9125.0,9113.51,21027300,-2.6667,6.8966
BREN.JK,2024-12-27,9125.0,9275.0,9075.0,9200.0,9188.41,11432100,0.8219,2.1918
BREN.JK,2024-12-30,9275.0,9400.0,9075.0,9275.0,9263.32,22948300,0.8152,3.504
BREN.JK,2025-01-02,9275.0,9825.0,9275.0,9475.0,9463.07,31228000,2.1563,5.9299
BREN.JK,2025-01-03,9525.0,9750.0,9450.0,9675.0,9662.81,16136000,2.1108,3.1496
BREN.JK,2025-01-06,9700.0,9925.0,9700.0,9800.0,9787.66,19534300,1.292,2.3196
BREN.JK,2025-01-07,9850.0,10550.0,9750.0,10550.0,10536.71,50713700,7.6531,8.1218
BREN.JK,2025-01-08,10600.0,10650.0,10200.0,10475.0,10461.81,35618900,-0.7109,4.2453
BREN.JK,2025-01-09,10475.0,10500.0,10125.0,10225.0,10212.12,21496500,-2.3866,3.58
BREN.JK,2025-01-10,10300.0,10525.0,10200.0,10450.0,10436.84,16317700,2.2005,3.1553
BREN.JK,2025-01-13,10450.0,10525.0,9500.0,10025.0,10012.37,37723000,-4.067,9.8086
BREN.JK,2025-01-14,10200.0,10225.0,9625.0,9650.0,9637.85,30077600,-3.7406,5.8824
BREN.JK,2025-01-15,9650.0,9725.0,9025.0,9075.0,9063.57,40012900,-5.9585,7.2539
BREN.JK,2025-01-16,9100.0,9775.0,8875.0,9575.0,9562.94,35353500,5.5096,9.8901
BREN.JK,2025-01-17,9650.0,10075.0,9600.0,9825.0,9812.62,60357300,2.611,4.9223
BREN.JK,2025-01-20,9925.0,10000.0,9600.0,9600.0,9587.91,21370700,-2.2901,4.0302
BREN.JK,2025-01-21,9650.0,9850.0,9100.0,9850.0,9837.59,50440000,2.6042,7.772
BREN.JK,2025-01-22,9950.0,10075.0,9775.0,9850.0,9837.59,25079100,0.0,3.0151
BREN.JK,2025-01-23,9900.0,10050.0,9775.0,10000.0,9987.41,22516700,1.5228,2.7778
BREN.JK,2025-01-24,9975.0,9975.0,9400.0,9600.0,9587.91,28283600,-4.0,5.7644
BREN.JK,2025-01-30,9600.0,9625.0,9050.0,9125.0,9113.51,19450700,-4.9479,5.9896
BREN.JK,2025-01-31,9175.0,9325.0,9025.0,9025.0,9013.63,13310200,-1.0959,3.2698
BREN.JK,2025-02-03,8975.0,9000.0,8250.0,8400.0,8389.42,27467700,-6.9252,8.3565
BREN.JK,2025-02-04,8500.0,8975.0,8475.0,8875.0,8863.82,17040900,5.6548,5.8824
BREN.JK,2025-02-05,8950.0,8975.0,8700.0,8850.0,8838.85,13590000,-0.2817,3.0726
BREN.JK,2025-02-06,8900.0,8925.0,8600.0,8775.0,8763.95,8514600,-0.8475,3.6517
BREN.JK,2025-02-07,7025.0,7025.0,7025.0,7025.0,7016.15,9594200,-19.943,0.0
BREN.JK,2025-02-10,6500.0,7100.0,5800.0,6650.0,6641.62,154387100,-5.3381,20.0
BREN.JK,2025-02-11,6700.0,6775.0,5825.0,6025.0,6017.41,60707200,-9.3985,14.1791
BREN.JK,2025-02-12,6100.0,6450.0,6025.0,6275.0,6267.1,27758900,4.1494,6.9672
BREN.JK,2025-02-13,6475.0,6475.0,6025.0,6125.0,6117.29,20652100,-2.3904,6.9498
BREN.JK,2025-02-14,6150.0,6350.0,6075.0,6150.0,6142.25,17429300,0.4082,4.4715
BREN.JK,2025-02-17,6250.0,7050.0,6225.0,7025.0,7016.15,45916300,14.2276,13.2
BREN.JK,2025-02-18,7100.0,7150.0,6800.0,6825.0,6816.4,26653500,-2.847,4.9296
BREN.JK,2025-02-19,6850.0,6950.0,6675.0,6725.0,6716.53,11896600,-1.4652,4.0146
BREN.JK,2025-02-20,6725.0,6950.0,6650.0,6700.0,6691.56,12642500,-0.3717,4.461
BREN.JK,2025-02-21,6900.0,7000.0,6750.0,6900.0,6891.31,21679300,2.9851,3.6232
BREN.JK,2025-02-24,6900.0,6900.0,6300.0,6300.0,6292.06,23643300,-8.6957,8.6957
BREN.JK,2025-02-25,6325.0,6450.0,6050.0,6125.0,6117.29,19056200,-2.7778,6.3241
BREN.JK,2025-02-26,6225.0,6600.0,6175.0,6425.0,6416.91,23444300,4.898,6.8273
BREN.JK,2025-02-27,6475.0,6525.0,6200.0,6200.0,6192.19,19662900,-3.5019,5.0193
BREN.JK,2025-02-28,6125.0,6350.0,6025.0,6125.0,6117.29,14415600,-1.2097,5.3061
BREN.JK,2025-03-03,6225.0,6525.0,6200.0,6400.0,6391.94,13993600,4.4898,5.2209
BREN.JK,2025-03-04,6400.0,6425.0,5875.0,6075.0,6067.35,23552800,-5.0781,8.5938
BREN.JK,2025-03-05,6125.0,6250.0,6100.0,6100.0,6092.32,9871600,0.4115,2.449
BREN.JK,2025-03-06,6200.0,6375.0,6175.0,6325.0,6317.03,10928500,3.6885,3.2258
BREN.JK,2025-03-07,6400.0,6825.0,6225.0,6475.0,6466.84,22735800,2.3715,9.375
BREN.JK,2025-03-10,6500.0,6600.0,6225.0,6225.0,6217.16,9591300,-3.861,5.7692
BREN.JK,2025-03-11,6050.0,6225.0,6050.0,6150.0,6142.25,8972200,-1.2048,2.8926
BREN.JK,2025-03-12,6175.0,6250.0,6100.0,6150.0,6142.25,5643400,0.0,2.4291
BREN.JK,2025-03-13,6200.0,6200.0,6025.0,6075.0,6067.35,5912700,-1.2195,2.8226
BREN.JK,2025-03-14,6150.0,6150.0,6000.0,6025.0,6017.41,6515500,-0.823,2.439
BREN.JK,2025-03-17,6050.0,6100.0,5700.0,5725.0,5717.79,13714900,-4.9793,6.6116
BREN.JK,2025-03-18,5775.0,5825.0,4580.0,5050.0,5043.64,49691200,-11.7904,21.5584
BREN.JK,2025-03-19,5125.0,5400.0,4940.0,5300.0,5293.32,21392000,4.9505,8.9756
BREN.JK,2025-03-20,5350.0,5800.0,5325.0,5600.0,5592.95,23914000,5.6604,8.8785
BREN.JK,2025-03-21,5675.0,6350.0,5400.0,5975.0,5967.47,44922600,6.6964,16.7401
BREN.JK,2025-03-24,6000.0,6100.0,5100.0,5450.0,5443.14,25866200,-8.7866,16.6667
BREN.JK,2025-03-25,5525.0,5625.0,5125.0,5125.0,5118.54,15840600,-5.9633,9.0498
BREN.JK,2025-03-26,5150.0,5575.0,5125.0,5450.0,5443.14,15462000,6.3415,8.7379
BREN.JK,2025-03-27,5500.0,5675.0,5350.0,5500.0,5493.07,10002700,0.9174,5.9091
BREN.JK,2025-04-08,4790.0,4980.0,4690.0,4740.0,4734.03,23613500,-13.8182,6.0543
BREN.JK,2025-04-09,4700.0,4820.0,4170.0,4250.0,4244.65,24074500,-10.3376,13.8298
BREN.JK,2025-04-10,4700.0,5175.0,4620.0,5000.0,4993.7,32828300,17.6471,11.8085
BREN.JK,2025-04-11,5000.0,5450.0,4890.0,5150.0,5143.51,19504500,3.0,11.2
BREN.JK,2025-04-14,4800.0,5675.0,4760.0,5650.0,5642.88,33865700,9.7087,19.0625
BREN.JK,2025-04-15,5750.0,6050.0,5575.0,5900.0,5892.57,27318000,4.4248,8.2609
BREN.JK,2025-04-16,5975.0,6050.0,5600.0,5600.0,5592.95,20798300,-5.0847,7.5314
BREN.JK,2025-04-17,5600.0,5725.0,5525.0,5600.0,5592.95,8101700,0.0,3.5714
BREN.JK,2025-04-21,5625.0,5800.0,5525.0,5600.0,5592.95,6984400,0.0,4.8889
BREN.JK,2025-04-22,5600.0,6025.0,5475.0,6000.0,5992.44,21718600,7.1429,9.8214
BREN.JK,2025-04-23,6200.0,6375.0,6050.0,6100.0,6092.32,20022000,1.6667,5.2419
BREN.JK,2025-04-24,6100.0,6175.0,5850.0,6000.0,5992.44,55496500,-1.6393,5.3279
BREN.JK,2025-04-25,6050.0,6050.0,5925.0,6000.0,5992.44,9172000,0.0,2.0661
BREN.JK,2025-04-28,6050.0,6250.0,5900.0,6050.0,6042.38,26241400,0.8333,5.7851
BREN.JK,2025-04-29,6100.0,6175.0,6025.0,6025.0,6017.41,8116900,-0.4132,2.459
BREN.JK,2025-04-30,6050.0,6125.0,5950.0,6025.0,6017.41,7406500,0.0,2.8926
BREN.JK,2025-05-02,6100.0,6150.0,6025.0,6100.0,6092.32,11343400,1.2448,2.0492
BREN.JK,2025-05-05,6150.0,6375.0,6125.0,6150.0,6142.25,14416100,0.8197,4.065
BREN.JK,2025-05-06,6175.0,6250.0,6100.0,6200.0,6192.19,23176000,0.813,2.4291
BREN.JK,2025-05-07,6250.0,6550.0,6100.0,6100.0,6092.32,70037000,-1.6129,7.2
BREN.JK,2025-05-08,6175.0,6250.0,5925.0,5950.0,5942.51,21520300,-2.459,5.2632
BREN.JK,2025-05-09,6000.0,6150.0,5900.0,6000.0,5992.44,9024500,0.8403,4.1667
BREN.JK,2025-05-14,6150.0,6275.0,6075.0,6175.0,6167.22,17243800,2.9167,3.252
BREN.JK,2025-05-15,6225.0,6300.0,6175.0,6200.0,6192.19,21087000,0.4049,2.008
BREN.JK,2025-05-16,6200.0,6825.0,6150.0,6675.0,6666.59,66787100,7.6613,10.8871
BREN.JK,2025-05-19,6700.0,6775.0,6500.0,6500.0,6491.81,27206000,-2.6217,4.1045
BREN.JK,2025-05-20,6650.0,6850.0,6475.0,6500.0,6491.81,42947100,0.0,5.6391
BREN.JK,2025-05-21,6500.0,6550.0,6300.0,6500.0,6491.81,18383400,0.0,3.8462
BREN.JK,2025-05-22,6500.0,6600.0,6450.0,6500.0,6491.81,8950800,0.0,2.3077
BREN.JK,2025-05-23,6550.0,6800.0,6500.0,6650.0,6641.62,18462000,2.3077,4.5802
BREN.JK,2025-05-26,6675.0,6750.0,6500.0,6525.0,6516.78,19338300,-1.8797,3.7453
BREN.JK,2025-05-27,6575.0,6725.0,6500.0,6575.0,6566.72,16376900,0.7663,3.4221
BREN.JK,2025-05-28,6625.0,6675.0,6500.0,6500.0,6491.81,10009200,-1.1407,2.6415
BREN.JK,2025-06-02,6525.0,6575.0,6250.0,6275.0,6267.1,13383300,-3.4615,4.9808
BREN.JK,2025-06-03,6300.0,6350.0,6100.0,6200.0,6192.19,10494200,-1.1952,3.9683
BREN.JK,2025-06-04,6225.0,6250.0,6150.0,6150.0,6142.25,6962600,-0.8065,1.6064
BREN.JK,2025-06-05,6200.0,6550.0,6200.0,6350.0,6342.0,21487100,3.252,5.6452
BREN.JK,2025-06-10,6450.0,6900.0,6425.0,6725.0,6716.53,46468500,5.9055,7.3643
BREN.JK,2025-06-11,6850.0,6900.0,6500.0,6575.0,6566.72,30497100,-2.2305,5.8394
BREN.JK,2025-06-12,6500.0,6650.0,6425.0,6450.0,6441.88,18601700,-1.9011,3.4615
BREN.JK,2025-06-13,6450.0,6475.0,6325.0,6375.0,6366.97,20286500,-1.1628,2.3256
BREN.JK,2025-06-16,6400.0,6450.0,6300.0,6325.0,6317.03,13282300,-0.7843,2.3438
BREN.JK,2025-06-17,6400.0,6500.0,6300.0,6400.0,6391.94,16143200,1.1858,3.125
BREN.JK,2025-06-18,6400.0,6400.0,6300.0,6300.0,6292.06,9674300,-1.5625,1.5625
BREN.JK,2025-06-19,6350.0,6350.0,6025.0,6125.0,6117.29,19086900,-2.7778,5.1181
BREN.JK,2025-06-20,6125.0,6175.0,6000.0,6050.0,6042.38,18678500,-1.2245,2.8571
BREN.JK,2025-06-23,5850.0,5925.0,5650.0,5800.0,5792.69,14815400,-4.1322,4.7009
BREN.JK,2025-06-24,5950.0,6050.0,5800.0,5850.0,5842.63,14893700,0.8621,4.2017
BREN.JK,2025-06-25,5875.0,5975.0,5775.0,5775.0,5767.73,8470800,-1.2821,3.4043
BREN.JK,2025-06-26,5775.0,5900.0,5750.0,5775.0,5767.73,6855600,0.0,2.5974
BREN.JK,2025-06-30,5875.0,5925.0,5775.0,5875.0,5867.6,13487000,1.7316,2.5532
BREN.JK,2025-07-01,5900.0,6225.0,5850.0,5900.0,5892.57,22084700,0.4255,6.3559
BREN.JK,2025-07-02,5925.0,6050.0,5700.0,5825.0,5817.66,15638000,-1.2712,5.9072
BREN.JK,2025-07-03,5850.0,5875.0,5725.0,5750.0,5742.76,3185700,-1.2876,2.5641
BREN.JK,2025-07-04,5800.0,5825.0,5650.0,5700.0,5692.82,4715800,-0.8696,3.0172
BREN.JK,2025-07-07,5775.0,5925.0,5700.0,5825.0,5817.66,15984900,2.193,3.8961
BREN.JK,2025-07-08,5850.0,6050.0,5775.0,6000.0,5992.44,11718100,3.0043,4.7009
BREN.JK,2025-07-09,6050.0,6125.0,5925.0,5975.0,5967.47,9563400,-0.4167,3.3058
BREN.JK,2025-07-10,6000.0,6200.0,5975.0,6100.0,6092.32,15585100,2.0921,3.75
BREN.JK,2025-07-11,6150.0,6200.0,6050.0,6100.0,6092.32,12951800,0.0,2.439
BREN.JK,2025-07-14,7300.0,7300.0,6725.0,7300.0,7290.81,150102200,19.6721,7.8767
BREN.JK,2025-07-15,7550.0,8500.0,7425.0,7750.0,7740.24,121620600,6.1644,14.2384
BREN.JK,2025-07-16,7850.0,7875.0,7350.0,7700.0,7690.3,55971100,-0.6452,6.6879
BREN.JK,2025-07-17,7550.0,7950.0,7550.0,7725.0,7715.27,38443100,0.3247,5.298
BREN.JK,2025-07-18,7800.0,8450.0,7725.0,8000.0,7989.92,95900700,3.5599,9.2949
BREN.JK,2025-07-21,8125.0,8175.0,7750.0,7900.0,7890.05,45820100,-1.25,5.2308
BREN.JK,2025-07-22,8125.0,8375.0,7875.0,7875.0,7865.08,70858500,-0.3165,6.1538
BREN.JK,2025-07-23,7925.0,8025.0,7550.0,7825.0,7815.14,33058300,-0.6349,5.9937
BREN.JK,2025-07-24,7825.0,7950.0,7700.0,7725.0,7715.27,20312400,-1.278,3.1949
BREN.JK,2025-07-25,7725.0,7775.0,7500.0,7650.0,7640.36,20860300,-0.9709,3.5599
BREN.JK,2025-07-28,7650.0,7950.0,7625.0,7925.0,7915.02,29391500,3.5948,4.2484
BREN.JK,2025-07-29,8000.0,8000.0,7800.0,7925.0,7915.02,21903100,0.0,2.5
BREN.JK,2025-07-30,8000.0,8100.0,7750.0,7825.0,7815.14,22115500,-1.2618,4.375
BREN.JK,2025-07-31,7825.0,7875.0,7700.0,7825.0,7815.14,10829100,0.0,2.2364
BREN.JK,2025-08-01,7900.0,7925.0,7775.0,7800.0,7790.18,15546700,-0.3195,1.8987
BREN.JK,2025-08-04,7800.0,7800.0,7150.0,7200.0,7190.93,38666700,-7.6923,8.3333
BREN.JK,2025-08-05,7225.0,7300.0,6775.0,7075.0,7066.09,35004600,-1.7361,7.2664
BREN.JK,2025-08-06,7200.0,7450.0,7075.0,7225.0,7215.9,21124000,2.1201,5.2083
BREN.JK,2025-08-07,7325.0,7375.0,7025.0,7250.0,7240.87,25660000,0.346,4.7782
BREN.JK,2025-08-08,7925.0,8050.0,7375.0,7950.0,7939.99,73663400,9.6552,8.5174
BREN.JK,2025-08-11,8050.0,8825.0,7850.0,8750.0,8738.98,84544500,10.0629,12.1118
BREN.JK,2025-08-12,8900.0,9325.0,8825.0,9100.0,9088.54,72575500,4.0,5.618
BREN.JK,2025-08-13,9150.0,9450.0,8875.0,9100.0,9088.54,55874800,0.0,6.2842
BREN.JK,2025-08-14,9200.0,9375.0,9150.0,9225.0,9213.38,37491300,1.3736,2.4457
BREN.JK,2025-08-15,9275.0,9325.0,8700.0,8750.0,8738.98,39895400,-5.1491,6.7385
BREN.JK,2025-08-19,8750.0,8925.0,8475.0,8575.0,8564.2,30511700,-2.0,5.1429
BREN.JK,2025-08-20,8600.0,8750.0,8550.0,8600.0,8589.17,15708700,0.2915,2.3256
BREN.JK,2025-08-21,8600.0,8600.0,8250.0,8425.0,8414.39,23015500,-2.0349,4.0698
BREN.JK,2025-08-22,8425.0,8575.0,8350.0,8525.0,8514.26,18611300,1.1869,2.6706
BREN.JK,2025-08-25,8575.0,9050.0,8525.0,8925.0,8913.76,27637600,4.6921,6.1224
BREN.JK,2025-08-26,8975.0,9100.0,8650.0,8875.0,8863.82,37895200,-0.5602,5.0139
BREN.JK,2025-08-27,9000.0,9850.0,8950.0,9800.0,9787.66,76579700,10.4225,10.0
BREN.JK,2025-08-28,9750.0,9850.0,9175.0,9300.0,9288.29,50123200,-5.102,6.9231
BREN.JK,2025-08-29,9000.0,9425.0,8825.0,9025.0,9013.63,51571200,-2.957,6.6667
BREN.JK,2025-09-01,8650.0,9125.0,8600.0,8950.0,8938.73,48145300,-0.831,6.0694
BREN.JK,2025-09-02,9050.0,9100.0,8825.0,8825.0,8813.88,27352000,-1.3966,3.0387
BREN.JK,2025-09-03,8875.0,8925.0,8600.0,8600.0,8589.17,30961700,-2.5496,3.662
BREN.JK,2025-09-04,8600.0,8725.0,8525.0,8625.0,8614.14,15343800,0.2907,2.3256
BREN.JK,2025-09-08,8675.0,8950.0,8550.0,8575.0,8564.2,31595900,-0.5797,4.611
BREN.JK,2025-09-09,8600.0,8725.0,8250.0,8325.0,8314.51,24691700,-2.9155,5.5233
BREN.JK,2025-09-10,8525.0,8650.0,8350.0,8550.0,8539.23,19395400,2.7027,3.5191
BREN.JK,2025-09-11,8600.0,8650.0,8400.0,8550.0,8539.23,15391700,0.0,2.907
BREN.JK,2025-09-12,8700.0,8850.0,8600.0,8650.0,8639.11,16236100,1.1696,2.8736
BREN.JK,2025-09-15,8650.0,8950.0,8650.0,8875.0,8863.82,19471400,2.6012,3.4682
BREN.JK,2025-09-16,9000.0,9050.0,8775.0,8875.0,8863.82,11936400,0.0,3.0556
BREN.JK,2025-09-17,8875.0,9200.0,8775.0,8925.0,8913.76,25326200,0.5634,4.7887
BREN.JK,2025-09-18,8950.0,9200.0,8900.0,9075.0,9063.57,42983000,1.6807,3.352
BREN.JK,2025-09-19,9125.0,9125.0,8800.0,9050.0,9038.6,38933800,-0.2755,3.5616
BREN.JK,2025-09-22,9050.0,9050.0,8775.0,8925.0,8913.76,30798500,-1.3812,3.0387
BREN.JK,2025-09-23,8925.0,9200.0,8900.0,9025.0,9013.63,29343200,1.1204,3.3613
BREN.JK,2025-09-24,9150.0,9400.0,8875.0,8875.0,8863.82,57939000,-1.662,5.7377
BREN.JK,2025-09-25,8850.0,9100.0,8525.0,8800.0,8788.92,33165700,-0.8451,6.4972
BREN.JK,2025-09-26,9000.0,9300.0,8925.0,9025.0,9013.63,35396100,2.5568,4.1667
BREN.JK,2025-09-29,9025.0,9950.0,8975.0,9675.0,9662.81,102431800,7.2022,10.8033
BREN.JK,2025-09-30,9800.0,9800.0,9275.0,9375.0,9363.19,39361700,-3.1008,5.3571
BREN.JK,2025-10-01,9425.0,9500.0,9150.0,9150.0,9138.48,31562600,-2.4,3.7135
BREN.JK,2025-10-02,9175.0,9275.0,9025.0,9175.0,9163.44,23891800,0.2732,2.7248
BREN.JK,2025-10-03,9375.0,9800.0,9350.0,9550.0,9537.97,53213300,4.0872,4.8
BREN.JK,2025-10-06,9675.0,10150.0,9575.0,9975.0,9962.44,67361900,4.4503,5.9432
BREN.JK,2025-10-07,10150.0,10350.0,9900.0,9975.0,9962.44,43961800,0.0,4.4335
BREN.JK,2025-10-08,10050.0,10100.0,9300.0,9650.0,9637.85,43227100,-3.2581,7.9602
BREN.JK,2025-10-09,9700.0,10075.0,9500.0,9875.0,9862.56,38499900,2.3316,5.9278
BREN.JK,2025-10-10,9900.0,9975.0,9650.0,9850.0,9837.59,37198100,-0.2532,3.2828
BREN.JK,2025-10-13,9600.0,10250.0,9575.0,9825.0,9812.62,52095700,-0.2538,7.0312
BREN.JK,2025-10-14,9850.0,9900.0,9100.0,9675.0,9662.81,47389000,-1.5267,8.1218
BREN.JK,2025-10-15,9675.0,9725.0,9250.0,9550.0,9537.97,30362500,-1.292,4.9096
BREN.JK,2025-10-16,9650.0,9825.0,9475.0,9800.0,9787.66,26735900,2.6178,3.6269
BREN.JK,2025-10-17,9800.0,9800.0,9100.0,9300.0,9288.29,48110600,-5.102,7.1429
BREN.JK,2025-10-20,9350.0,9425.0,9125.0,9275.0,9263.32,20358300,-0.2688,3.2086
BREN.JK,2025-10-21,9250.0,9350.0,9200.0,9250.0,9238.35,10678300,-0.2695,1.6216
BREN.JK,2025-10-22,9250.0,9275.0,9075.0,9100.0,9088.54,15204100,-1.6216,2.1622
BREN.JK,2025-10-23,9125.0,9175.0,8850.0,9025.0,9013.63,21356000,-0.8242,3.5616
BREN.JK,2025-10-24,9000.0,9300.0,8950.0,9175.0,9163.44,18440900,1.662,3.8889
BREN.JK,2025-10-27,9050.0,9075.0,7800.0,8900.0,8888.79,156992400,-2.9973,14.0884
BREN.JK,2025-10-28,8900.0,8975.0,8400.0,8900.0,8888.79,39432500,0.0,6.4607
BREN.JK,2025-10-29,8975.0,9000.0,8675.0,8750.0,8738.98,20629000,-1.6854,3.6212
BREN.JK,2025-10-30,8750.0,8900.0,8525.0,8625.0,8614.14,14234100,-1.4286,4.2857
BREN.JK,2025-10-31,8700.0,8850.0,8650.0,8675.0,8664.07,11425900,0.5797,2.2989
BREN.JK,2025-11-03,8800.0,9400.0,8775.0,9275.0,9263.32,48431600,6.9164,7.1023
BREN.JK,2025-11-04,9400.0,9750.0,9175.0,9225.0,9213.38,55631300,-0.5391,6.117
BREN.JK,2025-11-05,9200.0,9750.0,9125.0,9750.0,9737.72,53216800,5.6911,6.7935
BREN.JK,2025-11-06,10000.0,10175.0,9500.0,9925.0,9912.5,103014800,1.7949,6.75
BREN.JK,2025-11-07,9925.0,9975.0,9750.0,9975.0,9962.44,32421800,0.5038,2.267
BREN.JK,2025-11-10,10000.0,10725.0,9975.0,10225.0,10212.12,84614200,2.5063,7.5
BREN.JK,2025-11-11,10325.0,10350.0,9900.0,10025.0,10012.37,39156400,-1.956,4.3584
BREN.JK,2025-11-12,10050.0,10100.0,9875.0,9925.0,9912.5,24978600,-0.9975,2.2388
BREN.JK,2025-11-13,9975.0,10025.0,9725.0,9900.0,9887.53,39026800,-0.2519,3.0075
BREN.JK,2025-11-14,9825.0,9900.0,9750.0,9750.0,9737.72,18481200,-1.5152,1.5267
BREN.JK,2025-11-17,9800.0,9925.0,9675.0,9725.0,9712.75,24739000,-0.2564,2.551
BREN.JK,2025-11-18,9750.0,9800.0,9575.0,9625.0,9612.88,22462800,-1.0283,2.3077
BREN.JK,2025-11-19,9725.0,9775.0,9600.0,9675.0,9662.81,23150100,0.5195,1.7995
BREN.JK,2025-11-20,9775.0,9875.0,9675.0,9800.0,9787.66,47084000,1.292,2.046
BREN.JK,2025-11-21,9800.0,9900.0,9675.0,9850.0,9837.59,53431000,0.5102,2.2959
BREN.JK,2025-11-24,10025.0,10125.0,9775.0,10125.0,10112.25,694632000,2.7919,3.4913
BREN.JK,2025-11-25,10125.0,10125.0,9625.0,9650.0,9637.85,34782900,-4.6914,4.9383
BREN.JK,2025-11-26,9850.0,9850.0,9400.0,9575.0,9562.94,41654800,-0.7772,4.5685
BREN.JK,2025-11-27,9525.0,9600.0,9400.0,9525.0,9513.0,23357600,-0.5222,2.0997
BREN.JK,2025-11-28,9575.0,9625.0,9450.0,9575.0,9562.94,21597800,0.5249,1.8277
BREN.JK,2025-12-01,9625.0,9625.0,9400.0,9550.0,9537.97,10400800,-0.2611,2.3377
BREN.JK,2025-12-02,9550.0,9650.0,9525.0,9650.0,9637.85,18978500,1.0471,1.3089
BREN.JK,2025-12-03,9675.0,9700.0,9525.0,9625.0,9612.88,8797100,-0.2591,1.8088
BREN.JK,2025-12-04,9600.0,9625.0,9450.0,9450.0,9438.1,5266400,-1.8182,1.8229
BREN.JK,2025-12-05,9450.0,9650.0,9450.0,9625.0,9612.88,7697300,1.8519,2.1164
BREN.JK,2025-12-08,9625.0,9650.0,9500.0,9650.0,9637.85,7491700,0.2597,1.5584
BREN.JK,2025-12-09,9525.0,9600.0,9425.0,9575.0,9562.94,10046600,-0.7772,1.8373
BREN.JK,2025-12-10,9550.0,9650.0,9450.0,9625.0,9612.88,9881100,0.5222,2.0942
BREN.JK,2025-12-11,9650.0,9650.0,9450.0,9450.0,9438.1,7489400,-1.8182,2.0725
BREN.JK,2025-12-12,9550.0,9600.0,9450.0,9575.0,9562.94,12996800,1.3228,1.5707
BREN.JK,2025-12-15,9625.0,9650.0,9475.0,9500.0,9488.04,8838100,-0.7833,1.8182
BREN.JK,2025-12-16,9450.0,9800.0,9300.0,9800.0,9787.66,22256800,3.1579,5.291
BREN.JK,2025-12-17,9825.0,9875.0,9600.0,9725.0,9712.75,8889900,-0.7653,2.799
BREN.JK,2025-12-18,9675.0,9700.0,9450.0,9450.0,9438.1,7204600,-2.8278,2.584
BREN.JK,2025-12-19,9475.0,9550.0,9325.0,9375.0,9363.19,11809000,-0.7937,2.3747
BREN.JK,2025-12-22,9400.0,9550.0,9350.0,9500.0,9488.04,7242700,1.3333,2.1277
BREN.JK,2025-12-23,9575.0,9575.0,9375.0,9425.0,9413.13,5424200,-0.7895,2.0888
BREN.JK,2025-12-24,9450.0,9450.0,9300.0,9325.0,9313.25,4142600,-1.061,1.5873
BREN.JK,2025-12-29,9325.0,9625.0,9325.0,9525.0,9513.0,7204500,2.1448,3.2172
BREN.JK,2025-12-30,9600.0,9700.0,9475.0,9700.0,9687.78,10900100,1.8373,2.3438
BREN.JK,2026-01-02,9700.0,9800.0,9650.0,9675.0,9662.81,5601000,-0.2577,1.5464
BREN.JK,2026-01-05,9700.0,9700.0,9500.0,9650.0,9637.85,6321800,-0.2584,2.0619
BREN.JK,2026-01-06,9600.0,9650.0,9525.0,9575.0,9562.94,6441000,-0.7772,1.3021
BREN.JK,2026-01-07,9575.0,9600.0,9425.0,9600.0,9587.91,7914600,0.2611,1.8277
BREN.JK,2026-01-08,9550.0,9700.0,9500.0,9550.0,9537.97,9401800,-0.5208,2.0942
BREN.JK,2026-01-09,9550.0,9550.0,9450.0,9475.0,9463.07,6306400,-0.7853,1.0471
BREN.JK,2026-01-12,9475.0,9475.0,8550.0,9000.0,8988.66,14459900,-5.0132,9.7625
BREN.JK,2026-01-13,9000.0,9200.0,8650.0,9200.0,9188.41,12282600,2.2222,6.1111
BREN.JK,2026-01-14,9700.0,9800.0,9500.0,9650.0,9637.85,30130800,4.8913,3.0928
BREN.JK,2026-01-15,9650.0,9700.0,9450.0,9700.0,9687.78,15750100,0.5181,2.5907
BREN.JK,2026-01-19,9550.0,9650.0,9475.0,9575.0,9562.94,14129000,-1.2887,1.8325
BREN.JK,2026-01-20,9575.0,9600.0,9450.0,9500.0,9488.04,9699100,-0.7833,1.5666
BREN.JK,2026-01-21,9500.0,9500.0,9225.0,9300.0,9288.29,10705000,-2.1053,2.8947
BREN.JK,2026-01-22,9375.0,9500.0,9300.0,9500.0,9488.04,13300300,2.1505,2.1333
BREN.JK,2026-01-23,9500.0,9500.0,8875.0,9300.0,9288.29,16082000,-2.1053,6.5789
BREN.JK,2026-01-26,9300.0,9475.0,9225.0,9375.0,9363.19,9753300,0.8065,2.6882
BREN.JK,2026-01-27,9450.0,9600.0,9375.0,9500.0,9488.04,27099500,1.3333,2.381
BREN.JK,2026-01-28,8100.0,8800.0,8075.0,8300.0,8289.55,37142800,-12.6316,8.9506
BREN.JK,2026-01-29,7450.0,9200.0,7075.0,8675.0,8664.07,44811400,4.5181,28.5235
BREN.JK,2026-01-30,8850.0,8875.0,8325.0,8525.0,8514.26,36041400,-1.7291,6.2147
BREN.JK,2026-02-02,8550.0,8550.0,7800.0,8325.0,8314.51,23613300,-2.346,8.7719
BREN.JK,2026-02-03,8200.0,8350.0,7900.0,8225.0,8214.64,21094900,-1.2012,5.4878
BREN.JK,2026-02-04,8225.0,8600.0,8150.0,8200.0,8189.67,15842900,-0.304,5.4711
BREN.JK,2026-02-05,8250.0,8275.0,8125.0,8250.0,8239.61,7653100,0.6098,1.8182
BREN.JK,2026-02-06,8175.0,8175.0,7900.0,8025.0,8014.89,11159500,-2.7273,3.3639
BREN.JK,2026-02-09,8025.0,8125.0,7900.0,8050.0,8039.86,4484400,0.3115,2.8037
BREN.JK,2026-02-10,8050.0,8075.0,7925.0,8000.0,7989.92,6433400,-0.6211,1.8634
BREN.JK,2026-02-11,8000.0,8350.0,7975.0,8300.0,8289.55,26345300,3.75,4.6875
BREN.JK,2026-02-12,8400.0,8425.0,8000.0,8200.0,8189.67,18471300,-1.2048,5.0595
BREN.JK,2026-02-13,8125.0,8125.0,7925.0,8000.0,7989.92,7032600,-2.439,2.4615
BREN.JK,2026-02-18,8000.0,8350.0,8000.0,8225.0,8214.64,12550100,2.8125,4.375
BREN.JK,2026-02-19,8300.0,8325.0,8100.0,8100.0,8089.8,5262700,-1.5198,2.7108
BREN.JK,2026-02-20,8150.0,8175.0,8025.0,8050.0,8039.86,3038700,-0.6173,1.8405
BREN.JK,2026-02-23,8100.0,8150.0,8075.0,8075.0,8064.83,3662600,0.3106,0.9259
BREN.JK,2026-02-24,8100.0,8225.0,7950.0,7950.0,7939.99,11859800,-1.548,3.3951
BREN.JK,2026-02-25,8050.0,8075.0,7775.0,7775.0,7765.21,8223800,-2.2013,3.7267
BREN.JK,2026-02-26,7850.0,8000.0,7675.0,7850.0,7840.11,9281900,0.9646,4.1401
BREN.JK,2026-02-27,7800.0,8225.0,7400.0,8225.0,8214.64,35921400,4.7771,10.5769
BREN.JK,2026-03-02,8050.0,8150.0,7675.0,7775.0,7765.21,11101200,-5.4711,5.9006
BREN.JK,2026-03-03,7775.0,7850.0,7575.0,7575.0,7565.46,3985100,-2.5723,3.537
BREN.JK,2026-03-04,7500.0,7500.0,7000.0,7425.0,7415.65,11161100,-1.9802,6.6667
BREN.JK,2026-03-05,7525.0,7675.0,7225.0,7300.0,7290.81,7303900,-1.6835,5.9801
BREN.JK,2026-03-06,7300.0,7725.0,7025.0,7725.0,7715.27,7039400,5.8219,9.589
BREN.JK,2026-03-09,7325.0,7575.0,6800.0,7350.0,7340.74,7668700,-4.8544,10.5802
BREN.JK,2026-03-10,7425.0,7550.0,7150.0,7150.0,7140.99,6038800,-2.7211,5.3872
BREN.JK,2026-03-11,7225.0,7225.0,6975.0,6975.0,6966.21,3149400,-2.4476,3.4602
BREN.JK,2026-03-12,6975.0,7000.0,6575.0,6575.0,6566.72,5889900,-5.7348,6.0932
BREN.JK,2026-03-13,6600.0,6675.0,6300.0,6300.0,6292.06,10029100,-4.1825,5.6818
BREN.JK,2026-03-16,6075.0,6175.0,5775.0,5975.0,5967.47,10642100,-5.1587,6.5844
BREN.JK,2026-03-17,6075.0,6100.0,5600.0,5800.0,5792.69,22312300,-2.9289,8.2305
BREN.JK,2026-03-25,5800.0,6050.0,5625.0,5800.0,5792.69,16589500,0.0,7.3276
BREN.JK,2026-03-26,5800.0,5800.0,5400.0,5550.0,5543.01,7900900,-4.3103,6.8966
BREN.JK,2026-03-27,5475.0,5550.0,5325.0,5525.0,5518.04,9643000,-0.4505,4.1096
BREN.JK,2026-03-30,5400.0,5650.0,5225.0,5475.0,5468.1,8403400,-0.905,7.8704
BREN.JK,2026-03-31,5500.0,5575.0,5175.0,5250.0,5243.39,7254200,-4.1096,7.2727
BREN.JK,2026-04-01,5350.0,5575.0,5350.0,5500.0,5493.07,6543600,4.7619,4.2056
BREN.JK,2026-04-02,5475.0,5475.0,4800.0,4800.0,4793.95,14761900,-12.7273,12.3288
BREN.JK,2026-04-06,4510.0,4600.0,4140.0,4360.0,4354.51,35650500,-9.1667,10.1996
BREN.JK,2026-04-07,4360.0,4680.0,4290.0,4650.0,4644.14,38142600,6.6514,8.945
BREN.JK,2026-04-08,5650.0,5650.0,4830.0,5000.0,4993.7,25956500,7.5269,14.5133
BREN.JK,2026-04-09,5000.0,5700.0,4870.0,5700.0,5692.82,40474400,14.0,16.6
BREN.JK,2026-04-10,5725.0,6000.0,5525.0,5800.0,5792.69,37599200,1.7544,8.2969
BREN.JK,2026-04-13,5700.0,6100.0,5550.0,6075.0,6067.35,20617100,4.7414,9.6491
BREN.JK,2026-04-14,6125.0,6575.0,6125.0,6500.0,6491.81,20517000,6.9959,7.3469
BREN.JK,2026-04-15,6600.0,6675.0,6200.0,6450.0,6441.88,20185300,-0.7692,7.197
BREN.JK,2026-04-16,6400.0,6625.0,6050.0,6325.0,6317.03,20777100,-1.938,8.9844
BREN.JK,2026-04-17,6325.0,6625.0,6250.0,6625.0,6616.66,25934000,4.7431,5.9289
BREN.JK,2026-04-20,6600.0,6700.0,6350.0,6600.0,6591.69,64129100,-0.3774,5.303
BREN.JK,2026-04-21,6450.0,6475.0,5950.0,5975.0,5967.47,37541900,-9.4697,8.1395
BREN.JK,2026-04-22,5325.0,5700.0,5325.0,5400.0,5393.2,22019100,-9.6234,7.0423
BREN.JK,2026-04-23,5325.0,5550.0,4930.0,4930.0,4923.79,25968800,-8.7037,11.6432
BREN.JK,2026-04-24,5000.0,5125.0,4620.0,4620.0,4614.18,20415900,-6.288,10.1
BREN.JK,2026-04-27,4630.0,4850.0,4630.0,4660.0,4654.13,10239200,0.8658,4.7516
BREN.JK,2026-04-28,4740.0,4790.0,4510.0,4650.0,4644.14,9734000,-0.2146,5.9072
BREN.JK,2026-04-29,4680.0,4730.0,4610.0,4730.0,4724.04,5482300,1.7204,2.5641
BREN.JK,2026-04-30,4730.0,4880.0,4360.0,4460.0,4454.38,15291500,-5.7082,10.9937
BREN.JK,2026-05-04,4470.0,4750.0,4430.0,4600.0,4594.21,8043000,3.139,7.1588
BREN.JK,2026-05-05,4600.0,4840.0,4470.0,4730.0,4724.04,17771000,2.8261,8.0435
BREN.JK,2026-05-06,4770.0,4830.0,4620.0,4820.0,4813.93,18716700,1.9027,4.4025
BREN.JK,2026-05-07,4840.0,5125.0,4520.0,4650.0,4644.14,29886300,-3.527,12.5
BREN.JK,2026-05-08,4560.0,4600.0,4100.0,4100.0,4094.84,27905000,-11.828,10.9649
BREN.JK,2026-05-11,4110.0,4160.0,3780.0,3790.0,3785.23,23224000,-7.561,9.2457
BREN.JK,2026-05-12,3790.0,3910.0,3560.0,3610.0,3605.45,22944400,-4.7493,9.2348
BREN.JK,2026-05-13,3430.0,3490.0,3200.0,3200.0,3195.97,80031300,-11.3573,8.4548
BREN.JK,2026-05-14,3200.0,3200.0,3200.0,3200.0,3195.97,0,0.0,0.0
BREN.JK,2026-05-15,3200.0,3200.0,3200.0,3200.0,3195.97,0,0.0,0.0
BREN.JK,2026-05-18,2970.0,3410.0,2880.0,3190.0,3185.98,139364900,-0.3125,17.8451
BREN.JK,2026-05-19,3190.0,3250.0,2900.0,3020.0,3016.2,103461200,-5.3292,10.9718
BREN.JK,2026-05-20,2930.0,3000.0,2630.0,2790.0,2786.49,62100900,-7.6159,12.628
BREN.JK,2026-05-21,2600.0,2740.0,2410.0,2570.0,2566.76,50892700,-7.8853,12.6923
BREN.JK,2026-05-22,2600.0,2660.0,2400.0,2450.0,2446.91,110164800,-4.6693,10.0
BREN.JK,2026-05-25,2450.0,2530.0,2300.0,2380.0,2377.0,98632800,-2.8571,9.3878
BREN.JK,2026-05-26,2340.0,2810.0,2300.0,2640.0,2636.67,211822800,10.9244,21.7949
BREN.JK,2026-05-27,2640.0,2640.0,2640.0,2640.0,2636.67,0,0.0,0.0
BREN.JK,2026-05-28,2640.0,2640.0,2640.0,2640.0,2636.67,0,0.0,0.0
BREN.JK,2026-05-29,3300.0,3300.0,3300.0,3300.0,3295.84,682231400,25.0,0.0
BREN.JK,2026-06-02,4120.0,4120.0,3630.0,4120.0,4114.81,298798900,24.8485,11.8932
BREN.JK,2026-06-03,4120.0,4220.0,3770.0,4160.0,4154.76,119643500,0.9709,10.9223
BREN.JK,2026-06-04,4150.0,4180.0,3670.0,4000.0,3994.96,97352700,-3.8462,12.2892
BREN.JK,2026-06-05,4010.0,4100.0,3430.0,3590.0,3585.48,67120200,-10.25,16.7082
BREN.JK,2026-06-08,3480.0,3590.0,3250.0,3590.0,3585.48,40689100,0.0,9.7701
BREN.JK,2026-06-09,3600.0,4150.0,3400.0,4090.0,4084.85,109096100,13.9276,20.8333
BREN.JK,2026-06-10,4090.0,4330.0,3930.0,4220.0,4214.69,75350800,3.1785,9.78
BREN.JK,2026-06-11,4220.0,4230.0,3870.0,4040.0,4034.91,39206100,-4.2654,8.5308
BREN.JK,2026-06-12,4070.0,4270.0,4060.0,4080.0,4074.86,51411300,0.9901,5.1597
BREN.JK,2026-06-15,4130.0,4460.0,4130.0,4250.0,4244.65,55137300,4.1667,7.9903
BREN.JK,2026-06-17,4250.0,4280.0,3700.0,3740.0,3735.29,89958300,-12.0,13.6471
BREN.JK,2026-06-18,3780.0,3970.0,3730.0,3820.0,3815.19,36116600,2.139,6.3492
BREN.JK,2026-06-19,3750.0,3850.0,3730.0,3730.0,3725.3,14252500,-2.356,3.2
BREN.JK,2026-06-22,3770.0,3800.0,3590.0,3670.0,3665.38,18146600,-1.6086,5.5703
BREN.JK,2026-06-23,3670.0,3810.0,3610.0,3690.0,3685.35,46826000,0.545,5.4496
BREN.JK,2026-06-24,3730.0,3840.0,3530.0,3650.0,3645.4,100396500,-1.084,8.311
BREN.JK,2026-06-25,3610.0,3810.0,3600.0,3650.0,3645.4,24681500,0.0,5.8172
BREN.JK,2026-06-26,3680.0,3680.0,3330.0,3350.0,3345.78,20337100,-8.2192,9.5109
BREN.JK,2026-06-29,3350.0,3380.0,3180.0,3200.0,3195.97,16437800,-4.4776,5.9701
BREN.JK,2026-06-30,3210.0,3280.0,3040.0,3090.0,3086.11,17906100,-3.4375,7.4766
BREN.JK,2026-07-01,3100.0,3490.0,3090.0,3360.0,3355.77,35589100,8.7379,12.9032
BREN.JK,2026-07-02,3320.0,3550.0,3220.0,3250.0,3245.91,29088700,-3.2738,9.9398
BREN.JK,2026-07-03,3300.0,3540.0,3290.0,3400.0,3400.0,51464400,4.6154,7.5758
BUMI.JK,2024-07-03,81.0,84.0,80.0,83.0,83.0,234043600,,4.9383
BUMI.JK,2024-07-04,84.0,85.0,82.0,83.0,83.0,184051400,0.0,3.5714
BUMI.JK,2024-07-05,84.0,84.0,82.0,84.0,84.0,129144500,1.2048,2.381
BUMI.JK,2024-07-08,84.0,86.0,83.0,85.0,85.0,186548900,1.1905,3.5714
BUMI.JK,2024-07-09,85.0,85.0,83.0,83.0,83.0,90200800,-2.3529,2.3529
BUMI.JK,2024-07-10,84.0,84.0,79.0,81.0,81.0,215791700,-2.4096,5.9524
BUMI.JK,2024-07-11,81.0,81.0,79.0,79.0,79.0,254349400,-2.4691,2.4691
BUMI.JK,2024-07-12,80.0,80.0,79.0,79.0,79.0,175504200,0.0,1.25
BUMI.JK,2024-07-15,79.0,80.0,78.0,79.0,79.0,64124800,0.0,2.5316
BUMI.JK,2024-07-16,80.0,80.0,79.0,79.0,79.0,36963800,0.0,1.25
BUMI.JK,2024-07-17,80.0,82.0,79.0,79.0,79.0,147275400,0.0,3.75
BUMI.JK,2024-07-18,79.0,80.0,79.0,80.0,80.0,206050400,1.2658,1.2658
BUMI.JK,2024-07-19,80.0,80.0,78.0,78.0,78.0,197242100,-2.5,2.5
BUMI.JK,2024-07-22,78.0,80.0,78.0,79.0,79.0,110768900,1.2821,2.5641
BUMI.JK,2024-07-23,79.0,80.0,77.0,78.0,78.0,403448900,-1.2658,3.7975
BUMI.JK,2024-07-24,78.0,79.0,76.0,76.0,76.0,229311800,-2.5641,3.8462
BUMI.JK,2024-07-25,76.0,77.0,75.0,75.0,75.0,175757800,-1.3158,2.6316
BUMI.JK,2024-07-26,75.0,78.0,75.0,78.0,78.0,158180500,4.0,4.0
BUMI.JK,2024-07-29,80.0,80.0,77.0,77.0,77.0,103242300,-1.2821,3.75
BUMI.JK,2024-07-30,77.0,78.0,74.0,76.0,76.0,257775000,-1.2987,5.1948
BUMI.JK,2024-07-31,76.0,77.0,74.0,75.0,75.0,248978000,-1.3158,3.9474
BUMI.JK,2024-08-01,75.0,77.0,74.0,75.0,75.0,156557500,0.0,4.0
BUMI.JK,2024-08-02,75.0,79.0,74.0,76.0,76.0,327820700,1.3333,6.6667
BUMI.JK,2024-08-05,76.0,76.0,72.0,72.0,72.0,380020800,-5.2632,5.2632
BUMI.JK,2024-08-06,72.0,75.0,72.0,73.0,73.0,105904800,1.3889,4.1667
BUMI.JK,2024-08-07,73.0,76.0,73.0,75.0,75.0,104995800,2.7397,4.1096
BUMI.JK,2024-08-08,75.0,75.0,73.0,74.0,74.0,85623100,-1.3333,2.6667
BUMI.JK,2024-08-09,74.0,76.0,74.0,75.0,75.0,62127000,1.3514,2.7027
BUMI.JK,2024-08-12,76.0,77.0,75.0,76.0,76.0,133161100,1.3333,2.6316
BUMI.JK,2024-08-13,76.0,77.0,75.0,76.0,76.0,163171400,0.0,2.6316
BUMI.JK,2024-08-14,76.0,77.0,75.0,76.0,76.0,196498600,0.0,2.6316
BUMI.JK,2024-08-15,76.0,82.0,76.0,80.0,80.0,751518400,5.2632,7.8947
BUMI.JK,2024-08-16,80.0,89.0,80.0,88.0,88.0,1572937900,10.0,11.25
BUMI.JK,2024-08-19,89.0,91.0,86.0,87.0,87.0,766215700,-1.1364,5.618
BUMI.JK,2024-08-20,89.0,90.0,87.0,88.0,88.0,240858900,1.1494,3.3708
BUMI.JK,2024-08-21,89.0,97.0,88.0,94.0,94.0,1405705200,6.8182,10.1124
BUMI.JK,2024-08-22,93.0,96.0,90.0,91.0,91.0,784336000,-3.1915,6.4516
BUMI.JK,2024-08-23,92.0,94.0,91.0,94.0,94.0,357076000,3.2967,3.2609
BUMI.JK,2024-08-26,95.0,97.0,93.0,94.0,94.0,382083700,0.0,4.2105
BUMI.JK,2024-08-27,95.0,96.0,92.0,92.0,92.0,240621200,-2.1277,4.2105
BUMI.JK,2024-08-28,92.0,95.0,91.0,93.0,93.0,310124800,1.087,4.3478
BUMI.JK,2024-08-29,94.0,95.0,87.0,89.0,89.0,783885400,-4.3011,8.5106
BUMI.JK,2024-08-30,89.0,90.0,88.0,89.0,89.0,314646500,0.0,2.2472
BUMI.JK,2024-09-02,89.0,94.0,89.0,93.0,93.0,471702900,4.4944,5.618
BUMI.JK,2024-09-03,94.0,103.0,93.0,98.0,98.0,1944997500,5.3763,10.6383
BUMI.JK,2024-09-04,101.0,101.0,96.0,99.0,99.0,772067100,1.0204,4.9505
BUMI.JK,2024-09-05,100.0,102.0,98.0,99.0,99.0,534363900,0.0,4.0
BUMI.JK,2024-09-06,99.0,102.0,98.0,98.0,98.0,463503700,-1.0101,4.0404
BUMI.JK,2024-09-09,99.0,100.0,96.0,97.0,97.0,366631400,-1.0204,4.0404
BUMI.JK,2024-09-10,98.0,99.0,96.0,97.0,97.0,227530700,0.0,3.0612
BUMI.JK,2024-09-11,97.0,98.0,94.0,94.0,94.0,359095500,-3.0928,4.1237
BUMI.JK,2024-09-12,94.0,98.0,94.0,97.0,97.0,618476100,3.1915,4.2553
BUMI.JK,2024-09-13,98.0,100.0,97.0,99.0,99.0,310498900,2.0619,3.0612
BUMI.JK,2024-09-17,101.0,106.0,99.0,105.0,105.0,1635899400,6.0606,6.9307
BUMI.JK,2024-09-18,100.0,109.0,100.0,105.0,105.0,1241907400,0.0,9.0
BUMI.JK,2024-09-19,106.0,117.0,105.0,117.0,117.0,2116350800,11.4286,11.3208
BUMI.JK,2024-09-20,117.0,120.0,112.0,116.0,116.0,1623118600,-0.8547,6.8376
BUMI.JK,2024-09-23,116.0,127.0,114.0,124.0,124.0,2024425300,6.8966,11.2069
BUMI.JK,2024-09-24,125.0,125.0,119.0,122.0,122.0,905391000,-1.6129,4.8
BUMI.JK,2024-09-25,122.0,124.0,118.0,121.0,121.0,851167500,-0.8197,4.918
BUMI.JK,2024-09-26,122.0,124.0,119.0,123.0,123.0,827583300,1.6529,4.0984
BUMI.JK,2024-09-27,123.0,124.0,120.0,122.0,122.0,587032600,-0.813,3.252
BUMI.JK,2024-09-30,122.0,128.0,122.0,122.0,122.0,1494184300,0.0,4.918
BUMI.JK,2024-10-01,123.0,143.0,122.0,143.0,143.0,4971377700,17.2131,17.0732
BUMI.JK,2024-10-02,148.0,150.0,129.0,138.0,138.0,7989500200,-3.4965,14.1892
BUMI.JK,2024-10-03,140.0,140.0,132.0,133.0,133.0,1583185000,-3.6232,5.7143
BUMI.JK,2024-10-04,134.0,138.0,132.0,135.0,135.0,1507281300,1.5038,4.4776
BUMI.JK,2024-10-07,138.0,141.0,136.0,139.0,139.0,1652026700,2.963,3.6232
BUMI.JK,2024-10-08,139.0,140.0,133.0,134.0,134.0,1213355000,-3.5971,5.036
BUMI.JK,2024-10-09,134.0,135.0,125.0,128.0,128.0,1727066100,-4.4776,7.4627
BUMI.JK,2024-10-10,127.0,133.0,124.0,131.0,131.0,1232767600,2.3438,7.0866
BUMI.JK,2024-10-11,133.0,139.0,132.0,134.0,134.0,1150694000,2.2901,5.2632
BUMI.JK,2024-10-14,134.0,143.0,132.0,140.0,140.0,1575057400,4.4776,8.209
BUMI.JK,2024-10-15,141.0,144.0,138.0,140.0,140.0,1347388300,0.0,4.2553
BUMI.JK,2024-10-16,141.0,141.0,135.0,137.0,137.0,682755100,-2.1429,4.2553
BUMI.JK,2024-10-17,137.0,149.0,136.0,146.0,146.0,2170132600,6.5693,9.4891
BUMI.JK,2024-10-18,147.0,148.0,139.0,139.0,139.0,1520246300,-4.7945,6.1224
BUMI.JK,2024-10-21,139.0,144.0,137.0,138.0,138.0,812919200,-0.7194,5.036
BUMI.JK,2024-10-22,143.0,143.0,136.0,141.0,141.0,1012985700,2.1739,4.8951
BUMI.JK,2024-10-23,141.0,154.0,140.0,147.0,147.0,4617397400,4.2553,9.9291
BUMI.JK,2024-10-24,146.0,150.0,144.0,146.0,146.0,1418159400,-0.6803,4.1096
BUMI.JK,2024-10-25,148.0,153.0,141.0,141.0,141.0,2651559700,-3.4247,8.1081
BUMI.JK,2024-10-28,143.0,144.0,136.0,139.0,139.0,1233779000,-1.4184,5.5944
BUMI.JK,2024-10-29,139.0,144.0,138.0,139.0,139.0,791532600,0.0,4.3165
BUMI.JK,2024-10-30,140.0,143.0,138.0,140.0,140.0,695458800,0.7194,3.5714
BUMI.JK,2024-10-31,141.0,142.0,138.0,139.0,139.0,821357200,-0.7143,2.8369
BUMI.JK,2024-11-01,139.0,140.0,135.0,135.0,135.0,1080600600,-2.8777,3.5971
BUMI.JK,2024-11-04,135.0,140.0,135.0,135.0,135.0,1052096300,0.0,3.7037
BUMI.JK,2024-11-05,137.0,138.0,133.0,138.0,138.0,845281500,2.2222,3.6496
BUMI.JK,2024-11-06,138.0,141.0,135.0,135.0,135.0,1684070100,-2.1739,4.3478
BUMI.JK,2024-11-07,135.0,135.0,126.0,130.0,130.0,1417824200,-3.7037,6.6667
BUMI.JK,2024-11-08,130.0,134.0,126.0,127.0,127.0,1428151100,-2.3077,6.1538
BUMI.JK,2024-11-11,128.0,151.0,127.0,149.0,149.0,4358381800,17.3228,18.75
BUMI.JK,2024-11-12,149.0,176.0,148.0,174.0,174.0,8549036500,16.7785,18.7919
BUMI.JK,2024-11-13,164.0,175.0,163.0,164.0,164.0,3522430000,-5.7471,7.3171
BUMI.JK,2024-11-14,164.0,173.0,157.0,161.0,161.0,3431203500,-1.8293,9.7561
BUMI.JK,2024-11-15,162.0,163.0,141.0,149.0,149.0,5434184500,-7.4534,13.5802
BUMI.JK,2024-11-18,156.0,159.0,147.0,153.0,153.0,2425042300,2.6846,7.6923
BUMI.JK,2024-11-19,153.0,156.0,150.0,150.0,150.0,1294614700,-1.9608,3.9216
BUMI.JK,2024-11-20,151.0,151.0,144.0,147.0,147.0,1121191000,-2.0,4.6358
BUMI.JK,2024-11-21,147.0,150.0,142.0,143.0,143.0,1546806500,-2.7211,5.4422
BUMI.JK,2024-11-22,143.0,146.0,143.0,143.0,143.0,696367700,0.0,2.0979
BUMI.JK,2024-11-25,144.0,148.0,140.0,146.0,146.0,910851500,2.0979,5.5556
BUMI.JK,2024-11-26,146.0,146.0,141.0,141.0,141.0,719330600,-3.4247,3.4247
BUMI.JK,2024-11-28,141.0,143.0,133.0,135.0,135.0,1184927100,-4.2553,7.0922
BUMI.JK,2024-11-29,140.0,148.0,133.0,147.0,147.0,2220984400,8.8889,10.7143
BUMI.JK,2024-12-02,148.0,150.0,138.0,138.0,138.0,1387470500,-6.1224,8.1081
BUMI.JK,2024-12-03,138.0,144.0,136.0,137.0,137.0,1172848400,-0.7246,5.7971
BUMI.JK,2024-12-04,138.0,141.0,137.0,139.0,139.0,975525500,1.4599,2.8986
BUMI.JK,2024-12-05,140.0,141.0,138.0,139.0,139.0,653831800,0.0,2.1429
BUMI.JK,2024-12-06,139.0,141.0,137.0,138.0,138.0,539848700,-0.7194,2.8777
BUMI.JK,2024-12-09,139.0,145.0,138.0,142.0,142.0,1051395800,2.8986,5.036
BUMI.JK,2024-12-10,144.0,152.0,141.0,148.0,148.0,2992366600,4.2254,7.6389
BUMI.JK,2024-12-11,149.0,154.0,145.0,145.0,145.0,2416952000,-2.027,6.0403
BUMI.JK,2024-12-12,146.0,150.0,145.0,145.0,145.0,1089700400,0.0,3.4247
BUMI.JK,2024-12-13,146.0,147.0,142.0,143.0,143.0,639726700,-1.3793,3.4247
BUMI.JK,2024-12-16,143.0,144.0,138.0,139.0,139.0,977740400,-2.7972,4.1958
BUMI.JK,2024-12-17,140.0,144.0,134.0,135.0,135.0,1283741100,-2.8777,7.1429
BUMI.JK,2024-12-18,135.0,139.0,130.0,132.0,132.0,1525680200,-2.2222,6.6667
BUMI.JK,2024-12-19,127.0,129.0,118.0,122.0,122.0,1928584400,-7.5758,8.6614
BUMI.JK,2024-12-20,124.0,125.0,115.0,115.0,115.0,1476108300,-5.7377,8.0645
BUMI.JK,2024-12-23,117.0,120.0,115.0,116.0,116.0,765874400,0.8696,4.2735
BUMI.JK,2024-12-24,117.0,121.0,113.0,116.0,116.0,730121800,0.0,6.8376
BUMI.JK,2024-12-27,117.0,119.0,114.0,116.0,116.0,439627600,0.0,4.2735
BUMI.JK,2024-12-30,117.0,120.0,114.0,118.0,118.0,435225700,1.7241,5.1282
BUMI.JK,2025-01-02,120.0,128.0,119.0,123.0,123.0,1378670900,4.2373,7.5
BUMI.JK,2025-01-03,124.0,127.0,121.0,124.0,124.0,1196922400,0.813,4.8387
BUMI.JK,2025-01-06,125.0,126.0,119.0,119.0,119.0,541934900,-4.0323,5.6
BUMI.JK,2025-01-07,120.0,122.0,117.0,120.0,120.0,515026800,0.8403,4.1667
BUMI.JK,2025-01-08,119.0,121.0,114.0,115.0,115.0,953636700,-4.1667,5.8824
BUMI.JK,2025-01-09,115.0,117.0,108.0,108.0,108.0,998467700,-6.087,7.8261
BUMI.JK,2025-01-10,108.0,129.0,108.0,122.0,122.0,2338122400,12.963,19.4444
BUMI.JK,2025-01-13,123.0,125.0,116.0,117.0,117.0,1379812600,-4.0984,7.3171
BUMI.JK,2025-01-14,117.0,125.0,115.0,124.0,124.0,961925600,5.9829,8.547
BUMI.JK,2025-01-15,124.0,126.0,120.0,122.0,122.0,595077100,-1.6129,4.8387
BUMI.JK,2025-01-16,123.0,130.0,122.0,124.0,124.0,1001991200,1.6393,6.5041
BUMI.JK,2025-01-17,124.0,125.0,118.0,119.0,119.0,1089493400,-4.0323,5.6452
BUMI.JK,2025-01-20,120.0,123.0,119.0,121.0,121.0,575532800,1.6807,3.3333
BUMI.JK,2025-01-21,122.0,125.0,121.0,122.0,122.0,529704700,0.8264,3.2787
BUMI.JK,2025-01-22,122.0,128.0,122.0,124.0,124.0,1159191100,1.6393,4.918
BUMI.JK,2025-01-23,125.0,130.0,123.0,125.0,125.0,1179379500,0.8065,5.6
BUMI.JK,2025-01-24,124.0,125.0,119.0,120.0,120.0,853609800,-4.0,4.8387
BUMI.JK,2025-01-30,120.0,121.0,116.0,118.0,118.0,359512300,-1.6667,4.1667
BUMI.JK,2025-01-31,120.0,121.0,118.0,118.0,118.0,219095200,0.0,2.5
BUMI.JK,2025-02-03,119.0,119.0,112.0,115.0,115.0,565815000,-2.5424,5.8824
BUMI.JK,2025-02-04,116.0,118.0,114.0,115.0,115.0,538016300,0.0,3.4483
BUMI.JK,2025-02-05,114.0,118.0,114.0,115.0,115.0,344363400,0.0,3.5088
BUMI.JK,2025-02-06,117.0,117.0,112.0,113.0,113.0,375859900,-1.7391,4.2735
BUMI.JK,2025-02-07,112.0,113.0,108.0,109.0,109.0,552704600,-3.5398,4.4643
BUMI.JK,2025-02-10,108.0,109.0,100.0,101.0,101.0,1038054400,-7.3394,8.3333
BUMI.JK,2025-02-11,101.0,105.0,95.0,96.0,96.0,1378167300,-4.9505,9.901
BUMI.JK,2025-02-12,97.0,101.0,90.0,99.0,99.0,1284502800,3.125,11.3402
BUMI.JK,2025-02-13,100.0,102.0,97.0,101.0,101.0,439249200,2.0202,5.0
BUMI.JK,2025-02-14,101.0,104.0,100.0,103.0,103.0,452999900,1.9802,3.9604
BUMI.JK,2025-02-17,104.0,109.0,103.0,107.0,107.0,1181614700,3.8835,5.7692
BUMI.JK,2025-02-18,107.0,111.0,106.0,110.0,110.0,1005527400,2.8037,4.6729
BUMI.JK,2025-02-19,111.0,115.0,110.0,113.0,113.0,767068900,2.7273,4.5045
BUMI.JK,2025-02-20,113.0,116.0,111.0,111.0,111.0,893560900,-1.7699,4.4248
BUMI.JK,2025-02-21,112.0,112.0,108.0,110.0,110.0,504729100,-0.9009,3.5714
BUMI.JK,2025-02-24,110.0,111.0,107.0,108.0,108.0,303217000,-1.8182,3.6364
BUMI.JK,2025-02-25,109.0,109.0,101.0,102.0,102.0,620608800,-5.5556,7.3394
BUMI.JK,2025-02-26,102.0,104.0,98.0,100.0,100.0,385664200,-1.9608,5.8824
BUMI.JK,2025-02-27,101.0,104.0,100.0,100.0,100.0,417610500,0.0,3.9604
BUMI.JK,2025-02-28,99.0,100.0,94.0,94.0,94.0,661566900,-6.0,6.0606
BUMI.JK,2025-03-03,95.0,100.0,95.0,98.0,98.0,539773300,4.2553,5.2632
BUMI.JK,2025-03-04,99.0,100.0,92.0,93.0,93.0,578372100,-5.102,8.0808
BUMI.JK,2025-03-05,93.0,97.0,93.0,93.0,93.0,355714900,0.0,4.3011
BUMI.JK,2025-03-06,95.0,97.0,94.0,96.0,96.0,279926900,3.2258,3.1579
BUMI.JK,2025-03-07,96.0,97.0,94.0,94.0,94.0,351486900,-2.0833,3.125
BUMI.JK,2025-03-10,96.0,105.0,96.0,102.0,102.0,1238852900,8.5106,9.375
BUMI.JK,2025-03-11,99.0,102.0,98.0,99.0,99.0,600058900,-2.9412,4.0404
BUMI.JK,2025-03-12,99.0,100.0,96.0,97.0,97.0,295951700,-2.0202,4.0404
BUMI.JK,2025-03-13,97.0,98.0,94.0,94.0,94.0,367771300,-3.0928,4.1237
BUMI.JK,2025-03-14,94.0,96.0,92.0,92.0,92.0,479650100,-2.1277,4.2553
BUMI.JK,2025-03-17,93.0,95.0,92.0,94.0,94.0,430009000,2.1739,3.2258
BUMI.JK,2025-03-18,95.0,95.0,70.0,86.0,86.0,1412768100,-8.5106,26.3158
BUMI.JK,2025-03-19,87.0,90.0,85.0,89.0,89.0,362848400,3.4884,5.7471
BUMI.JK,2025-03-20,90.0,93.0,89.0,89.0,89.0,399346600,0.0,4.4444
BUMI.JK,2025-03-21,90.0,90.0,84.0,90.0,90.0,630512000,1.1236,6.6667
BUMI.JK,2025-03-24,90.0,90.0,83.0,84.0,84.0,316965900,-6.6667,7.7778
BUMI.JK,2025-03-25,85.0,87.0,83.0,85.0,85.0,249577600,1.1905,4.7059
BUMI.JK,2025-03-26,86.0,92.0,86.0,90.0,90.0,361794600,5.8824,6.9767
BUMI.JK,2025-03-27,91.0,96.0,90.0,93.0,93.0,508008500,3.3333,6.5934
BUMI.JK,2025-04-08,80.0,86.0,80.0,80.0,80.0,741609600,-13.9785,7.5
BUMI.JK,2025-04-09,80.0,83.0,75.0,77.0,77.0,622188000,-3.75,10.0
BUMI.JK,2025-04-10,83.0,86.0,80.0,81.0,81.0,896789100,5.1948,7.2289
BUMI.JK,2025-04-11,80.0,85.0,80.0,83.0,83.0,362257000,2.4691,6.25
BUMI.JK,2025-04-14,86.0,94.0,85.0,93.0,93.0,794561500,12.0482,10.4651
BUMI.JK,2025-04-15,95.0,97.0,92.0,95.0,95.0,647911600,2.1505,5.2632
BUMI.JK,2025-04-16,99.0,104.0,98.0,100.0,100.0,1481729200,5.2632,6.0606
BUMI.JK,2025-04-17,100.0,100.0,95.0,97.0,97.0,652907500,-3.0,5.0
BUMI.JK,2025-04-21,97.0,102.0,97.0,100.0,100.0,782109500,3.0928,5.1546
BUMI.JK,2025-04-22,107.0,112.0,104.0,112.0,112.0,3021746800,12.0,7.4766
BUMI.JK,2025-04-23,113.0,116.0,106.0,108.0,108.0,2191557800,-3.5714,8.8496
BUMI.JK,2025-04-24,107.0,110.0,105.0,105.0,105.0,622213300,-2.7778,4.6729
BUMI.JK,2025-04-25,107.0,109.0,105.0,107.0,107.0,445837500,1.9048,3.7383
BUMI.JK,2025-04-28,108.0,109.0,105.0,105.0,105.0,412565400,-1.8692,3.7037
BUMI.JK,2025-04-29,105.0,110.0,104.0,108.0,108.0,1232376200,2.8571,5.7143
BUMI.JK,2025-04-30,109.0,110.0,107.0,107.0,107.0,626538700,-0.9259,2.7523
BUMI.JK,2025-05-02,107.0,112.0,106.0,112.0,112.0,1012962400,4.6729,5.6075
BUMI.JK,2025-05-05,112.0,113.0,109.0,109.0,109.0,892628400,-2.6786,3.5714
BUMI.JK,2025-05-06,110.0,113.0,109.0,111.0,111.0,779426700,1.8349,3.6364
BUMI.JK,2025-05-07,113.0,114.0,109.0,110.0,110.0,689783400,-0.9009,4.4248
BUMI.JK,2025-05-08,112.0,114.0,110.0,112.0,112.0,1120539400,1.8182,3.5714
BUMI.JK,2025-05-09,113.0,114.0,108.0,110.0,110.0,639593200,-1.7857,5.3097
BUMI.JK,2025-05-14,112.0,117.0,109.0,117.0,117.0,2922757100,6.3636,7.1429
BUMI.JK,2025-05-15,119.0,128.0,117.0,127.0,127.0,4259956500,8.547,9.2437
BUMI.JK,2025-05-16,125.0,127.0,120.0,121.0,121.0,1889738700,-4.7244,5.6
BUMI.JK,2025-05-19,122.0,127.0,121.0,125.0,125.0,1392066500,3.3058,4.918
BUMI.JK,2025-05-20,125.0,125.0,120.0,122.0,122.0,1053937100,-2.4,4.0
BUMI.JK,2025-05-21,122.0,123.0,116.0,118.0,118.0,1523611300,-3.2787,5.7377
BUMI.JK,2025-05-22,119.0,121.0,116.0,116.0,116.0,1343801600,-1.6949,4.2017
BUMI.JK,2025-05-23,115.0,119.0,115.0,118.0,118.0,503404900,1.7241,3.4783
BUMI.JK,2025-05-26,119.0,121.0,117.0,118.0,118.0,1359220900,0.0,3.3613
BUMI.JK,2025-05-27,119.0,123.0,118.0,119.0,119.0,1316316300,0.8475,4.2017
BUMI.JK,2025-05-28,120.0,122.0,118.0,118.0,118.0,1032922300,-0.8403,3.3333
BUMI.JK,2025-06-02,120.0,126.0,119.0,123.0,123.0,2864663600,4.2373,5.8333
BUMI.JK,2025-06-03,124.0,125.0,117.0,118.0,118.0,1883315600,-4.065,6.4516
BUMI.JK,2025-06-04,119.0,122.0,118.0,120.0,120.0,1020767200,1.6949,3.3613
BUMI.JK,2025-06-05,120.0,127.0,120.0,123.0,123.0,2482171700,2.5,5.8333
BUMI.JK,2025-06-10,123.0,126.0,121.0,122.0,122.0,1308473900,-0.813,4.065
BUMI.JK,2025-06-11,122.0,134.0,121.0,132.0,132.0,3983881600,8.1967,10.6557
BUMI.JK,2025-06-12,134.0,148.0,132.0,138.0,138.0,7001855600,4.5455,11.9403
BUMI.JK,2025-06-13,139.0,141.0,132.0,133.0,133.0,2749555500,-3.6232,6.4748
BUMI.JK,2025-06-16,134.0,137.0,127.0,128.0,128.0,2725094400,-3.7594,7.4627
BUMI.JK,2025-06-17,128.0,130.0,125.0,127.0,127.0,1961342900,-0.7812,3.9062
BUMI.JK,2025-06-18,129.0,132.0,126.0,127.0,127.0,1998786200,0.0,4.6512
BUMI.JK,2025-06-19,129.0,130.0,120.0,121.0,121.0,2268576700,-4.7244,7.7519
BUMI.JK,2025-06-20,124.0,126.0,120.0,120.0,120.0,2368989200,-0.8264,4.8387
BUMI.JK,2025-06-23,118.0,121.0,114.0,118.0,118.0,1626911400,-1.6667,5.9322
BUMI.JK,2025-06-24,121.0,123.0,117.0,117.0,117.0,1275499700,-0.8475,4.9587
BUMI.JK,2025-06-25,118.0,119.0,111.0,112.0,112.0,1889744200,-4.2735,6.7797
BUMI.JK,2025-06-26,113.0,116.0,112.0,113.0,113.0,981927200,0.8929,3.5398
BUMI.JK,2025-06-30,115.0,120.0,114.0,119.0,119.0,1306960800,5.3097,5.2174
BUMI.JK,2025-07-01,119.0,120.0,113.0,114.0,114.0,1418642200,-4.2017,5.8824
BUMI.JK,2025-07-02,115.0,115.0,109.0,114.0,114.0,1612196600,0.0,5.2174
BUMI.JK,2025-07-03,114.0,115.0,112.0,113.0,113.0,819493600,-0.8772,2.6316
BUMI.JK,2025-07-04,113.0,115.0,110.0,113.0,113.0,840417200,0.0,4.4248
BUMI.JK,2025-07-07,113.0,114.0,111.0,113.0,113.0,558519900,0.0,2.6549
BUMI.JK,2025-07-08,113.0,117.0,112.0,116.0,116.0,835692100,2.6549,4.4248
BUMI.JK,2025-07-09,116.0,117.0,114.0,115.0,115.0,553249800,-0.8621,2.5862
BUMI.JK,2025-07-10,115.0,116.0,113.0,114.0,114.0,498741300,-0.8696,2.6087
BUMI.JK,2025-07-11,114.0,116.0,113.0,114.0,114.0,352969200,0.0,2.6316
BUMI.JK,2025-07-14,115.0,116.0,112.0,115.0,115.0,1126225100,0.8772,3.4783
BUMI.JK,2025-07-15,115.0,116.0,112.0,113.0,113.0,880297700,-1.7391,3.4783
BUMI.JK,2025-07-16,113.0,122.0,113.0,121.0,121.0,3325970000,7.0796,7.9646
BUMI.JK,2025-07-17,122.0,122.0,118.0,119.0,119.0,1036225700,-1.6529,3.2787
BUMI.JK,2025-07-18,119.0,121.0,117.0,117.0,117.0,1024410800,-1.6807,3.3613
BUMI.JK,2025-07-21,117.0,121.0,117.0,118.0,118.0,1543581600,0.8547,3.4188
BUMI.JK,2025-07-22,120.0,124.0,118.0,120.0,120.0,2052722000,1.6949,5.0
BUMI.JK,2025-07-23,120.0,123.0,118.0,119.0,119.0,1074547100,-0.8333,4.1667
BUMI.JK,2025-07-24,119.0,120.0,116.0,116.0,116.0,1003326600,-2.521,3.3613
BUMI.JK,2025-07-25,116.0,118.0,114.0,114.0,114.0,847577900,-1.7241,3.4483
BUMI.JK,2025-07-28,115.0,117.0,114.0,115.0,115.0,924079800,0.8772,2.6087
BUMI.JK,2025-07-29,116.0,118.0,115.0,116.0,116.0,1047137900,0.8696,2.5862
BUMI.JK,2025-07-30,117.0,118.0,114.0,115.0,115.0,684736500,-0.8621,3.4188
BUMI.JK,2025-07-31,115.0,116.0,111.0,111.0,111.0,1099756000,-3.4783,4.3478
BUMI.JK,2025-08-01,111.0,114.0,111.0,111.0,111.0,560633000,0.0,2.7027
BUMI.JK,2025-08-04,111.0,114.0,110.0,111.0,111.0,919633100,0.0,3.6036
BUMI.JK,2025-08-05,112.0,113.0,111.0,112.0,112.0,419978000,0.9009,1.7857
BUMI.JK,2025-08-06,112.0,114.0,111.0,113.0,113.0,747875700,0.8929,2.6786
BUMI.JK,2025-08-07,113.0,113.0,111.0,112.0,112.0,523183600,-0.885,1.7699
BUMI.JK,2025-08-08,112.0,113.0,109.0,110.0,110.0,1115690600,-1.7857,3.5714
BUMI.JK,2025-08-11,110.0,110.0,106.0,108.0,108.0,934484500,-1.8182,3.6364
BUMI.JK,2025-08-12,108.0,111.0,108.0,110.0,110.0,681814400,1.8519,2.7778
BUMI.JK,2025-08-13,111.0,111.0,108.0,108.0,108.0,625496300,-1.8182,2.7027
BUMI.JK,2025-08-14,109.0,109.0,107.0,108.0,108.0,585649800,0.0,1.8349
BUMI.JK,2025-08-15,108.0,109.0,106.0,108.0,108.0,514391200,0.0,2.7778
BUMI.JK,2025-08-19,109.0,114.0,108.0,112.0,112.0,1546900400,3.7037,5.5046
BUMI.JK,2025-08-20,113.0,116.0,112.0,114.0,114.0,1763086500,1.7857,3.5398
BUMI.JK,2025-08-21,114.0,115.0,110.0,110.0,110.0,860150100,-3.5088,4.386
BUMI.JK,2025-08-22,111.0,113.0,110.0,110.0,110.0,356278600,0.0,2.7027
BUMI.JK,2025-08-25,112.0,113.0,110.0,112.0,112.0,576623400,1.8182,2.6786
BUMI.JK,2025-08-26,112.0,115.0,111.0,112.0,112.0,1346175800,0.0,3.5714
BUMI.JK,2025-08-27,113.0,114.0,111.0,111.0,111.0,524903200,-0.8929,2.6549
BUMI.JK,2025-08-28,111.0,113.0,111.0,112.0,112.0,565959200,0.9009,1.8018
BUMI.JK,2025-08-29,112.0,112.0,107.0,109.0,109.0,1283670100,-2.6786,4.4643
BUMI.JK,2025-09-01,107.0,109.0,103.0,107.0,107.0,856336000,-1.8349,5.6075
BUMI.JK,2025-09-02,109.0,114.0,108.0,111.0,111.0,1368151000,3.7383,5.5046
BUMI.JK,2025-09-03,113.0,115.0,111.0,113.0,113.0,1028266600,1.8018,3.5398
BUMI.JK,2025-09-04,113.0,120.0,112.0,112.0,112.0,4498155400,-0.885,7.0796
BUMI.JK,2025-09-08,112.0,114.0,108.0,108.0,108.0,1582535200,-3.5714,5.3571
BUMI.JK,2025-09-09,110.0,112.0,108.0,110.0,110.0,818905800,1.8519,3.6364
BUMI.JK,2025-09-10,111.0,111.0,109.0,109.0,109.0,417728300,-0.9091,1.8018
BUMI.JK,2025-09-11,110.0,110.0,107.0,108.0,108.0,641352900,-0.9174,2.7273
BUMI.JK,2025-09-12,109.0,111.0,108.0,110.0,110.0,535937100,1.8519,2.7523
BUMI.JK,2025-09-15,111.0,115.0,110.0,114.0,114.0,1455709200,3.6364,4.5045
BUMI.JK,2025-09-16,115.0,123.0,114.0,115.0,115.0,5043290100,0.8772,7.8261
BUMI.JK,2025-09-17,115.0,116.0,112.0,113.0,113.0,958816700,-1.7391,3.4783
BUMI.JK,2025-09-18,113.0,115.0,111.0,113.0,113.0,759599400,0.0,3.5398
BUMI.JK,2025-09-19,113.0,114.0,111.0,114.0,114.0,2767238100,0.885,2.6549
BUMI.JK,2025-09-22,116.0,122.0,115.0,121.0,121.0,4324772300,6.1404,6.0345
BUMI.JK,2025-09-23,123.0,145.0,123.0,140.0,140.0,16351388500,15.7025,17.8862
BUMI.JK,2025-09-24,143.0,154.0,137.0,149.0,149.0,13829826300,6.4286,11.8881
BUMI.JK,2025-09-25,148.0,159.0,144.0,146.0,146.0,10286229600,-2.0134,10.1351
BUMI.JK,2025-09-26,146.0,151.0,141.0,147.0,147.0,5137145700,0.6849,6.8493
BUMI.JK,2025-09-29,150.0,156.0,149.0,154.0,154.0,5998442900,4.7619,4.6667
BUMI.JK,2025-09-30,154.0,155.0,148.0,149.0,149.0,4043594900,-3.2468,4.5455
BUMI.JK,2025-10-01,149.0,164.0,148.0,161.0,161.0,8086835900,8.0537,10.7383
BUMI.JK,2025-10-02,163.0,167.0,156.0,163.0,163.0,5836304600,1.2422,6.7485
BUMI.JK,2025-10-03,164.0,168.0,160.0,161.0,161.0,3401965900,-1.227,4.878
BUMI.JK,2025-10-06,162.0,164.0,149.0,150.0,150.0,6863859200,-6.8323,9.2593
BUMI.JK,2025-10-07,151.0,155.0,143.0,144.0,144.0,6120027600,-4.0,7.947
BUMI.JK,2025-10-08,145.0,147.0,138.0,142.0,142.0,2779260000,-1.3889,6.2069
BUMI.JK,2025-10-09,151.0,153.0,140.0,142.0,142.0,4506268000,0.0,8.6093
BUMI.JK,2025-10-10,143.0,145.0,134.0,138.0,138.0,4756769400,-2.8169,7.6923
BUMI.JK,2025-10-13,135.0,145.0,134.0,142.0,142.0,3787180900,2.8986,8.1481
BUMI.JK,2025-10-14,145.0,150.0,134.0,137.0,137.0,5092560300,-3.5211,11.0345
BUMI.JK,2025-10-15,139.0,141.0,134.0,136.0,136.0,2141100100,-0.7299,5.036
BUMI.JK,2025-10-16,137.0,139.0,135.0,136.0,136.0,969257100,0.0,2.9197
BUMI.JK,2025-10-17,136.0,137.0,126.0,128.0,128.0,2484373500,-5.8824,8.0882
BUMI.JK,2025-10-20,130.0,132.0,128.0,130.0,130.0,1208848800,1.5625,3.0769
BUMI.JK,2025-10-21,131.0,137.0,131.0,132.0,132.0,1333397800,1.5385,4.5802
BUMI.JK,2025-10-22,132.0,137.0,130.0,136.0,136.0,1300117300,3.0303,5.303
BUMI.JK,2025-10-23,136.0,137.0,132.0,133.0,133.0,1010560900,-2.2059,3.6765
BUMI.JK,2025-10-24,133.0,138.0,133.0,134.0,134.0,1021352700,0.7519,3.7594
BUMI.JK,2025-10-27,135.0,137.0,128.0,132.0,132.0,1246959300,-1.4925,6.6667
BUMI.JK,2025-10-28,135.0,141.0,134.0,141.0,141.0,2729257600,6.8182,5.1852
BUMI.JK,2025-10-29,143.0,145.0,138.0,139.0,139.0,2230281600,-1.4184,4.8951
BUMI.JK,2025-10-30,139.0,143.0,138.0,141.0,141.0,1234558000,1.4388,3.5971
BUMI.JK,2025-10-31,141.0,145.0,140.0,142.0,142.0,1634337100,0.7092,3.5461
BUMI.JK,2025-11-03,143.0,144.0,140.0,141.0,141.0,1007456200,-0.7042,2.7972
BUMI.JK,2025-11-04,141.0,146.0,139.0,140.0,140.0,2482810900,-0.7092,4.9645
BUMI.JK,2025-11-05,138.0,143.0,137.0,142.0,142.0,835782800,1.4286,4.3478
BUMI.JK,2025-11-06,142.0,145.0,141.0,141.0,141.0,1067529600,-0.7042,2.8169
BUMI.JK,2025-11-07,142.0,143.0,140.0,141.0,141.0,887304600,0.0,2.1127
BUMI.JK,2025-11-10,142.0,150.0,141.0,150.0,150.0,3425993000,6.383,6.338
BUMI.JK,2025-11-11,151.0,202.0,150.0,198.0,198.0,28600582500,32.0,34.4371
BUMI.JK,2025-11-12,197.0,206.0,187.0,192.0,192.0,18408147500,-3.0303,9.6447
BUMI.JK,2025-11-13,194.0,240.0,189.0,224.0,224.0,20660901900,16.6667,26.2887
BUMI.JK,2025-11-14,224.0,244.0,216.0,220.0,220.0,17280324400,-1.7857,12.5
BUMI.JK,2025-11-17,222.0,232.0,218.0,222.0,222.0,8428653200,0.9091,6.3063
BUMI.JK,2025-11-18,222.0,224.0,206.0,214.0,214.0,7344771600,-3.6036,8.1081
BUMI.JK,2025-11-19,220.0,238.0,216.0,228.0,228.0,14168826000,6.5421,10.0
BUMI.JK,2025-11-20,230.0,234.0,224.0,226.0,226.0,5842229700,-0.8772,4.3478
BUMI.JK,2025-11-21,224.0,226.0,218.0,220.0,220.0,3825011300,-2.6549,3.5714
BUMI.JK,2025-11-24,224.0,224.0,218.0,218.0,218.0,2403308000,-0.9091,2.6786
BUMI.JK,2025-11-25,220.0,242.0,220.0,236.0,236.0,13274853700,8.2569,10.0
BUMI.JK,2025-11-26,240.0,266.0,236.0,260.0,260.0,18662707200,10.1695,12.5
BUMI.JK,2025-11-27,252.0,256.0,240.0,242.0,242.0,11236705400,-6.9231,6.3492
BUMI.JK,2025-11-28,244.0,246.0,236.0,244.0,244.0,3632328800,0.8264,4.0984
BUMI.JK,2025-12-01,244.0,252.0,238.0,246.0,246.0,6434442600,0.8197,5.7377
BUMI.JK,2025-12-02,248.0,248.0,242.0,242.0,242.0,1938684900,-1.626,2.4194
BUMI.JK,2025-12-03,244.0,254.0,240.0,240.0,240.0,4432754000,-0.8264,5.7377
BUMI.JK,2025-12-04,242.0,246.0,240.0,242.0,242.0,1768534000,0.8333,2.4793
BUMI.JK,2025-12-05,242.0,244.0,236.0,238.0,238.0,2086399500,-1.6529,3.3058
BUMI.JK,2025-12-08,240.0,252.0,238.0,252.0,252.0,4908722800,5.8824,5.8333
BUMI.JK,2025-12-09,252.0,276.0,250.0,272.0,272.0,12082544300,7.9365,10.3175
BUMI.JK,2025-12-10,276.0,336.0,276.0,326.0,326.0,20922562800,19.8529,21.7391
BUMI.JK,2025-12-11,332.0,378.0,326.0,360.0,360.0,21969738900,10.4294,15.6627
BUMI.JK,2025-12-12,364.0,382.0,354.0,368.0,368.0,10187266800,2.2222,7.6923
BUMI.JK,2025-12-15,372.0,400.0,340.0,344.0,344.0,13792118300,-6.5217,16.129
BUMI.JK,2025-12-16,340.0,358.0,330.0,348.0,348.0,5809011900,1.1628,8.2353
BUMI.JK,2025-12-17,354.0,360.0,346.0,348.0,348.0,4247375400,0.0,3.9548
BUMI.JK,2025-12-18,350.0,352.0,334.0,340.0,340.0,3544112800,-2.2989,5.1429
BUMI.JK,2025-12-19,346.0,350.0,338.0,344.0,344.0,2748766200,1.1765,3.4682
BUMI.JK,2025-12-22,348.0,394.0,346.0,394.0,394.0,12257775400,14.5349,13.7931
BUMI.JK,2025-12-23,402.0,406.0,376.0,380.0,380.0,8335353200,-3.5533,7.4627
BUMI.JK,2025-12-24,382.0,384.0,360.0,362.0,362.0,4795205000,-4.7368,6.2827
BUMI.JK,2025-12-29,362.0,376.0,354.0,366.0,366.0,5492663300,1.105,6.0773
BUMI.JK,2025-12-30,370.0,372.0,362.0,366.0,366.0,2812869800,0.0,2.7027
BUMI.JK,2026-01-02,372.0,424.0,370.0,420.0,420.0,11771094600,14.7541,14.5161
BUMI.JK,2026-01-05,428.0,476.0,420.0,464.0,464.0,13048421800,10.4762,13.0841
BUMI.JK,2026-01-06,466.0,484.0,452.0,464.0,464.0,8648116700,0.0,6.867
BUMI.JK,2026-01-07,464.0,478.0,452.0,452.0,452.0,6102514400,-2.5862,5.6034
BUMI.JK,2026-01-08,450.0,460.0,442.0,460.0,460.0,3629921000,1.7699,4.0
BUMI.JK,2026-01-09,470.0,480.0,456.0,462.0,462.0,7430491000,0.4348,5.1064
BUMI.JK,2026-01-12,468.0,472.0,394.0,436.0,436.0,9759299800,-5.6277,16.6667
BUMI.JK,2026-01-13,436.0,448.0,396.0,406.0,406.0,9716507600,-6.8807,11.9266
BUMI.JK,2026-01-14,414.0,434.0,410.0,422.0,422.0,6113687100,3.9409,5.7971
BUMI.JK,2026-01-15,426.0,428.0,404.0,410.0,410.0,4173617100,-2.8436,5.6338
BUMI.JK,2026-01-19,410.0,412.0,390.0,412.0,412.0,6004590000,0.4878,5.3659
BUMI.JK,2026-01-20,432.0,440.0,414.0,414.0,414.0,9992920600,0.4854,6.0185
BUMI.JK,2026-01-21,408.0,408.0,380.0,386.0,386.0,8369517000,-6.7633,6.8627
BUMI.JK,2026-01-22,390.0,396.0,346.0,348.0,348.0,11300872300,-9.8446,12.8205
BUMI.JK,2026-01-23,350.0,364.0,330.0,360.0,360.0,9715093500,3.4483,9.7143
BUMI.JK,2026-01-26,358.0,368.0,332.0,332.0,332.0,8341641400,-7.7778,10.0559
BUMI.JK,2026-01-27,336.0,346.0,328.0,344.0,344.0,5796234400,3.6145,5.3571
BUMI.JK,2026-01-28,294.0,294.0,294.0,294.0,294.0,2063059700,-14.5349,0.0
BUMI.JK,2026-01-29,250.0,282.0,250.0,250.0,250.0,24522161400,-14.966,12.8
BUMI.JK,2026-01-30,258.0,272.0,246.0,258.0,258.0,10768790900,3.2,10.0775
BUMI.JK,2026-02-02,260.0,264.0,220.0,220.0,220.0,12444107400,-14.7287,16.9231
BUMI.JK,2026-02-03,212.0,266.0,198.0,264.0,264.0,13881927300,20.0,32.0755
BUMI.JK,2026-02-04,258.0,266.0,240.0,246.0,246.0,9402318400,-6.8182,10.0775
BUMI.JK,2026-02-05,242.0,256.0,240.0,240.0,240.0,4278275700,-2.439,6.6116
BUMI.JK,2026-02-06,232.0,238.0,218.0,226.0,226.0,6515359700,-5.8333,8.6207
BUMI.JK,2026-02-09,236.0,244.0,224.0,240.0,240.0,5917512800,6.1947,8.4746
BUMI.JK,2026-02-10,238.0,264.0,236.0,248.0,248.0,10011575000,3.3333,11.7647
BUMI.JK,2026-02-11,252.0,286.0,252.0,272.0,272.0,15389213700,9.6774,13.4921
BUMI.JK,2026-02-12,280.0,282.0,266.0,270.0,270.0,7425236700,-0.7353,5.7143
BUMI.JK,2026-02-13,264.0,296.0,262.0,292.0,292.0,11232277200,8.1481,12.8788
BUMI.JK,2026-02-18,292.0,298.0,284.0,284.0,284.0,10336439600,-2.7397,4.7945
BUMI.JK,2026-02-19,286.0,306.0,286.0,300.0,300.0,9628948200,5.6338,6.993
BUMI.JK,2026-02-20,302.0,306.0,292.0,294.0,294.0,3790944800,-2.0,4.6358
BUMI.JK,2026-02-23,300.0,306.0,294.0,296.0,296.0,4008241200,0.6803,4.0
BUMI.JK,2026-02-24,296.0,298.0,270.0,274.0,274.0,8768902000,-7.4324,9.4595
BUMI.JK,2026-02-25,270.0,282.0,262.0,270.0,270.0,6672829400,-1.4599,7.4074
BUMI.JK,2026-02-26,274.0,278.0,252.0,258.0,258.0,6083786000,-4.4444,9.4891
BUMI.JK,2026-02-27,258.0,260.0,244.0,258.0,258.0,4853064000,0.0,6.2016
BUMI.JK,2026-03-02,252.0,266.0,246.0,248.0,248.0,5332814900,-3.876,7.9365
BUMI.JK,2026-03-03,258.0,262.0,248.0,252.0,252.0,4765414000,1.6129,5.4264
BUMI.JK,2026-03-04,256.0,256.0,226.0,234.0,234.0,7871045500,-7.1429,11.7188
BUMI.JK,2026-03-05,246.0,248.0,238.0,240.0,240.0,3410343700,2.5641,4.065
BUMI.JK,2026-03-06,240.0,244.0,226.0,230.0,230.0,3885133200,-4.1667,7.5
BUMI.JK,2026-03-09,214.0,226.0,200.0,220.0,220.0,6510531900,-4.3478,12.1495
BUMI.JK,2026-03-10,230.0,240.0,228.0,240.0,240.0,5461317400,9.0909,5.2174
BUMI.JK,2026-03-11,242.0,244.0,226.0,226.0,226.0,2994827600,-5.8333,7.438
BUMI.JK,2026-03-12,226.0,228.0,216.0,218.0,218.0,3743282000,-3.5398,5.3097
BUMI.JK,2026-03-13,220.0,220.0,206.0,210.0,210.0,4126257700,-3.6697,6.3636
BUMI.JK,2026-03-16,214.0,214.0,202.0,204.0,204.0,3325002300,-2.8571,5.6075
BUMI.JK,2026-03-17,208.0,212.0,202.0,206.0,206.0,2059278600,0.9804,4.8077
BUMI.JK,2026-03-25,208.0,232.0,206.0,226.0,226.0,4993415800,9.7087,12.5
BUMI.JK,2026-03-26,228.0,232.0,214.0,214.0,214.0,3841879100,-5.3097,7.8947
BUMI.JK,2026-03-27,214.0,220.0,210.0,214.0,214.0,1993219700,0.0,4.6729
BUMI.JK,2026-03-30,214.0,228.0,206.0,226.0,226.0,3307221900,5.6075,10.2804
BUMI.JK,2026-03-31,230.0,234.0,216.0,216.0,216.0,3102922800,-4.4248,7.8261
BUMI.JK,2026-04-01,224.0,238.0,222.0,238.0,238.0,4232886000,10.1852,7.1429
BUMI.JK,2026-04-02,232.0,234.0,226.0,228.0,228.0,3239932500,-4.2017,3.4483
BUMI.JK,2026-04-06,228.0,250.0,228.0,242.0,242.0,6099108000,6.1404,9.6491
BUMI.JK,2026-04-07,242.0,246.0,234.0,236.0,236.0,2937748500,-2.4793,4.9587
BUMI.JK,2026-04-08,246.0,254.0,244.0,252.0,252.0,7028235400,6.7797,4.065
BUMI.JK,2026-04-09,248.0,250.0,240.0,244.0,244.0,3231004700,-3.1746,4.0323
BUMI.JK,2026-04-10,246.0,254.0,246.0,246.0,246.0,3723636000,0.8197,3.252
BUMI.JK,2026-04-13,242.0,250.0,240.0,244.0,244.0,2492525700,-0.813,4.1322
BUMI.JK,2026-04-14,250.0,262.0,246.0,262.0,262.0,6975324100,7.377,6.4
BUMI.JK,2026-04-15,266.0,268.0,252.0,252.0,252.0,4737542700,-3.8168,6.015
BUMI.JK,2026-04-16,254.0,258.0,248.0,250.0,250.0,2690537600,-0.7937,3.937
BUMI.JK,2026-04-17,250.0,256.0,248.0,248.0,248.0,2031335300,-0.8,3.2
BUMI.JK,2026-04-20,250.0,250.0,240.0,242.0,242.0,2320011600,-2.4194,4.0
BUMI.JK,2026-04-21,242.0,244.0,238.0,240.0,240.0,2190621300,-0.8264,2.4793
BUMI.JK,2026-04-22,242.0,246.0,240.0,240.0,240.0,1883526900,0.0,2.4793
BUMI.JK,2026-04-23,240.0,242.0,230.0,230.0,230.0,3490960700,-4.1667,5.0
BUMI.JK,2026-04-24,232.0,236.0,216.0,216.0,216.0,4442692000,-6.087,8.6207
BUMI.JK,2026-04-27,220.0,230.0,218.0,224.0,224.0,2505952300,3.7037,5.4545
BUMI.JK,2026-04-28,228.0,230.0,220.0,228.0,228.0,1800570700,1.7857,4.386
BUMI.JK,2026-04-29,230.0,234.0,228.0,230.0,230.0,1730505500,0.8772,2.6087
BUMI.JK,2026-04-30,230.0,244.0,220.0,240.0,240.0,4363737300,4.3478,10.4348
BUMI.JK,2026-05-04,240.0,250.0,230.0,230.0,230.0,3204619800,-4.1667,8.3333
BUMI.JK,2026-05-05,230.0,234.0,226.0,230.0,230.0,1724471500,0.0,3.4783
BUMI.JK,2026-05-06,234.0,238.0,228.0,230.0,230.0,1589946400,0.0,4.2735
BUMI.JK,2026-05-07,236.0,238.0,230.0,230.0,230.0,2112241300,0.0,3.3898
BUMI.JK,2026-05-08,230.0,232.0,216.0,216.0,216.0,2855783300,-6.087,6.9565
BUMI.JK,2026-05-11,216.0,224.0,208.0,212.0,212.0,3964376600,-1.8519,7.4074
BUMI.JK,2026-05-12,214.0,214.0,208.0,212.0,212.0,1533188100,0.0,2.8037
BUMI.JK,2026-05-13,210.0,220.0,210.0,214.0,214.0,2164725500,0.9434,4.7619
BUMI.JK,2026-05-14,214.0,214.0,214.0,214.0,214.0,0,0.0,0.0
BUMI.JK,2026-05-15,214.0,214.0,214.0,214.0,214.0,0,0.0,0.0
BUMI.JK,2026-05-18,214.0,214.0,202.0,206.0,206.0,2951177000,-3.7383,5.6075
BUMI.JK,2026-05-19,208.0,212.0,178.0,186.0,186.0,9180486400,-9.7087,16.3462
BUMI.JK,2026-05-20,181.0,191.0,167.0,173.0,173.0,10612750600,-6.9892,13.2597
BUMI.JK,2026-05-21,179.0,179.0,157.0,164.0,164.0,7188689100,-5.2023,12.2905
BUMI.JK,2026-05-22,164.0,186.0,160.0,185.0,185.0,6616733300,12.8049,15.8537
BUMI.JK,2026-05-25,183.0,184.0,171.0,171.0,171.0,4461704000,-7.5676,7.1038
BUMI.JK,2026-05-26,169.0,177.0,166.0,166.0,166.0,2698201800,-2.924,6.5089
BUMI.JK,2026-05-27,166.0,166.0,166.0,166.0,166.0,0,0.0,0.0
BUMI.JK,2026-05-28,166.0,166.0,166.0,166.0,166.0,0,0.0,0.0
BUMI.JK,2026-05-29,168.0,173.0,166.0,168.0,168.0,2216070000,1.2048,4.1667
BUMI.JK,2026-06-02,171.0,175.0,160.0,161.0,161.0,2680035900,-4.1667,8.7719
BUMI.JK,2026-06-03,162.0,164.0,141.0,148.0,148.0,5931078500,-8.0745,14.1975
BUMI.JK,2026-06-04,149.0,153.0,137.0,150.0,150.0,4978373200,1.3514,10.7383
BUMI.JK,2026-06-05,152.0,153.0,139.0,139.0,139.0,3062335900,-7.3333,9.2105
BUMI.JK,2026-06-08,132.0,139.0,126.0,130.0,130.0,4621181600,-6.4748,9.8485
BUMI.JK,2026-06-09,130.0,148.0,129.0,146.0,146.0,5625440400,12.3077,14.6154
BUMI.JK,2026-06-10,146.0,157.0,142.0,144.0,144.0,7438604200,-1.3699,10.274
BUMI.JK,2026-06-11,144.0,147.0,136.0,140.0,140.0,2994048400,-2.7778,7.6389
BUMI.JK,2026-06-12,144.0,162.0,143.0,157.0,157.0,6630659700,12.1429,13.1944
BUMI.JK,2026-06-15,165.0,191.0,163.0,173.0,173.0,13335601700,10.1911,16.9697
BUMI.JK,2026-06-17,175.0,178.0,165.0,168.0,168.0,4078182600,-2.8902,7.4286
BUMI.JK,2026-06-18,169.0,173.0,163.0,171.0,171.0,2760389100,1.7857,5.9172
BUMI.JK,2026-06-19,172.0,177.0,167.0,168.0,168.0,2642490700,-1.7544,5.814
BUMI.JK,2026-06-22,169.0,170.0,160.0,162.0,162.0,1971126000,-3.5714,5.9172
BUMI.JK,2026-06-23,162.0,169.0,157.0,167.0,167.0,2505862500,3.0864,7.4074
BUMI.JK,2026-06-24,167.0,168.0,145.0,146.0,146.0,4428718600,-12.5749,13.7725
BUMI.JK,2026-06-25,146.0,152.0,143.0,148.0,148.0,3203850300,1.3699,6.1644
BUMI.JK,2026-06-26,148.0,149.0,139.0,141.0,141.0,2660102100,-4.7297,6.7568
BUMI.JK,2026-06-29,142.0,145.0,139.0,141.0,141.0,1089586400,0.0,4.2254
BUMI.JK,2026-06-30,140.0,141.0,130.0,132.0,132.0,2684851600,-6.383,7.8571
BUMI.JK,2026-07-01,132.0,138.0,129.0,135.0,135.0,2083415800,2.2727,6.8182
BUMI.JK,2026-07-02,135.0,142.0,133.0,135.0,135.0,2580095000,0.0,6.6667
BUMI.JK,2026-07-03,138.0,143.0,137.0,139.0,139.0,1674495100,2.963,4.3478
ANTM.JK,2024-07-03,1295.0,1315.0,1280.0,1315.0,1167.23,40057600,,2.7027
ANTM.JK,2024-07-04,1325.0,1335.0,1320.0,1325.0,1176.11,46070600,0.7605,1.1321
ANTM.JK,2024-07-05,1325.0,1330.0,1305.0,1310.0,1162.79,21984500,-1.1321,1.8868
ANTM.JK,2024-07-08,1315.0,1365.0,1315.0,1365.0,1211.61,61088000,4.1985,3.8023
ANTM.JK,2024-07-09,1365.0,1375.0,1340.0,1345.0,1193.86,39832500,-1.4652,2.5641
ANTM.JK,2024-07-10,1350.0,1365.0,1345.0,1345.0,1193.86,25808000,0.0,1.4815
ANTM.JK,2024-07-11,1345.0,1365.0,1320.0,1360.0,1207.17,36563500,1.1152,3.3457
ANTM.JK,2024-07-12,1365.0,1380.0,1350.0,1360.0,1207.17,34695000,0.0,2.1978
ANTM.JK,2024-07-15,1360.0,1370.0,1330.0,1350.0,1198.3,27711000,-0.7353,2.9412
ANTM.JK,2024-07-16,1350.0,1365.0,1335.0,1340.0,1189.42,30321900,-0.7407,2.2222
ANTM.JK,2024-07-17,1360.0,1395.0,1355.0,1380.0,1224.92,65083200,2.9851,2.9412
ANTM.JK,2024-07-18,1395.0,1405.0,1375.0,1375.0,1220.49,53937000,-0.3623,2.1505
ANTM.JK,2024-07-19,1375.0,1380.0,1330.0,1350.0,1198.3,60206400,-1.8182,3.6364
ANTM.JK,2024-07-22,1350.0,1360.0,1330.0,1340.0,1189.42,35890600,-0.7407,2.2222
ANTM.JK,2024-07-23,1340.0,1350.0,1305.0,1315.0,1167.23,48954700,-1.8657,3.3582
ANTM.JK,2024-07-24,1315.0,1325.0,1305.0,1310.0,1162.79,28205300,-0.3802,1.5209
ANTM.JK,2024-07-25,1305.0,1310.0,1275.0,1280.0,1136.16,44789300,-2.2901,2.682
ANTM.JK,2024-07-26,1285.0,1300.0,1280.0,1295.0,1149.48,33791400,1.1719,1.5564
ANTM.JK,2024-07-29,1325.0,1350.0,1310.0,1310.0,1162.79,62519500,1.1583,3.0189
ANTM.JK,2024-07-30,1320.0,1330.0,1300.0,1300.0,1153.91,30531700,-0.7634,2.2727
ANTM.JK,2024-07-31,1310.0,1325.0,1305.0,1315.0,1167.23,34840100,1.1538,1.5267
ANTM.JK,2024-08-01,1340.0,1355.0,1325.0,1345.0,1193.86,54534700,2.2814,2.2388
ANTM.JK,2024-08-02,1335.0,1350.0,1320.0,1345.0,1193.86,32243400,0.0,2.2472
ANTM.JK,2024-08-05,1330.0,1330.0,1265.0,1285.0,1140.6,65319000,-4.461,4.8872
ANTM.JK,2024-08-06,1290.0,1305.0,1280.0,1295.0,1149.48,27910200,0.7782,1.938
ANTM.JK,2024-08-07,1295.0,1315.0,1295.0,1295.0,1149.48,20663100,0.0,1.5444
ANTM.JK,2024-08-08,1295.0,1300.0,1270.0,1270.0,1127.29,46868600,-1.9305,2.3166
ANTM.JK,2024-08-09,1285.0,1300.0,1280.0,1285.0,1140.6,26308700,1.1811,1.5564
ANTM.JK,2024-08-12,1290.0,1310.0,1290.0,1310.0,1162.79,38054700,1.9455,1.5504
ANTM.JK,2024-08-13,1320.0,1330.0,1280.0,1310.0,1162.79,109937300,0.0,3.7879
ANTM.JK,2024-08-14,1310.0,1320.0,1290.0,1305.0,1158.35,46923100,-0.3817,2.2901
ANTM.JK,2024-08-15,1310.0,1390.0,1305.0,1385.0,1229.36,177044200,6.1303,6.4885
ANTM.JK,2024-08-16,1405.0,1510.0,1400.0,1460.0,1295.93,377536100,5.4152,7.8292
ANTM.JK,2024-08-19,1475.0,1510.0,1460.0,1470.0,1304.81,179600100,0.6849,3.3898
ANTM.JK,2024-08-20,1480.0,1495.0,1455.0,1475.0,1309.25,88428900,0.3401,2.7027
ANTM.JK,2024-08-21,1485.0,1525.0,1465.0,1470.0,1304.81,133225200,-0.339,4.0404
ANTM.JK,2024-08-22,1470.0,1475.0,1430.0,1440.0,1278.18,73634500,-2.0408,3.0612
ANTM.JK,2024-08-23,1445.0,1465.0,1445.0,1450.0,1287.06,45814100,0.6944,1.3841
ANTM.JK,2024-08-26,1460.0,1480.0,1450.0,1480.0,1313.69,75022900,2.069,2.0548
ANTM.JK,2024-08-27,1480.0,1485.0,1450.0,1470.0,1304.81,37690700,-0.6757,2.3649
ANTM.JK,2024-08-28,1480.0,1485.0,1450.0,1450.0,1287.06,41278000,-1.3605,2.3649
ANTM.JK,2024-08-29,1450.0,1455.0,1400.0,1410.0,1251.55,111056900,-2.7586,3.7931
ANTM.JK,2024-08-30,1415.0,1420.0,1390.0,1390.0,1233.8,764070300,-1.4184,2.1201
ANTM.JK,2024-09-02,1400.0,1415.0,1385.0,1395.0,1238.24,116937200,0.3597,2.1429
ANTM.JK,2024-09-03,1400.0,1405.0,1365.0,1370.0,1216.05,87618500,-1.7921,2.8571
ANTM.JK,2024-09-04,1350.0,1370.0,1340.0,1345.0,1193.86,98870900,-1.8248,2.2222
ANTM.JK,2024-09-05,1350.0,1370.0,1330.0,1345.0,1193.86,106245300,0.0,2.963
ANTM.JK,2024-09-06,1345.0,1360.0,1330.0,1335.0,1184.98,77347000,-0.7435,2.2305
ANTM.JK,2024-09-09,1335.0,1340.0,1305.0,1320.0,1171.67,92572800,-1.1236,2.6217
ANTM.JK,2024-09-10,1320.0,1335.0,1305.0,1320.0,1171.67,61469800,0.0,2.2727
ANTM.JK,2024-09-11,1320.0,1345.0,1315.0,1315.0,1167.23,95724000,-0.3788,2.2727
ANTM.JK,2024-09-12,1325.0,1360.0,1315.0,1345.0,1193.86,104507600,2.2814,3.3962
ANTM.JK,2024-09-13,1365.0,1370.0,1330.0,1335.0,1184.98,101550200,-0.7435,2.9304
ANTM.JK,2024-09-17,1350.0,1390.0,1345.0,1380.0,1224.92,153082200,3.3708,3.3333
ANTM.JK,2024-09-18,1380.0,1380.0,1365.0,1365.0,1211.61,54056600,-1.087,1.087
ANTM.JK,2024-09-19,1365.0,1380.0,1360.0,1375.0,1220.49,64130700,0.7326,1.4652
ANTM.JK,2024-09-20,1380.0,1385.0,1365.0,1370.0,1216.05,66852400,-0.3636,1.4493
ANTM.JK,2024-09-23,1380.0,1410.0,1380.0,1395.0,1238.24,124951500,1.8248,2.1739
ANTM.JK,2024-09-24,1400.0,1410.0,1385.0,1410.0,1251.55,99822100,1.0753,1.7857
ANTM.JK,2024-09-25,1420.0,1445.0,1405.0,1440.0,1278.18,213527100,2.1277,2.8169
ANTM.JK,2024-09-26,1450.0,1450.0,1415.0,1425.0,1264.87,119737300,-1.0417,2.4138
ANTM.JK,2024-09-27,1430.0,1480.0,1425.0,1470.0,1304.81,146334800,3.1579,3.8462
ANTM.JK,2024-09-30,1480.0,1490.0,1435.0,1480.0,1313.69,131933000,0.6803,3.7162
ANTM.JK,2024-10-01,1490.0,1510.0,1480.0,1500.0,1331.44,123533000,1.3514,2.0134
ANTM.JK,2024-10-02,1510.0,1570.0,1480.0,1535.0,1362.51,254461600,2.3333,5.9603
ANTM.JK,2024-10-03,1550.0,1590.0,1535.0,1535.0,1362.51,199006700,0.0,3.5484
ANTM.JK,2024-10-04,1535.0,1545.0,1500.0,1525.0,1353.63,75683200,-0.6515,2.9316
ANTM.JK,2024-10-07,1530.0,1555.0,1525.0,1545.0,1371.38,85637900,1.3115,1.9608
ANTM.JK,2024-10-08,1545.0,1575.0,1505.0,1525.0,1353.63,137208800,-1.2945,4.5307
ANTM.JK,2024-10-09,1515.0,1525.0,1490.0,1515.0,1344.75,73795700,-0.6557,2.3102
ANTM.JK,2024-10-10,1515.0,1540.0,1515.0,1535.0,1362.51,59202600,1.3201,1.6502
ANTM.JK,2024-10-11,1545.0,1565.0,1535.0,1565.0,1389.14,86316100,1.9544,1.9417
ANTM.JK,2024-10-14,1575.0,1640.0,1565.0,1630.0,1446.83,173551800,4.1534,4.7619
ANTM.JK,2024-10-15,1630.0,1630.0,1590.0,1600.0,1420.2,131950900,-1.8405,2.454
ANTM.JK,2024-10-16,1600.0,1600.0,1570.0,1570.0,1393.57,89196200,-1.875,1.875
ANTM.JK,2024-10-17,1585.0,1625.0,1570.0,1620.0,1437.95,103812400,3.1847,3.47
ANTM.JK,2024-10-18,1630.0,1635.0,1605.0,1625.0,1442.39,83020900,0.3086,1.8405
ANTM.JK,2024-10-21,1645.0,1765.0,1640.0,1690.0,1500.09,243375700,4.0,7.5988
ANTM.JK,2024-10-22,1695.0,1700.0,1660.0,1670.0,1482.34,87540600,-1.1834,2.3599
ANTM.JK,2024-10-23,1680.0,1685.0,1640.0,1650.0,1464.58,66120100,-1.1976,2.6786
ANTM.JK,2024-10-24,1640.0,1650.0,1620.0,1620.0,1437.95,55964600,-1.8182,1.8293
ANTM.JK,2024-10-25,1620.0,1655.0,1585.0,1585.0,1406.89,84326300,-2.1605,4.321
ANTM.JK,2024-10-28,1590.0,1640.0,1590.0,1610.0,1429.08,75462300,1.5773,3.1447
ANTM.JK,2024-10-29,1620.0,1625.0,1595.0,1615.0,1433.52,50332700,0.3106,1.8519
ANTM.JK,2024-10-30,1620.0,1650.0,1610.0,1630.0,1446.83,114888200,0.9288,2.4691
ANTM.JK,2024-10-31,1605.0,1605.0,1540.0,1600.0,1420.2,219900400,-1.8405,4.0498
ANTM.JK,2024-11-01,1590.0,1590.0,1515.0,1520.0,1349.19,86562200,-5.0,4.717
ANTM.JK,2024-11-04,1520.0,1560.0,1480.0,1525.0,1353.63,90822600,0.3289,5.2632
ANTM.JK,2024-11-05,1525.0,1575.0,1525.0,1575.0,1398.01,113169500,3.2787,3.2787
ANTM.JK,2024-11-06,1575.0,1590.0,1530.0,1540.0,1366.94,70410300,-2.2222,3.8095
ANTM.JK,2024-11-07,1520.0,1580.0,1480.0,1575.0,1398.01,119230900,2.2727,6.5789
ANTM.JK,2024-11-08,1595.0,1610.0,1565.0,1585.0,1406.89,61159000,0.6349,2.8213
ANTM.JK,2024-11-11,1580.0,1580.0,1515.0,1530.0,1358.07,49021500,-3.47,4.1139
ANTM.JK,2024-11-12,1510.0,1565.0,1510.0,1565.0,1389.14,50902500,2.2876,3.6424
ANTM.JK,2024-11-13,1560.0,1560.0,1495.0,1500.0,1331.44,52007900,-4.1534,4.1667
ANTM.JK,2024-11-14,1500.0,1500.0,1455.0,1480.0,1313.69,63863000,-1.3333,3.0
ANTM.JK,2024-11-15,1470.0,1480.0,1385.0,1400.0,1242.68,99868300,-5.4054,6.4626
ANTM.JK,2024-11-18,1405.0,1425.0,1395.0,1395.0,1238.24,32739700,-0.3571,2.1352
ANTM.JK,2024-11-19,1410.0,1485.0,1410.0,1475.0,1309.25,82940100,5.7348,5.3191
ANTM.JK,2024-11-20,1490.0,1510.0,1460.0,1470.0,1304.81,63724300,-0.339,3.3557
ANTM.JK,2024-11-21,1475.0,1500.0,1465.0,1490.0,1322.56,47253500,1.3605,2.3729
ANTM.JK,2024-11-22,1495.0,1495.0,1450.0,1450.0,1287.06,33202000,-2.6846,3.01
ANTM.JK,2024-11-25,1460.0,1485.0,1435.0,1485.0,1318.13,68021900,2.4138,3.4247
ANTM.JK,2024-11-26,1485.0,1485.0,1445.0,1450.0,1287.06,30282300,-2.3569,2.6936
ANTM.JK,2024-11-28,1455.0,1475.0,1420.0,1420.0,1260.43,30730300,-2.069,3.7801
ANTM.JK,2024-11-29,1420.0,1445.0,1395.0,1430.0,1269.31,44703300,0.7042,3.5211
ANTM.JK,2024-12-02,1410.0,1435.0,1410.0,1410.0,1251.55,28640700,-1.3986,1.773
ANTM.JK,2024-12-03,1410.0,1470.0,1410.0,1450.0,1287.06,61191200,2.8369,4.2553
ANTM.JK,2024-12-04,1445.0,1470.0,1440.0,1465.0,1300.37,46067800,1.0345,2.0761
ANTM.JK,2024-12-05,1470.0,1495.0,1450.0,1490.0,1322.56,57649600,1.7065,3.0612
ANTM.JK,2024-12-06,1490.0,1495.0,1465.0,1485.0,1318.13,33502500,-0.3356,2.0134
ANTM.JK,2024-12-09,1485.0,1510.0,1480.0,1490.0,1322.56,42618200,0.3367,2.0202
ANTM.JK,2024-12-10,1500.0,1630.0,1500.0,1625.0,1442.39,158162400,9.0604,8.6667
ANTM.JK,2024-12-11,1625.0,1655.0,1580.0,1600.0,1420.2,72947100,-1.5385,4.6154
ANTM.JK,2024-12-12,1605.0,1635.0,1585.0,1615.0,1433.52,62213000,0.9375,3.1153
ANTM.JK,2024-12-13,1615.0,1615.0,1575.0,1585.0,1406.89,42789500,-1.8576,2.4768
ANTM.JK,2024-12-16,1570.0,1585.0,1545.0,1560.0,1384.7,28443900,-1.5773,2.5478
ANTM.JK,2024-12-17,1565.0,1565.0,1500.0,1510.0,1340.32,45849900,-3.2051,4.1534
ANTM.JK,2024-12-18,1510.0,1535.0,1495.0,1515.0,1344.75,25835100,0.3311,2.649
ANTM.JK,2024-12-19,1495.0,1495.0,1445.0,1470.0,1304.81,40890300,-2.9703,3.3445
ANTM.JK,2024-12-20,1465.0,1475.0,1420.0,1420.0,1260.43,31468500,-3.4014,3.7543
ANTM.JK,2024-12-23,1425.0,1455.0,1425.0,1455.0,1291.5,31957000,2.4648,2.1053
ANTM.JK,2024-12-24,1460.0,1465.0,1435.0,1435.0,1273.74,19521500,-1.3746,2.0548
ANTM.JK,2024-12-27,1440.0,1535.0,1440.0,1525.0,1353.63,51044700,6.2718,6.5972
ANTM.JK,2024-12-30,1525.0,1545.0,1490.0,1525.0,1353.63,42238300,0.0,3.6066
ANTM.JK,2025-01-02,1530.0,1560.0,1520.0,1545.0,1371.38,33508800,1.3115,2.6144
ANTM.JK,2025-01-03,1560.0,1560.0,1520.0,1520.0,1349.19,18198800,-1.6181,2.5641
ANTM.JK,2025-01-06,1525.0,1540.0,1460.0,1465.0,1300.37,28169500,-3.6184,5.2459
ANTM.JK,2025-01-07,1470.0,1480.0,1430.0,1435.0,1273.74,36008100,-2.0478,3.4014
ANTM.JK,2025-01-08,1445.0,1465.0,1425.0,1430.0,1269.31,34414800,-0.3484,2.7682
ANTM.JK,2025-01-09,1435.0,1440.0,1410.0,1420.0,1260.43,30949900,-0.6993,2.0906
ANTM.JK,2025-01-10,1425.0,1480.0,1425.0,1465.0,1300.37,43730900,3.169,3.8596
ANTM.JK,2025-01-13,1475.0,1495.0,1455.0,1480.0,1313.69,40835000,1.0239,2.7119
ANTM.JK,2025-01-14,1480.0,1535.0,1465.0,1520.0,1349.19,59977600,2.7027,4.7297
ANTM.JK,2025-01-15,1520.0,1530.0,1505.0,1530.0,1358.07,28123600,0.6579,1.6447
ANTM.JK,2025-01-16,1535.0,1550.0,1510.0,1520.0,1349.19,32746500,-0.6536,2.6059
ANTM.JK,2025-01-17,1530.0,1540.0,1505.0,1520.0,1349.19,14490400,0.0,2.2876
ANTM.JK,2025-01-20,1515.0,1535.0,1500.0,1510.0,1340.32,19484000,-0.6579,2.3102
ANTM.JK,2025-01-21,1510.0,1525.0,1500.0,1510.0,1340.32,22004000,0.0,1.6556
ANTM.JK,2025-01-22,1515.0,1540.0,1510.0,1520.0,1349.19,23644500,0.6623,1.9802
ANTM.JK,2025-01-23,1525.0,1525.0,1480.0,1490.0,1322.56,30835200,-1.9737,2.9508
ANTM.JK,2025-01-24,1490.0,1505.0,1475.0,1490.0,1322.56,19564100,0.0,2.0134
ANTM.JK,2025-01-30,1490.0,1490.0,1385.0,1395.0,1238.24,92858400,-6.3758,7.047
ANTM.JK,2025-01-31,1405.0,1420.0,1385.0,1390.0,1233.8,61882500,-0.3584,2.4911
ANTM.JK,2025-02-03,1395.0,1405.0,1355.0,1380.0,1224.92,49107900,-0.7194,3.5842
ANTM.JK,2025-02-04,1395.0,1420.0,1395.0,1400.0,1242.68,67722800,1.4493,1.7921
ANTM.JK,2025-02-05,1410.0,1450.0,1395.0,1450.0,1287.06,87360400,3.5714,3.9007
ANTM.JK,2025-02-06,1450.0,1455.0,1385.0,1400.0,1242.68,60107000,-3.4483,4.8276
ANTM.JK,2025-02-07,1400.0,1435.0,1365.0,1430.0,1269.31,54097100,2.1429,5.0
ANTM.JK,2025-02-10,1435.0,1435.0,1380.0,1385.0,1229.36,40971800,-3.1469,3.8328
ANTM.JK,2025-02-11,1405.0,1420.0,1380.0,1400.0,1242.68,52510000,1.083,2.847
ANTM.JK,2025-02-12,1405.0,1405.0,1380.0,1395.0,1238.24,33267100,-0.3571,1.7794
ANTM.JK,2025-02-13,1395.0,1470.0,1395.0,1470.0,1304.81,90550900,5.3763,5.3763
ANTM.JK,2025-02-14,1475.0,1535.0,1475.0,1530.0,1358.07,121036100,4.0816,4.0678
ANTM.JK,2025-02-17,1530.0,1560.0,1515.0,1555.0,1380.26,67708700,1.634,2.9412
ANTM.JK,2025-02-18,1555.0,1570.0,1535.0,1550.0,1375.82,33927800,-0.3215,2.2508
ANTM.JK,2025-02-19,1565.0,1595.0,1560.0,1575.0,1398.01,64348100,1.6129,2.2364
ANTM.JK,2025-02-20,1575.0,1690.0,1570.0,1685.0,1495.65,167232000,6.9841,7.619
ANTM.JK,2025-02-21,1685.0,1685.0,1620.0,1620.0,1437.95,75344800,-3.8576,3.8576
ANTM.JK,2025-02-24,1630.0,1675.0,1630.0,1640.0,1455.71,52458900,1.2346,2.7607
ANTM.JK,2025-02-25,1650.0,1665.0,1600.0,1635.0,1451.27,60916100,-0.3049,3.9394
ANTM.JK,2025-02-26,1635.0,1640.0,1605.0,1630.0,1446.83,51465900,-0.3058,2.1407
ANTM.JK,2025-02-27,1630.0,1650.0,1610.0,1625.0,1442.39,44544100,-0.3067,2.454
ANTM.JK,2025-02-28,1615.0,1615.0,1505.0,1585.0,1406.89,88545000,-2.4615,6.8111
ANTM.JK,2025-03-03,1580.0,1610.0,1555.0,1585.0,1406.89,88386800,0.0,3.481
ANTM.JK,2025-03-04,1595.0,1615.0,1530.0,1540.0,1366.94,45571400,-2.8391,5.3292
ANTM.JK,2025-03-05,1545.0,1630.0,1545.0,1620.0,1437.95,64897700,5.1948,5.5016
ANTM.JK,2025-03-06,1620.0,1645.0,1615.0,1625.0,1442.39,34278000,0.3086,1.8519
ANTM.JK,2025-03-07,1625.0,1655.0,1615.0,1630.0,1446.83,36726500,0.3077,2.4615
ANTM.JK,2025-03-10,1600.0,1610.0,1475.0,1490.0,1322.56,102645500,-8.589,8.4375
ANTM.JK,2025-03-11,1490.0,1525.0,1465.0,1520.0,1349.19,39764400,2.0134,4.0268
ANTM.JK,2025-03-12,1545.0,1585.0,1530.0,1545.0,1371.38,66399100,1.6447,3.5599
ANTM.JK,2025-03-13,1550.0,1570.0,1520.0,1535.0,1362.51,47350400,-0.6472,3.2258
ANTM.JK,2025-03-14,1560.0,1615.0,1560.0,1590.0,1411.33,64294500,3.5831,3.5256
ANTM.JK,2025-03-17,1620.0,1690.0,1615.0,1655.0,1469.02,101971200,4.0881,4.6296
ANTM.JK,2025-03-18,1660.0,1670.0,1545.0,1635.0,1451.27,72950300,-1.2085,7.5301
ANTM.JK,2025-03-19,1640.0,1670.0,1620.0,1660.0,1473.46,60532100,1.5291,3.0488
ANTM.JK,2025-03-20,1660.0,1685.0,1640.0,1645.0,1460.15,59817400,-0.9036,2.7108
ANTM.JK,2025-03-21,1645.0,1650.0,1580.0,1585.0,1406.89,40953200,-3.6474,4.2553
ANTM.JK,2025-03-24,1585.0,1620.0,1535.0,1590.0,1411.33,46998300,0.3155,5.3628
ANTM.JK,2025-03-25,1595.0,1615.0,1555.0,1600.0,1420.2,24572800,0.6289,3.7618
ANTM.JK,2025-03-26,1620.0,1660.0,1615.0,1650.0,1464.58,39601200,3.125,2.7778
ANTM.JK,2025-03-27,1650.0,1650.0,1610.0,1635.0,1451.27,32277300,-0.9091,2.4242
ANTM.JK,2025-04-08,1450.0,1480.0,1390.0,1400.0,1242.68,133964900,-14.3731,6.2069
ANTM.JK,2025-04-09,1415.0,1580.0,1415.0,1475.0,1309.25,160024000,5.3571,11.6608
ANTM.JK,2025-04-10,1575.0,1680.0,1575.0,1630.0,1446.83,175844900,10.5085,6.6667
ANTM.JK,2025-04-11,1660.0,1745.0,1650.0,1690.0,1500.09,187903400,3.681,5.7229
ANTM.JK,2025-04-14,1740.0,1850.0,1740.0,1830.0,1624.36,190556900,8.284,6.3218
ANTM.JK,2025-04-15,1865.0,1960.0,1820.0,1860.0,1650.99,300016300,1.6393,7.5067
ANTM.JK,2025-04-16,1910.0,1940.0,1860.0,1925.0,1708.68,255794800,3.4946,4.1885
ANTM.JK,2025-04-17,1950.0,1970.0,1925.0,1945.0,1726.43,208479100,1.039,2.3077
ANTM.JK,2025-04-21,1980.0,2090.0,1965.0,2090.0,1855.14,319927200,7.455,6.3131
ANTM.JK,2025-04-22,2130.0,2210.0,2130.0,2190.0,1943.9,360805600,4.7847,3.7559
ANTM.JK,2025-04-23,2160.0,2160.0,2030.0,2070.0,1837.39,297133100,-5.4795,6.0185
ANTM.JK,2025-04-24,2110.0,2150.0,2090.0,2150.0,1908.4,252026600,3.8647,2.8436
ANTM.JK,2025-04-25,2180.0,2190.0,2120.0,2140.0,1899.52,151595100,-0.4651,3.211
ANTM.JK,2025-04-28,2140.0,2160.0,2090.0,2130.0,1890.64,145265800,-0.4673,3.271
ANTM.JK,2025-04-29,2150.0,2180.0,2140.0,2180.0,1935.03,162278000,2.3474,1.8605
ANTM.JK,2025-04-30,2190.0,2300.0,2160.0,2170.0,1926.15,320158300,-0.4587,6.3927
ANTM.JK,2025-05-02,2270.0,2340.0,2240.0,2290.0,2032.66,357918800,5.53,4.4053
ANTM.JK,2025-05-05,2280.0,2340.0,2270.0,2320.0,2059.29,152617900,1.31,3.0702
ANTM.JK,2025-05-06,2360.0,2540.0,2360.0,2540.0,2254.57,333198600,9.4828,7.6271
ANTM.JK,2025-05-07,2560.0,2780.0,2550.0,2750.0,2440.97,617628300,8.2677,8.9844
ANTM.JK,2025-05-08,2780.0,2860.0,2600.0,2610.0,2316.71,522454300,-5.0909,9.3525
ANTM.JK,2025-05-09,2600.0,2690.0,2590.0,2680.0,2378.84,218194600,2.682,3.8462
ANTM.JK,2025-05-14,2620.0,2630.0,2460.0,2550.0,2263.45,356244400,-4.8507,6.4885
ANTM.JK,2025-05-15,2530.0,2660.0,2500.0,2550.0,2263.45,332822200,0.0,6.3241
ANTM.JK,2025-05-16,2660.0,2670.0,2600.0,2640.0,2343.33,174863200,3.5294,2.6316
ANTM.JK,2025-05-19,2670.0,2730.0,2640.0,2720.0,2414.34,210292700,3.0303,3.3708
ANTM.JK,2025-05-20,2720.0,2740.0,2660.0,2730.0,2423.22,163229300,0.3676,2.9412
ANTM.JK,2025-05-21,2780.0,2920.0,2770.0,2910.0,2582.99,329772300,6.5934,5.3957
ANTM.JK,2025-05-22,2990.0,3080.0,2930.0,2960.0,2627.37,367750100,1.7182,5.0167
ANTM.JK,2025-05-23,2980.0,3130.0,2980.0,3130.0,2778.27,209432100,5.7432,5.0336
ANTM.JK,2025-05-26,3170.0,3280.0,3030.0,3110.0,2760.52,305568000,-0.639,7.8864
ANTM.JK,2025-05-27,3110.0,3120.0,3010.0,3030.0,2689.51,193424600,-2.5723,3.537
ANTM.JK,2025-05-28,3030.0,3220.0,3030.0,3110.0,2760.52,285387300,2.6403,6.2706
ANTM.JK,2025-06-02,3170.0,3330.0,3160.0,3320.0,2946.92,324002700,6.7524,5.3628
ANTM.JK,2025-06-03,3350.0,3390.0,3260.0,3360.0,2982.43,278458600,1.2048,3.8806
ANTM.JK,2025-06-04,3400.0,3660.0,3390.0,3550.0,3151.07,422549000,5.6548,7.9412
ANTM.JK,2025-06-05,3590.0,3620.0,3430.0,3450.0,3062.31,193549500,-2.8169,5.2925
ANTM.JK,2025-06-10,3350.0,3420.0,3230.0,3260.0,2893.66,437510400,-5.5072,5.6716
ANTM.JK,2025-06-11,3260.0,3370.0,3210.0,3280.0,2911.42,237081700,0.6135,4.908
ANTM.JK,2025-06-12,3320.0,3330.0,3130.0,3170.0,2813.78,249105300,-3.3537,6.0241
ANTM.JK,2025-06-13,3270.0,3340.0,3240.0,3300.0,2929.17,224736200,4.1009,3.0581
ANTM.JK,2025-06-16,3330.0,3370.0,3230.0,3280.0,2911.42,177098300,-0.6061,4.2042
ANTM.JK,2025-06-17,3280.0,3490.0,3240.0,3470.0,3080.06,289461100,5.7927,7.622
ANTM.JK,2025-06-18,3500.0,3590.0,3470.0,3550.0,3151.07,242733200,2.3055,3.4286
ANTM.JK,2025-06-19,3560.0,3580.0,3300.0,3330.0,2955.8,230240300,-6.1972,7.8652
ANTM.JK,2025-06-20,3330.0,3340.0,3160.0,3200.0,2840.4,223744600,-3.9039,5.4054
ANTM.JK,2025-06-23,3070.0,3290.0,3060.0,3190.0,2972.51,210462500,-0.3125,7.4919
ANTM.JK,2025-06-24,3190.0,3240.0,3070.0,3090.0,2879.33,144315500,-3.1348,5.3292
ANTM.JK,2025-06-25,3100.0,3140.0,2900.0,2930.0,2730.24,220301500,-5.178,7.7419
ANTM.JK,2025-06-26,2930.0,2970.0,2830.0,2940.0,2739.56,230140900,0.3413,4.7782
ANTM.JK,2025-06-30,2910.0,3070.0,2830.0,3040.0,2832.74,264452100,3.4014,8.2474
ANTM.JK,2025-07-01,3070.0,3100.0,3010.0,3070.0,2860.69,166923600,0.9868,2.9316
ANTM.JK,2025-07-02,3060.0,3070.0,2960.0,2990.0,2786.15,98971800,-2.6059,3.5948
ANTM.JK,2025-07-03,2990.0,3160.0,2990.0,3120.0,2907.28,151677300,4.3478,5.6856
ANTM.JK,2025-07-04,3120.0,3120.0,3000.0,3000.0,2795.47,159485200,-3.8462,3.8462
ANTM.JK,2025-07-07,2980.0,2980.0,2870.0,2910.0,2711.6,100132700,-3.0,3.6913
ANTM.JK,2025-07-08,2950.0,2990.0,2900.0,2930.0,2730.24,114484400,0.6873,3.0508
ANTM.JK,2025-07-09,2940.0,2960.0,2880.0,2920.0,2720.92,97849400,-0.3413,2.7211
ANTM.JK,2025-07-10,2960.0,3070.0,2940.0,2990.0,2786.15,188109100,2.3973,4.3919
ANTM.JK,2025-07-11,3000.0,3020.0,2960.0,2990.0,2786.15,97432200,0.0,2.0
ANTM.JK,2025-07-14,3030.0,3060.0,2960.0,3030.0,2823.42,170174900,1.3378,3.3003
ANTM.JK,2025-07-15,3030.0,3030.0,2960.0,3000.0,2795.47,77789300,-0.9901,2.3102
ANTM.JK,2025-07-16,2990.0,3010.0,2940.0,2990.0,2786.15,126818600,-0.3333,2.3411
ANTM.JK,2025-07-17,3010.0,3070.0,2990.0,3010.0,2804.78,149618400,0.6689,2.6578
ANTM.JK,2025-07-18,3020.0,3030.0,2940.0,2970.0,2767.51,116561200,-1.3289,2.9801
ANTM.JK,2025-07-21,2990.0,3210.0,2950.0,3190.0,2972.51,222853800,7.4074,8.6957
ANTM.JK,2025-07-22,3250.0,3270.0,2950.0,2960.0,2758.19,426088000,-7.21,9.8462
ANTM.JK,2025-07-23,3010.0,3040.0,2870.0,3040.0,2832.74,195644700,2.7027,5.6478
ANTM.JK,2025-07-24,3020.0,3070.0,2980.0,3030.0,2823.42,97755800,-0.3289,2.9801
ANTM.JK,2025-07-25,3040.0,3040.0,2950.0,2970.0,2767.51,61092600,-1.9802,2.9605
ANTM.JK,2025-07-28,2970.0,3030.0,2950.0,2970.0,2767.51,85126700,0.0,2.6936
ANTM.JK,2025-07-29,2970.0,3020.0,2970.0,3000.0,2795.47,53886500,1.0101,1.6835
ANTM.JK,2025-07-30,3010.0,3050.0,2970.0,2990.0,2786.15,58846000,-0.3333,2.6578
ANTM.JK,2025-07-31,2950.0,2970.0,2770.0,2850.0,2655.69,235205600,-4.6823,6.7797
ANTM.JK,2025-08-01,2860.0,2920.0,2830.0,2880.0,2683.65,102024200,1.0526,3.1469
ANTM.JK,2025-08-04,2920.0,2970.0,2890.0,2910.0,2711.6,75538900,1.0417,2.7397
ANTM.JK,2025-08-05,2930.0,3050.0,2910.0,2940.0,2739.56,151094800,1.0309,4.7782
ANTM.JK,2025-08-06,2970.0,3100.0,2970.0,3080.0,2870.01,192180500,4.7619,4.3771
ANTM.JK,2025-08-07,3100.0,3250.0,3070.0,3150.0,2935.24,222004300,2.2727,5.8065
ANTM.JK,2025-08-08,3160.0,3170.0,3020.0,3090.0,2879.33,102084600,-1.9048,4.7468
ANTM.JK,2025-08-11,3060.0,3070.0,2930.0,2940.0,2739.56,141894900,-4.8544,4.5752
ANTM.JK,2025-08-12,2940.0,2950.0,2870.0,2900.0,2702.28,111654300,-1.3605,2.7211
ANTM.JK,2025-08-13,2930.0,2960.0,2880.0,2910.0,2711.6,112931000,0.3448,2.7304
ANTM.JK,2025-08-14,2920.0,2940.0,2890.0,2890.0,2692.97,109598600,-0.6873,1.7123
ANTM.JK,2025-08-15,2900.0,2920.0,2860.0,2900.0,2702.28,59231900,0.346,2.069
ANTM.JK,2025-08-19,2900.0,2910.0,2810.0,2810.0,2618.42,111569000,-3.1034,3.4483
ANTM.JK,2025-08-20,2810.0,2840.0,2790.0,2840.0,2646.37,67288600,1.0676,1.7794
ANTM.JK,2025-08-21,2860.0,2880.0,2810.0,2830.0,2637.06,66397100,-0.3521,2.4476
ANTM.JK,2025-08-22,2840.0,2870.0,2820.0,2820.0,2627.74,29415000,-0.3534,1.7606
ANTM.JK,2025-08-25,2850.0,2900.0,2840.0,2870.0,2674.33,72067200,1.773,2.1053
ANTM.JK,2025-08-26,2890.0,2920.0,2880.0,2880.0,2683.65,84364800,0.3484,1.3841
ANTM.JK,2025-08-27,2920.0,2990.0,2890.0,2960.0,2758.19,135734500,2.7778,3.4247
ANTM.JK,2025-08-28,3000.0,3020.0,2920.0,2980.0,2776.83,121877400,0.6757,3.3333
ANTM.JK,2025-08-29,2960.0,3050.0,2880.0,3040.0,2832.74,222596200,2.0134,5.7432
ANTM.JK,2025-09-01,2950.0,3280.0,2950.0,3200.0,2981.83,545677100,5.2632,11.1864
ANTM.JK,2025-09-02,3300.0,3480.0,3290.0,3470.0,3233.42,441940600,8.4375,5.7576
ANTM.JK,2025-09-03,3520.0,3580.0,3360.0,3480.0,3242.74,393011500,0.2882,6.25
ANTM.JK,2025-09-04,3470.0,3470.0,3370.0,3390.0,3158.88,142473100,-2.5862,2.8818
ANTM.JK,2025-09-08,3470.0,3710.0,3450.0,3610.0,3363.88,400454400,6.4897,7.4928
ANTM.JK,2025-09-09,3680.0,3930.0,3590.0,3660.0,3410.47,514308300,1.385,9.2391
ANTM.JK,2025-09-10,3580.0,3600.0,3470.0,3510.0,3270.69,192134400,-4.0984,3.6313
ANTM.JK,2025-09-11,3520.0,3570.0,3380.0,3390.0,3158.88,174842200,-3.4188,5.3977
ANTM.JK,2025-09-12,3430.0,3520.0,3420.0,3490.0,3252.06,126314000,2.9499,2.9155
ANTM.JK,2025-09-15,3490.0,3530.0,3430.0,3490.0,3252.06,104996600,0.0,2.8653
ANTM.JK,2025-09-16,3550.0,3600.0,3500.0,3600.0,3354.56,150013900,3.1519,2.8169
ANTM.JK,2025-09-17,3570.0,3580.0,3450.0,3460.0,3224.1,138761900,-3.8889,3.6415
ANTM.JK,2025-09-18,3490.0,3490.0,3400.0,3420.0,3186.83,117203300,-1.1561,2.5788
ANTM.JK,2025-09-19,3420.0,3580.0,3420.0,3450.0,3214.79,164297600,0.8772,4.6784
ANTM.JK,2025-09-22,3520.0,3580.0,3500.0,3580.0,3335.92,128254500,3.7681,2.2727
ANTM.JK,2025-09-23,3650.0,3730.0,3600.0,3670.0,3419.79,212809600,2.514,3.5616
ANTM.JK,2025-09-24,3610.0,3620.0,3460.0,3470.0,3233.42,173507600,-5.4496,4.4321
ANTM.JK,2025-09-25,3350.0,3400.0,3150.0,3170.0,2953.88,400098200,-8.6455,7.4627
ANTM.JK,2025-09-26,3180.0,3220.0,3110.0,3210.0,2991.15,164732500,1.2618,3.4591
ANTM.JK,2025-09-29,3250.0,3330.0,3220.0,3300.0,3075.01,148733800,2.8037,3.3846
ANTM.JK,2025-09-30,3340.0,3350.0,3150.0,3160.0,2944.56,209921800,-4.2424,5.988
ANTM.JK,2025-10-01,3200.0,3230.0,3160.0,3210.0,2991.15,125660700,1.5823,2.1875
ANTM.JK,2025-10-02,3190.0,3200.0,3100.0,3110.0,2897.97,133099000,-3.1153,3.1348
ANTM.JK,2025-10-03,3120.0,3220.0,3110.0,3200.0,2981.83,98382600,2.8939,3.5256
ANTM.JK,2025-10-06,3260.0,3300.0,3180.0,3190.0,2972.51,111584900,-0.3125,3.681
ANTM.JK,2025-10-07,3220.0,3250.0,3130.0,3140.0,2925.92,114789800,-1.5674,3.7267
ANTM.JK,2025-10-08,3170.0,3380.0,3150.0,3330.0,3102.97,303472900,6.051,7.2555
ANTM.JK,2025-10-09,3340.0,3350.0,3190.0,3220.0,3000.47,173139700,-3.3033,4.7904
ANTM.JK,2025-10-10,3200.0,3340.0,3190.0,3310.0,3084.33,127536400,2.795,4.6875
ANTM.JK,2025-10-13,3310.0,3430.0,3290.0,3370.0,3140.24,199311000,1.8127,4.2296
ANTM.JK,2025-10-14,3440.0,3500.0,3230.0,3350.0,3121.6,322581200,-0.5935,7.8488
ANTM.JK,2025-10-15,3410.0,3460.0,3310.0,3400.0,3168.19,198843300,1.4925,4.3988
ANTM.JK,2025-10-16,3450.0,3540.0,3400.0,3430.0,3196.15,256647500,0.8824,4.058
ANTM.JK,2025-10-17,3470.0,3530.0,3370.0,3450.0,3214.79,216427700,0.5831,4.611
ANTM.JK,2025-10-20,3450.0,3450.0,3270.0,3270.0,3047.06,160783200,-5.2174,5.2174
ANTM.JK,2025-10-21,3340.0,3350.0,3270.0,3290.0,3065.69,96567900,0.6116,2.3952
ANTM.JK,2025-10-22,3150.0,3230.0,3120.0,3170.0,2953.88,114865300,-3.6474,3.4921
ANTM.JK,2025-10-23,3180.0,3210.0,3170.0,3190.0,2972.51,66747300,0.6309,1.2579
ANTM.JK,2025-10-24,3190.0,3210.0,3120.0,3130.0,2916.6,84454900,-1.8809,2.8213
ANTM.JK,2025-10-27,3150.0,3210.0,3100.0,3150.0,2935.24,84512600,0.639,3.4921
ANTM.JK,2025-10-28,3120.0,3130.0,3020.0,3100.0,2888.65,101193900,-1.5873,3.5256
ANTM.JK,2025-10-29,3110.0,3220.0,3110.0,3200.0,2981.83,91690700,3.2258,3.537
ANTM.JK,2025-10-30,3200.0,3210.0,3120.0,3120.0,2907.28,93691300,-2.5,2.8125
ANTM.JK,2025-10-31,3160.0,3180.0,3100.0,3100.0,2888.65,92327900,-0.641,2.5316
ANTM.JK,2025-11-03,3100.0,3130.0,3080.0,3110.0,2897.97,56974500,0.3226,1.6129
ANTM.JK,2025-11-04,3110.0,3110.0,2960.0,2960.0,2758.19,173682100,-4.8232,4.8232
ANTM.JK,2025-11-05,2950.0,3000.0,2910.0,2980.0,2776.83,115174300,0.6757,3.0508
ANTM.JK,2025-11-06,2980.0,2980.0,2920.0,2930.0,2730.24,73006600,-1.6779,2.0134
ANTM.JK,2025-11-07,2930.0,2940.0,2900.0,2900.0,2702.28,91022900,-1.0239,1.3652
ANTM.JK,2025-11-10,2930.0,2960.0,2870.0,2910.0,2711.6,156986000,0.3448,3.0717
ANTM.JK,2025-11-11,2940.0,2960.0,2880.0,2880.0,2683.65,102211800,-1.0309,2.7211
ANTM.JK,2025-11-12,2900.0,2910.0,2860.0,2880.0,2683.65,70551600,0.0,1.7241
ANTM.JK,2025-11-13,2910.0,2920.0,2880.0,2890.0,2692.97,69463700,0.3472,1.3746
ANTM.JK,2025-11-14,2900.0,3060.0,2860.0,3040.0,2832.74,247808900,5.1903,6.8966
ANTM.JK,2025-11-17,3040.0,3130.0,2960.0,3060.0,2851.38,258066200,0.6579,5.5921
ANTM.JK,2025-11-18,3060.0,3100.0,3010.0,3010.0,2804.78,160550100,-1.634,2.9412
ANTM.JK,2025-11-19,3010.0,3050.0,3000.0,3000.0,2795.47,72939900,-0.3322,1.6611
ANTM.JK,2025-11-20,3010.0,3030.0,2980.0,2980.0,2776.83,60338300,-0.6667,1.6611
ANTM.JK,2025-11-21,2980.0,2990.0,2910.0,2910.0,2711.6,70438500,-2.349,2.6846
ANTM.JK,2025-11-24,2940.0,2970.0,2890.0,2930.0,2730.24,77562700,0.6873,2.7211
ANTM.JK,2025-11-25,2960.0,3050.0,2930.0,3000.0,2795.47,96478900,2.3891,4.0541
ANTM.JK,2025-11-26,3020.0,3070.0,2980.0,3030.0,2823.42,115088600,1.0,2.9801
ANTM.JK,2025-11-27,3040.0,3060.0,3000.0,3000.0,2795.47,59437500,-0.9901,1.9737
ANTM.JK,2025-11-28,3010.0,3030.0,2900.0,2910.0,2711.6,131327000,-3.0,4.3189
ANTM.JK,2025-12-01,2940.0,3020.0,2940.0,2990.0,2786.15,66998800,2.7491,2.7211
ANTM.JK,2025-12-02,2990.0,3000.0,2950.0,2980.0,2776.83,62836100,-0.3344,1.6722
ANTM.JK,2025-12-03,2990.0,3000.0,2920.0,2920.0,2720.92,64422400,-2.0134,2.6756
ANTM.JK,2025-12-04,2930.0,2950.0,2900.0,2900.0,2702.28,51907700,-0.6849,1.7065
ANTM.JK,2025-12-05,2910.0,2940.0,2900.0,2910.0,2711.6,45650000,0.3448,1.3746
ANTM.JK,2025-12-08,2920.0,2990.0,2920.0,2970.0,2767.51,59521000,2.0619,2.3973
ANTM.JK,2025-12-09,2980.0,2990.0,2910.0,2920.0,2720.92,48402900,-1.6835,2.6846
ANTM.JK,2025-12-10,2950.0,2950.0,2910.0,2930.0,2730.24,50602100,0.3425,1.3559
ANTM.JK,2025-12-11,2950.0,2980.0,2870.0,2890.0,2692.97,95234500,-1.3652,3.7288
ANTM.JK,2025-12-12,2910.0,3130.0,2900.0,3050.0,2842.06,304157500,5.5363,7.9038
ANTM.JK,2025-12-15,3110.0,3130.0,2980.0,3030.0,2823.42,211858600,-0.6557,4.8232
ANTM.JK,2025-12-16,3030.0,3040.0,2960.0,2970.0,2767.51,91357800,-1.9802,2.6403
ANTM.JK,2025-12-17,2990.0,3090.0,2990.0,3020.0,2814.1,107358300,1.6835,3.3445
ANTM.JK,2025-12-18,3040.0,3110.0,3020.0,3110.0,2897.97,143068000,2.9801,2.9605
ANTM.JK,2025-12-19,3120.0,3230.0,3050.0,3070.0,2860.69,272901900,-1.2862,5.7692
ANTM.JK,2025-12-22,3110.0,3220.0,3110.0,3190.0,2972.51,263625800,3.9088,3.537
ANTM.JK,2025-12-23,3250.0,3260.0,3170.0,3190.0,2972.51,178083800,0.0,2.7692
ANTM.JK,2025-12-24,3240.0,3290.0,3180.0,3220.0,3000.47,219895200,0.9404,3.3951
ANTM.JK,2025-12-29,3240.0,3420.0,3240.0,3300.0,3075.01,283900400,2.4845,5.5556
ANTM.JK,2025-12-30,3270.0,3270.0,3130.0,3150.0,2935.24,209417500,-4.5455,4.2813
ANTM.JK,2026-01-02,3170.0,3230.0,3160.0,3210.0,2991.15,80535600,1.9048,2.2082
ANTM.JK,2026-01-05,3280.0,3400.0,3260.0,3390.0,3158.88,203158600,5.6075,4.2683
ANTM.JK,2026-01-06,3410.0,3460.0,3350.0,3450.0,3214.79,194028600,1.7699,3.2258
ANTM.JK,2026-01-07,3490.0,3930.0,3480.0,3850.0,3587.51,607319400,11.5942,12.894
ANTM.JK,2026-01-08,3810.0,3820.0,3470.0,3490.0,3252.06,354486100,-9.3506,9.1864
ANTM.JK,2026-01-09,3500.0,3690.0,3460.0,3630.0,3382.51,268748100,4.0115,6.5714
ANTM.JK,2026-01-12,3840.0,3980.0,3670.0,3830.0,3568.88,465569800,5.5096,8.0729
ANTM.JK,2026-01-13,3830.0,3930.0,3820.0,3880.0,3615.47,211536700,1.3055,2.8721
ANTM.JK,2026-01-14,3960.0,4180.0,3950.0,4090.0,3811.15,271845900,5.4124,5.8081
ANTM.JK,2026-01-15,4170.0,4180.0,4010.0,4050.0,3773.88,174954300,-0.978,4.0767
ANTM.JK,2026-01-19,4100.0,4140.0,3920.0,4000.0,3727.29,187759300,-1.2346,5.3659
ANTM.JK,2026-01-20,4000.0,4120.0,3950.0,4120.0,3839.11,159637300,3.0,4.25
ANTM.JK,2026-01-21,4160.0,4350.0,4130.0,4270.0,3978.88,325128500,3.6408,5.2885
ANTM.JK,2026-01-22,4270.0,4270.0,4090.0,4220.0,3932.29,184847000,-1.171,4.2155
ANTM.JK,2026-01-23,4320.0,4400.0,4250.0,4290.0,3997.52,203511600,1.6588,3.4722
ANTM.JK,2026-01-26,4400.0,4970.0,4400.0,4760.0,4435.47,491662800,10.9557,12.9545
ANTM.JK,2026-01-27,4760.0,4760.0,4550.0,4610.0,4295.7,225492900,-3.1513,4.4118
ANTM.JK,2026-01-28,4600.0,4710.0,4250.0,4420.0,4118.65,589421400,-4.1215,10.0
ANTM.JK,2026-01-29,4510.0,4570.0,3760.0,4320.0,4025.47,818266300,-2.2624,17.9601
ANTM.JK,2026-01-30,4300.0,4350.0,4030.0,4210.0,3922.97,259289200,-2.5463,7.4419
ANTM.JK,2026-02-02,3800.0,3920.0,3610.0,3810.0,3550.24,388915700,-9.5012,8.1579
ANTM.JK,2026-02-03,4000.0,4050.0,3810.0,3930.0,3662.06,203197400,3.1496,6.0
ANTM.JK,2026-02-04,3980.0,4130.0,3960.0,3990.0,3717.97,215322600,1.5267,4.2714
ANTM.JK,2026-02-05,3980.0,4000.0,3810.0,3810.0,3550.24,201930600,-4.5113,4.7739
ANTM.JK,2026-02-06,3730.0,3840.0,3680.0,3710.0,3457.06,182489100,-2.6247,4.2895
ANTM.JK,2026-02-09,3800.0,3900.0,3790.0,3890.0,3624.79,146110600,4.8518,2.8947
ANTM.JK,2026-02-10,3900.0,3950.0,3850.0,3890.0,3624.79,114039900,0.0,2.5641
ANTM.JK,2026-02-11,3890.0,4020.0,3870.0,3990.0,3717.97,143161900,2.5707,3.856
ANTM.JK,2026-02-12,4030.0,4280.0,4000.0,4120.0,3839.11,225356100,3.2581,6.9479
ANTM.JK,2026-02-13,4050.0,4140.0,4000.0,4050.0,3773.88,140456700,-1.699,3.4568
ANTM.JK,2026-02-18,4030.0,4100.0,3950.0,4050.0,3773.88,73672200,0.0,3.7221
ANTM.JK,2026-02-19,4050.0,4300.0,4050.0,4230.0,3941.61,181438200,4.4444,6.1728
ANTM.JK,2026-02-20,4260.0,4330.0,4170.0,4220.0,3932.29,123609900,-0.2364,3.7559
ANTM.JK,2026-02-23,4320.0,4440.0,4290.0,4390.0,4090.7,153052900,4.0284,3.4722
ANTM.JK,2026-02-24,4440.0,4550.0,4370.0,4380.0,4081.38,166385100,-0.2278,4.0541
ANTM.JK,2026-02-25,4400.0,4500.0,4340.0,4460.0,4155.93,103583700,1.8265,3.6364
ANTM.JK,2026-02-26,4470.0,4480.0,4270.0,4330.0,4034.79,99948100,-2.9148,4.698
ANTM.JK,2026-02-27,4330.0,4370.0,4230.0,4350.0,4053.43,80407900,0.4619,3.2333
ANTM.JK,2026-03-02,4500.0,4650.0,4480.0,4610.0,4295.7,212481100,5.977,3.7778
ANTM.JK,2026-03-03,4610.0,4630.0,4400.0,4410.0,4109.33,149780600,-4.3384,4.9892
ANTM.JK,2026-03-04,4340.0,4340.0,3970.0,4050.0,3773.88,227497200,-8.1633,8.5253
ANTM.JK,2026-03-05,4150.0,4230.0,4110.0,4130.0,3848.42,71419500,1.9753,2.8916
ANTM.JK,2026-03-06,4130.0,4150.0,4000.0,4040.0,3764.56,59681800,-2.1792,3.632
ANTM.JK,2026-03-09,3920.0,3920.0,3660.0,3820.0,3559.56,173997700,-5.4455,6.6327
ANTM.JK,2026-03-10,3950.0,4080.0,3900.0,4020.0,3745.92,97669800,5.2356,4.557
ANTM.JK,2026-03-11,4040.0,4090.0,3950.0,3970.0,3699.33,48115500,-1.2438,3.4653
ANTM.JK,2026-03-12,3920.0,3930.0,3830.0,3890.0,3624.79,73154200,-2.0151,2.551
ANTM.JK,2026-03-13,3820.0,3930.0,3770.0,3810.0,3550.24,64088000,-2.0566,4.1885
ANTM.JK,2026-03-16,3690.0,3730.0,3590.0,3640.0,3391.83,111081300,-4.4619,3.794
ANTM.JK,2026-03-17,3670.0,3900.0,3670.0,3750.0,3494.33,114095000,3.022,6.267
ANTM.JK,2026-03-25,3660.0,3720.0,3580.0,3620.0,3373.2,151532000,-3.4667,3.8251
ANTM.JK,2026-03-26,3620.0,3660.0,3420.0,3430.0,3196.15,119229100,-5.2486,6.6298
ANTM.JK,2026-03-27,3350.0,3590.0,3350.0,3500.0,3261.38,91494700,2.0408,7.1642
ANTM.JK,2026-03-30,3450.0,3550.0,3390.0,3500.0,3261.38,60550100,0.0,4.6377
ANTM.JK,2026-03-31,3540.0,3620.0,3430.0,3500.0,3261.38,99833000,0.0,5.3672
ANTM.JK,2026-04-01,3620.0,3760.0,3570.0,3710.0,3457.06,140581600,6.0,5.2486
ANTM.JK,2026-04-02,3680.0,3690.0,3590.0,3640.0,3391.83,71715300,-1.8868,2.7174
ANTM.JK,2026-04-06,3640.0,3650.0,3570.0,3650.0,3401.15,41205300,0.2747,2.1978
ANTM.JK,2026-04-07,3620.0,3630.0,3450.0,3470.0,3233.42,129402200,-4.9315,4.9724
ANTM.JK,2026-04-08,3630.0,3750.0,3580.0,3740.0,3485.01,157473100,7.781,4.6832
ANTM.JK,2026-04-09,3680.0,3800.0,3630.0,3750.0,3494.33,129289900,0.2674,4.6196
ANTM.JK,2026-04-10,3780.0,3790.0,3700.0,3710.0,3457.06,65131200,-1.0667,2.381
ANTM.JK,2026-04-13,3690.0,3780.0,3630.0,3750.0,3494.33,88027100,1.0782,4.065
ANTM.JK,2026-04-14,3770.0,3940.0,3730.0,3900.0,3634.11,125422900,4.0,5.5703
ANTM.JK,2026-04-15,3990.0,4000.0,3890.0,3940.0,3671.38,96315100,1.0256,2.7569
ANTM.JK,2026-04-16,3980.0,4140.0,3940.0,4060.0,3783.2,139830400,3.0457,5.0251
ANTM.JK,2026-04-17,4060.0,4090.0,3970.0,4070.0,3792.52,69561300,0.2463,2.9557
ANTM.JK,2026-04-20,4060.0,4150.0,4000.0,4010.0,3736.61,57759300,-1.4742,3.6946
ANTM.JK,2026-04-21,4010.0,4090.0,3980.0,4030.0,3755.24,48530300,0.4988,2.7431
ANTM.JK,2026-04-22,4030.0,4150.0,4030.0,4100.0,3820.47,81890600,1.737,2.9777
ANTM.JK,2026-04-23,4150.0,4160.0,4000.0,4020.0,3745.92,65595800,-1.9512,3.8554
ANTM.JK,2026-04-24,3990.0,4080.0,3960.0,4050.0,3773.88,79334000,0.7463,3.0075
ANTM.JK,2026-04-27,4100.0,4180.0,4060.0,4120.0,3839.11,97987200,1.7284,2.9268
ANTM.JK,2026-04-28,4120.0,4290.0,3940.0,4040.0,3764.56,171366200,-1.9417,8.4951
ANTM.JK,2026-04-29,4000.0,4000.0,3880.0,3880.0,3615.47,93317900,-3.9604,3.0
ANTM.JK,2026-04-30,3900.0,3910.0,3600.0,3740.0,3485.01,212842500,-3.6082,7.9487
ANTM.JK,2026-05-04,3750.0,3850.0,3740.0,3800.0,3540.92,81668400,1.6043,2.9333
ANTM.JK,2026-05-05,3760.0,3760.0,3640.0,3690.0,3438.42,111553900,-2.8947,3.1915
ANTM.JK,2026-05-06,3720.0,3800.0,3720.0,3800.0,3540.92,97302500,2.981,2.1505
ANTM.JK,2026-05-07,3900.0,3950.0,3810.0,3880.0,3615.47,147286400,2.1053,3.5897
ANTM.JK,2026-05-08,3830.0,3840.0,3630.0,3630.0,3382.51,147682400,-6.4433,5.483
ANTM.JK,2026-05-11,3630.0,3810.0,3530.0,3700.0,3447.74,182583700,1.9284,7.7135
ANTM.JK,2026-05-12,3700.0,3750.0,3510.0,3570.0,3326.6,129829300,-3.5135,6.4865
ANTM.JK,2026-05-13,3420.0,3610.0,3360.0,3500.0,3261.38,183268100,-1.9608,7.3099
ANTM.JK,2026-05-14,3500.0,3500.0,3500.0,3500.0,3261.38,0,0.0,0.0
ANTM.JK,2026-05-15,3500.0,3500.0,3500.0,3500.0,3261.38,0,0.0,0.0
ANTM.JK,2026-05-18,3230.0,3310.0,3040.0,3160.0,2944.56,304786400,-9.7143,8.3591
ANTM.JK,2026-05-19,3230.0,3230.0,2920.0,3060.0,2851.38,328516700,-3.1646,9.5975
ANTM.JK,2026-05-20,3000.0,3200.0,2940.0,3100.0,2888.65,249846500,1.3072,8.6667
ANTM.JK,2026-05-21,3160.0,3170.0,2950.0,2970.0,2767.51,161809600,-4.1935,6.962
ANTM.JK,2026-05-22,2920.0,3150.0,2910.0,3090.0,2879.33,223541100,4.0404,8.2192
ANTM.JK,2026-05-25,3130.0,3140.0,2990.0,3070.0,2860.69,151195300,-0.6472,4.7923
ANTM.JK,2026-05-26,3070.0,3150.0,2960.0,2960.0,2758.19,164671000,-3.5831,6.1889
ANTM.JK,2026-05-27,2960.0,2960.0,2960.0,2960.0,2758.19,0,0.0,0.0
ANTM.JK,2026-05-28,2960.0,2960.0,2960.0,2960.0,2758.19,0,0.0,0.0
ANTM.JK,2026-05-29,2960.0,2990.0,2880.0,2900.0,2702.28,401178500,-2.027,3.7162
ANTM.JK,2026-06-02,2950.0,3060.0,2900.0,2960.0,2758.19,203427800,2.069,5.4237
ANTM.JK,2026-06-03,2960.0,2980.0,2530.0,2610.0,2432.06,438971300,-11.8243,15.2027
ANTM.JK,2026-06-04,2580.0,2780.0,2450.0,2760.0,2571.83,327693500,5.7471,12.7907
ANTM.JK,2026-06-05,2850.0,2910.0,2710.0,2750.0,2562.51,263284100,-0.3623,7.0175
ANTM.JK,2026-06-08,2670.0,2780.0,2520.0,2530.0,2357.51,272942900,-8.0,9.7378
ANTM.JK,2026-06-09,2570.0,2910.0,2530.0,2880.0,2683.65,291597400,13.834,14.786
ANTM.JK,2026-06-10,2880.0,2960.0,2750.0,2750.0,2562.51,397843000,-4.5139,7.2917
ANTM.JK,2026-06-11,2750.0,2790.0,2640.0,2720.0,2534.56,276318200,-1.0909,5.4545
ANTM.JK,2026-06-12,2800.0,2910.0,2760.0,2850.0,2655.69,174808500,4.7794,5.3571
ANTM.JK,2026-06-15,2950.0,3230.0,2950.0,3130.0,2916.6,378696400,9.8246,9.4915
ANTM.JK,2026-06-17,3230.0,3270.0,3140.0,3160.0,2944.56,172876200,0.9585,4.0248
ANTM.JK,2026-06-18,3170.0,3190.0,3080.0,3170.0,2953.88,113192200,0.3165,3.47
ANTM.JK,2026-06-19,3140.0,3140.0,3080.0,3080.0,2870.01,148007500,-2.8391,1.9108
ANTM.JK,2026-06-22,2890.0,3020.0,2880.0,2960.0,2960.0,158864000,-3.8961,4.8443
ANTM.JK,2026-06-23,2960.0,2960.0,2820.0,2870.0,2870.0,124924800,-3.0405,4.7297
ANTM.JK,2026-06-24,2880.0,2910.0,2740.0,2750.0,2750.0,130253500,-4.1812,5.9028
ANTM.JK,2026-06-25,2690.0,2790.0,2610.0,2740.0,2740.0,146277100,-0.3636,6.6914
ANTM.JK,2026-06-26,2750.0,2790.0,2650.0,2710.0,2710.0,114300800,-1.0949,5.0909
ANTM.JK,2026-06-29,2730.0,2810.0,2710.0,2720.0,2720.0,72627000,0.369,3.663
ANTM.JK,2026-06-30,2700.0,2700.0,2580.0,2590.0,2590.0,101996000,-4.7794,4.4444
ANTM.JK,2026-07-01,2600.0,2650.0,2550.0,2610.0,2610.0,70203300,0.7722,3.8462
ANTM.JK,2026-07-02,2640.0,2800.0,2640.0,2760.0,2760.0,107845500,5.7471,6.0606
ANTM.JK,2026-07-03,2850.0,2950.0,2850.0,2930.0,2930.0,103473600,6.1594,3.5088
MDKA.JK,2024-07-03,2460.0,2460.0,2410.0,2440.0,2428.2,15633100,,2.0325
MDKA.JK,2024-07-04,2500.0,2510.0,2460.0,2470.0,2458.05,26723300,1.2295,2.0
MDKA.JK,2024-07-05,2480.0,2490.0,2410.0,2440.0,2428.2,24253200,-1.2146,3.2258
MDKA.JK,2024-07-08,2480.0,2520.0,2440.0,2480.0,2468.01,30602400,1.6393,3.2258
MDKA.JK,2024-07-09,2480.0,2490.0,2430.0,2440.0,2428.2,20862600,-1.6129,2.4194
MDKA.JK,2024-07-10,2440.0,2460.0,2390.0,2420.0,2408.3,14954900,-0.8197,2.8689
MDKA.JK,2024-07-11,2440.0,2460.0,2370.0,2400.0,2388.39,30816700,-0.8264,3.6885
MDKA.JK,2024-07-12,2420.0,2440.0,2370.0,2400.0,2388.39,22380200,0.0,2.8926
MDKA.JK,2024-07-15,2400.0,2400.0,2320.0,2320.0,2308.78,22687100,-3.3333,3.3333
MDKA.JK,2024-07-16,2340.0,2390.0,2330.0,2390.0,2378.44,21156200,3.0172,2.5641
MDKA.JK,2024-07-17,2430.0,2450.0,2410.0,2420.0,2408.3,38320500,1.2552,1.6461
MDKA.JK,2024-07-18,2420.0,2430.0,2390.0,2420.0,2408.3,19179100,0.0,1.6529
MDKA.JK,2024-07-19,2390.0,2400.0,2330.0,2340.0,2328.68,34633500,-3.3058,2.9289
MDKA.JK,2024-07-22,2360.0,2440.0,2360.0,2390.0,2378.44,43764100,2.1368,3.3898
MDKA.JK,2024-07-23,2390.0,2390.0,2350.0,2380.0,2368.49,22689300,-0.4184,1.6736
MDKA.JK,2024-07-24,2380.0,2430.0,2360.0,2410.0,2398.34,27963300,1.2605,2.9412
MDKA.JK,2024-07-25,2390.0,2430.0,2350.0,2430.0,2418.25,57826300,0.8299,3.3473
MDKA.JK,2024-07-26,2430.0,2440.0,2390.0,2390.0,2378.44,12095800,-1.6461,2.0576
MDKA.JK,2024-07-29,2400.0,2420.0,2390.0,2400.0,2388.39,11709700,0.4184,1.25
MDKA.JK,2024-07-30,2420.0,2440.0,2380.0,2440.0,2428.2,23504800,1.6667,2.4793
MDKA.JK,2024-07-31,2450.0,2480.0,2430.0,2460.0,2448.1,26224000,0.8197,2.0408
MDKA.JK,2024-08-01,2480.0,2480.0,2430.0,2440.0,2428.2,16804000,-0.813,2.0161
MDKA.JK,2024-08-02,2430.0,2430.0,2350.0,2350.0,2338.63,33711800,-3.6885,3.2922
MDKA.JK,2024-08-05,2340.0,2340.0,2160.0,2190.0,2179.41,67076100,-6.8085,7.6923
MDKA.JK,2024-08-06,2240.0,2250.0,2160.0,2200.0,2189.36,24610500,0.4566,4.0179
MDKA.JK,2024-08-07,2210.0,2250.0,2200.0,2200.0,2189.36,16713700,0.0,2.2624
MDKA.JK,2024-08-08,2200.0,2230.0,2180.0,2180.0,2169.46,20325800,-0.9091,2.2727
MDKA.JK,2024-08-09,2210.0,2230.0,2190.0,2210.0,2199.31,19318400,1.3761,1.81
MDKA.JK,2024-08-12,2240.0,2310.0,2210.0,2290.0,2278.92,45896300,3.6199,4.4643
MDKA.JK,2024-08-13,2330.0,2350.0,2310.0,2320.0,2308.78,16883900,1.31,1.7167
MDKA.JK,2024-08-14,2320.0,2380.0,2310.0,2360.0,2348.59,20877100,1.7241,3.0172
MDKA.JK,2024-08-15,2360.0,2370.0,2290.0,2340.0,2328.68,26538100,-0.8475,3.3898
MDKA.JK,2024-08-16,2360.0,2360.0,2300.0,2300.0,2288.88,24193600,-1.7094,2.5424
MDKA.JK,2024-08-19,2320.0,2340.0,2310.0,2340.0,2328.68,18567900,1.7391,1.2931
MDKA.JK,2024-08-20,2360.0,2360.0,2320.0,2340.0,2328.68,27666300,0.0,1.6949
MDKA.JK,2024-08-21,2340.0,2390.0,2330.0,2350.0,2338.63,26261600,0.4274,2.5641
MDKA.JK,2024-08-22,2350.0,2360.0,2270.0,2290.0,2278.92,27196900,-2.5532,3.8298
MDKA.JK,2024-08-23,2320.0,2370.0,2320.0,2320.0,2308.78,20623900,1.31,2.1552
MDKA.JK,2024-08-26,2380.0,2480.0,2360.0,2470.0,2458.05,70365600,6.4655,5.042
MDKA.JK,2024-08-27,2480.0,2490.0,2410.0,2450.0,2438.15,32454100,-0.8097,3.2258
MDKA.JK,2024-08-28,2470.0,2510.0,2440.0,2480.0,2468.01,43699800,1.2245,2.834
MDKA.JK,2024-08-29,2470.0,2480.0,2390.0,2400.0,2388.39,36349800,-3.2258,3.6437
MDKA.JK,2024-08-30,2390.0,2400.0,2320.0,2360.0,2348.59,63683400,-1.6667,3.3473
MDKA.JK,2024-09-02,2360.0,2420.0,2340.0,2370.0,2358.54,23011000,0.4237,3.3898
MDKA.JK,2024-09-03,2380.0,2400.0,2340.0,2360.0,2348.59,16317400,-0.4219,2.521
MDKA.JK,2024-09-04,2330.0,2340.0,2260.0,2280.0,2268.97,41173700,-3.3898,3.4335
MDKA.JK,2024-09-05,2280.0,2320.0,2270.0,2280.0,2268.97,20811100,0.0,2.193
MDKA.JK,2024-09-06,2300.0,2320.0,2280.0,2280.0,2268.97,19224400,0.0,1.7391
MDKA.JK,2024-09-09,2270.0,2290.0,2250.0,2260.0,2249.07,20567000,-0.8772,1.7621
MDKA.JK,2024-09-10,2290.0,2310.0,2250.0,2260.0,2249.07,22169300,0.0,2.6201
MDKA.JK,2024-09-11,2280.0,2280.0,2220.0,2260.0,2249.07,27750300,0.0,2.6316
MDKA.JK,2024-09-12,2270.0,2310.0,2260.0,2300.0,2288.88,30178600,1.7699,2.2026
MDKA.JK,2024-09-13,2330.0,2340.0,2270.0,2290.0,2278.92,33679300,-0.4348,3.0043
MDKA.JK,2024-09-17,2310.0,2330.0,2290.0,2300.0,2288.88,32593700,0.4367,1.7316
MDKA.JK,2024-09-18,2300.0,2320.0,2270.0,2280.0,2268.97,23113200,-0.8696,2.1739
MDKA.JK,2024-09-19,2310.0,2310.0,2260.0,2270.0,2259.02,29457900,-0.4386,2.1645
MDKA.JK,2024-09-20,2300.0,2300.0,2220.0,2260.0,2249.07,231983300,-0.4405,3.4783
MDKA.JK,2024-09-23,2280.0,2320.0,2260.0,2290.0,2278.92,33977500,1.3274,2.6316
MDKA.JK,2024-09-24,2300.0,2340.0,2270.0,2340.0,2328.68,52162400,2.1834,3.0435
MDKA.JK,2024-09-25,2390.0,2450.0,2360.0,2450.0,2438.15,128909500,4.7009,3.7657
MDKA.JK,2024-09-26,2450.0,2600.0,2410.0,2590.0,2577.47,118884500,5.7143,7.7551
MDKA.JK,2024-09-27,2620.0,2750.0,2610.0,2700.0,2686.94,112032500,4.2471,5.3435
MDKA.JK,2024-09-30,2700.0,2750.0,2660.0,2720.0,2706.84,56088200,0.7407,3.3333
MDKA.JK,2024-10-01,2630.0,2700.0,2590.0,2690.0,2676.99,83189100,-1.1029,4.1825
MDKA.JK,2024-10-02,2690.0,2770.0,2660.0,2730.0,2716.8,62785900,1.487,4.0892
MDKA.JK,2024-10-03,2750.0,2780.0,2690.0,2690.0,2676.99,32867500,-1.4652,3.2727
MDKA.JK,2024-10-04,2690.0,2720.0,2640.0,2680.0,2667.04,28299500,-0.3717,2.974
MDKA.JK,2024-10-07,2680.0,2710.0,2670.0,2710.0,2696.89,29215800,1.1194,1.4925
MDKA.JK,2024-10-08,2710.0,2730.0,2560.0,2580.0,2567.52,62959100,-4.797,6.2731
MDKA.JK,2024-10-09,2560.0,2560.0,2480.0,2550.0,2537.67,49995200,-1.1628,3.125
MDKA.JK,2024-10-10,2550.0,2600.0,2520.0,2560.0,2547.62,19552300,0.3922,3.1373
MDKA.JK,2024-10-11,2580.0,2610.0,2520.0,2540.0,2527.71,17625800,-0.7812,3.4884
MDKA.JK,2024-10-14,2550.0,2580.0,2520.0,2530.0,2517.76,23442200,-0.3937,2.3529
MDKA.JK,2024-10-15,2540.0,2570.0,2480.0,2510.0,2497.86,26959700,-0.7905,3.5433
MDKA.JK,2024-10-16,2510.0,2540.0,2510.0,2530.0,2517.76,16913300,0.7968,1.1952
MDKA.JK,2024-10-17,2550.0,2560.0,2510.0,2550.0,2537.67,34898300,0.7905,1.9608
MDKA.JK,2024-10-18,2560.0,2610.0,2510.0,2520.0,2507.81,57490000,-1.1765,3.9062
MDKA.JK,2024-10-21,2560.0,2620.0,2530.0,2560.0,2547.62,75466500,1.5873,3.5156
MDKA.JK,2024-10-22,2570.0,2600.0,2540.0,2570.0,2557.57,35377100,0.3906,2.3346
MDKA.JK,2024-10-23,2580.0,2590.0,2530.0,2530.0,2517.76,33445200,-1.5564,2.3256
MDKA.JK,2024-10-24,2540.0,2560.0,2500.0,2530.0,2517.76,22078700,0.0,2.3622
MDKA.JK,2024-10-25,2540.0,2550.0,2430.0,2450.0,2438.15,27081900,-3.1621,4.7244
MDKA.JK,2024-10-28,2450.0,2460.0,2370.0,2420.0,2408.3,29697400,-1.2245,3.6735
MDKA.JK,2024-10-29,2440.0,2440.0,2350.0,2360.0,2348.59,23866800,-2.4793,3.6885
MDKA.JK,2024-10-30,2360.0,2430.0,2340.0,2390.0,2378.44,19539300,1.2712,3.8136
MDKA.JK,2024-10-31,2390.0,2420.0,2360.0,2420.0,2408.3,19142600,1.2552,2.5105
MDKA.JK,2024-11-01,2410.0,2410.0,2340.0,2350.0,2338.63,16423800,-2.8926,2.9046
MDKA.JK,2024-11-04,2350.0,2360.0,2290.0,2320.0,2308.78,17542800,-1.2766,2.9787
MDKA.JK,2024-11-05,2320.0,2350.0,2290.0,2300.0,2288.88,16807300,-0.8621,2.5862
MDKA.JK,2024-11-06,2300.0,2360.0,2270.0,2270.0,2259.02,24748900,-1.3043,3.913
MDKA.JK,2024-11-07,2250.0,2300.0,2220.0,2270.0,2259.02,24963500,0.0,3.5556
MDKA.JK,2024-11-08,2300.0,2320.0,2240.0,2240.0,2229.17,14230500,-1.3216,3.4783
MDKA.JK,2024-11-11,2250.0,2260.0,2170.0,2200.0,2189.36,15915100,-1.7857,4.0
MDKA.JK,2024-11-12,2210.0,2240.0,2170.0,2180.0,2169.46,20876500,-0.9091,3.1674
MDKA.JK,2024-11-13,2200.0,2310.0,2200.0,2240.0,2229.17,36604200,2.7523,5.0
MDKA.JK,2024-11-14,2240.0,2260.0,2180.0,2180.0,2169.46,25957500,-2.6786,3.5714
MDKA.JK,2024-11-15,2190.0,2200.0,2100.0,2100.0,2089.84,21703100,-3.6697,4.5662
MDKA.JK,2024-11-18,2090.0,2110.0,1995.0,2010.0,2000.28,42430800,-4.2857,5.5024
MDKA.JK,2024-11-19,2010.0,2090.0,2010.0,2080.0,2069.94,24380000,3.4826,3.9801
MDKA.JK,2024-11-20,2100.0,2160.0,2070.0,2150.0,2139.6,32909800,3.3654,4.2857
MDKA.JK,2024-11-21,2160.0,2160.0,2090.0,2100.0,2089.84,16543400,-2.3256,3.2407
MDKA.JK,2024-11-22,2070.0,2100.0,2030.0,2050.0,2040.08,32153800,-2.381,3.3816
MDKA.JK,2024-11-25,2060.0,2110.0,2030.0,2030.0,2020.18,62629600,-0.9756,3.8835
MDKA.JK,2024-11-26,2030.0,2030.0,1995.0,2000.0,1990.33,28688500,-1.4778,1.7241
MDKA.JK,2024-11-28,2020.0,2020.0,1830.0,1930.0,1920.67,132976100,-3.5,9.4059
MDKA.JK,2024-11-29,1930.0,1935.0,1830.0,1840.0,1831.1,67876100,-4.6632,5.4404
MDKA.JK,2024-12-02,1840.0,1915.0,1815.0,1840.0,1831.1,38479700,0.0,5.4348
MDKA.JK,2024-12-03,1850.0,1875.0,1840.0,1860.0,1851.0,22197200,1.087,1.8919
MDKA.JK,2024-12-04,1865.0,1940.0,1850.0,1930.0,1920.67,37877700,3.7634,4.8257
MDKA.JK,2024-12-05,1945.0,1945.0,1905.0,1920.0,1910.71,14573800,-0.5181,2.0566
MDKA.JK,2024-12-06,1930.0,1935.0,1900.0,1910.0,1900.76,14853400,-0.5208,1.8135
MDKA.JK,2024-12-09,1910.0,1960.0,1910.0,1920.0,1910.71,22814000,0.5236,2.6178
MDKA.JK,2024-12-10,1930.0,2030.0,1930.0,1990.0,1980.38,47741600,3.6458,5.1813
MDKA.JK,2024-12-11,2000.0,2030.0,1970.0,1985.0,1975.4,22745400,-0.2513,3.0
MDKA.JK,2024-12-12,1985.0,1985.0,1930.0,1945.0,1935.59,20362700,-2.0151,2.7708
MDKA.JK,2024-12-13,1945.0,1980.0,1925.0,1925.0,1915.69,32128000,-1.0283,2.8278
MDKA.JK,2024-12-16,1925.0,1955.0,1900.0,1900.0,1890.81,15714700,-1.2987,2.8571
MDKA.JK,2024-12-17,1900.0,1920.0,1825.0,1840.0,1831.1,25578900,-3.1579,5.0
MDKA.JK,2024-12-18,1845.0,1870.0,1760.0,1760.0,1751.49,22409900,-4.3478,5.9621
MDKA.JK,2024-12-19,1700.0,1700.0,1550.0,1615.0,1607.19,83025800,-8.2386,8.8235
MDKA.JK,2024-12-20,1600.0,1640.0,1565.0,1595.0,1587.29,114622700,-1.2384,4.6875
MDKA.JK,2024-12-23,1610.0,1675.0,1585.0,1630.0,1622.12,34367200,2.1944,5.5901
MDKA.JK,2024-12-24,1630.0,1650.0,1580.0,1580.0,1572.36,25105600,-3.0675,4.2945
MDKA.JK,2024-12-27,1595.0,1620.0,1570.0,1570.0,1562.41,22100600,-0.6329,3.1348
MDKA.JK,2024-12-30,1580.0,1700.0,1580.0,1615.0,1607.19,57612000,2.8662,7.5949
MDKA.JK,2025-01-02,1645.0,1650.0,1580.0,1595.0,1587.29,29809400,-1.2384,4.2553
MDKA.JK,2025-01-03,1595.0,1615.0,1585.0,1600.0,1592.26,39686300,0.3135,1.8809
MDKA.JK,2025-01-06,1600.0,1610.0,1510.0,1550.0,1542.5,56990600,-3.125,6.25
MDKA.JK,2025-01-07,1550.0,1565.0,1510.0,1510.0,1502.7,31914800,-2.5806,3.5484
MDKA.JK,2025-01-08,1520.0,1525.0,1360.0,1360.0,1353.42,146043100,-9.9338,10.8553
MDKA.JK,2025-01-09,1370.0,1400.0,1330.0,1340.0,1333.52,110433500,-1.4706,5.1095
MDKA.JK,2025-01-10,1350.0,1425.0,1350.0,1410.0,1403.18,63976000,5.2239,5.5556
MDKA.JK,2025-01-13,1420.0,1485.0,1400.0,1475.0,1467.87,61730500,4.6099,5.9859
MDKA.JK,2025-01-14,1500.0,1685.0,1455.0,1635.0,1627.09,120800000,10.8475,15.3333
MDKA.JK,2025-01-15,1635.0,1650.0,1600.0,1610.0,1602.21,34108700,-1.5291,3.0581
MDKA.JK,2025-01-16,1615.0,1640.0,1575.0,1600.0,1592.26,37496700,-0.6211,4.0248
MDKA.JK,2025-01-17,1615.0,1640.0,1585.0,1610.0,1602.21,43288900,0.625,3.4056
MDKA.JK,2025-01-20,1625.0,1710.0,1620.0,1700.0,1691.78,44504100,5.5901,5.5385
MDKA.JK,2025-01-21,1705.0,1730.0,1635.0,1650.0,1642.02,45378800,-2.9412,5.5718
MDKA.JK,2025-01-22,1660.0,1675.0,1575.0,1650.0,1642.02,60607400,0.0,6.0241
MDKA.JK,2025-01-23,1645.0,1645.0,1575.0,1605.0,1597.24,45526800,-2.7273,4.2553
MDKA.JK,2025-01-24,1600.0,1610.0,1585.0,1600.0,1592.26,18350000,-0.3115,1.5625
MDKA.JK,2025-01-30,1600.0,1600.0,1505.0,1580.0,1572.36,37573300,-1.25,5.9375
MDKA.JK,2025-01-31,1580.0,1590.0,1550.0,1565.0,1557.43,30700300,-0.9494,2.5316
MDKA.JK,2025-02-03,1565.0,1570.0,1440.0,1450.0,1442.99,49059200,-7.3482,8.3067
MDKA.JK,2025-02-04,1465.0,1515.0,1465.0,1500.0,1492.74,30581500,3.4483,3.413
MDKA.JK,2025-02-05,1510.0,1540.0,1475.0,1475.0,1467.87,23329900,-1.6667,4.3046
MDKA.JK,2025-02-06,1485.0,1500.0,1415.0,1430.0,1423.08,17424300,-3.0508,5.7239
MDKA.JK,2025-02-07,1455.0,1455.0,1400.0,1420.0,1413.13,25722500,-0.6993,3.7801
MDKA.JK,2025-02-10,1430.0,1550.0,1430.0,1490.0,1482.79,51794300,4.9296,8.3916
MDKA.JK,2025-02-11,1510.0,1565.0,1455.0,1455.0,1447.96,30761900,-2.349,7.2848
MDKA.JK,2025-02-12,1460.0,1510.0,1435.0,1505.0,1497.72,54538300,3.4364,5.137
MDKA.JK,2025-02-13,1505.0,1690.0,1470.0,1670.0,1661.92,104959300,10.9635,14.6179
MDKA.JK,2025-02-14,1675.0,1725.0,1630.0,1650.0,1642.02,64435500,-1.1976,5.6716
MDKA.JK,2025-02-17,1650.0,1845.0,1610.0,1800.0,1791.29,128027100,9.0909,14.2424
MDKA.JK,2025-02-18,1805.0,1875.0,1755.0,1800.0,1791.29,66891300,0.0,6.6482
MDKA.JK,2025-02-19,1810.0,1840.0,1730.0,1750.0,1741.54,42126100,-2.7778,6.0773
MDKA.JK,2025-02-20,1760.0,1830.0,1760.0,1810.0,1801.25,52530400,3.4286,3.9773
MDKA.JK,2025-02-21,1815.0,1835.0,1770.0,1825.0,1816.17,31224900,0.8287,3.5813
MDKA.JK,2025-02-24,1825.0,1825.0,1710.0,1715.0,1706.71,57847100,-6.0274,6.3014
MDKA.JK,2025-02-25,1710.0,1715.0,1545.0,1545.0,1537.53,100549400,-9.9125,9.9415
MDKA.JK,2025-02-26,1545.0,1595.0,1485.0,1595.0,1587.29,61116700,3.2362,7.1197
MDKA.JK,2025-02-27,1595.0,1610.0,1455.0,1455.0,1447.96,58086900,-8.7774,9.7179
MDKA.JK,2025-02-28,1430.0,1565.0,1400.0,1400.0,1393.23,1033685100,-3.7801,11.5385
MDKA.JK,2025-03-03,1495.0,1560.0,1430.0,1525.0,1517.62,151377800,8.9286,8.6957
MDKA.JK,2025-03-04,1480.0,1505.0,1440.0,1470.0,1462.89,91525700,-3.6066,4.3919
MDKA.JK,2025-03-05,1475.0,1500.0,1450.0,1480.0,1472.84,69670200,0.6803,3.3898
MDKA.JK,2025-03-06,1520.0,1550.0,1475.0,1475.0,1467.87,86497200,-0.3378,4.9342
MDKA.JK,2025-03-07,1480.0,1580.0,1480.0,1530.0,1522.6,79362100,3.7288,6.7568
MDKA.JK,2025-03-10,1530.0,1530.0,1400.0,1400.0,1393.23,89565800,-8.4967,8.4967
MDKA.JK,2025-03-11,1345.0,1375.0,1285.0,1310.0,1303.66,103501400,-6.4286,6.6914
MDKA.JK,2025-03-12,1320.0,1360.0,1275.0,1330.0,1323.57,107293900,1.5267,6.4394
MDKA.JK,2025-03-13,1350.0,1395.0,1315.0,1340.0,1333.52,88945500,0.7519,5.9259
MDKA.JK,2025-03-14,1365.0,1390.0,1330.0,1340.0,1333.52,80404400,0.0,4.3956
MDKA.JK,2025-03-17,1355.0,1475.0,1355.0,1440.0,1433.04,106401500,7.4627,8.8561
MDKA.JK,2025-03-18,1460.0,1470.0,1355.0,1420.0,1413.13,78583500,-1.3889,7.8767
MDKA.JK,2025-03-19,1440.0,1450.0,1400.0,1410.0,1403.18,40654600,-0.7042,3.4722
MDKA.JK,2025-03-20,1435.0,1465.0,1410.0,1430.0,1423.08,51894500,1.4184,3.8328
MDKA.JK,2025-03-21,1435.0,1440.0,1360.0,1375.0,1368.35,52963700,-3.8462,5.5749
MDKA.JK,2025-03-24,1375.0,1390.0,1325.0,1345.0,1338.49,34983200,-2.1818,4.7273
MDKA.JK,2025-03-25,1345.0,1360.0,1310.0,1350.0,1343.47,28715500,0.3717,3.7175
MDKA.JK,2025-03-26,1415.0,1465.0,1375.0,1450.0,1442.99,48511600,7.4074,6.3604
MDKA.JK,2025-03-27,1425.0,1455.0,1415.0,1430.0,1423.08,30000200,-1.3793,2.807
MDKA.JK,2025-04-08,1290.0,1290.0,1220.0,1220.0,1214.1,53039600,-14.6853,5.4264
MDKA.JK,2025-04-09,1220.0,1225.0,1040.0,1040.0,1034.97,186799500,-14.7541,15.1639
MDKA.JK,2025-04-10,1175.0,1300.0,1150.0,1220.0,1214.1,159604700,17.3077,12.766
MDKA.JK,2025-04-11,1235.0,1435.0,1230.0,1305.0,1298.69,162805100,6.9672,16.5992
MDKA.JK,2025-04-14,1350.0,1460.0,1350.0,1440.0,1433.04,140799400,10.3448,8.1481
MDKA.JK,2025-04-15,1455.0,1485.0,1395.0,1430.0,1423.08,111640900,-0.6944,6.1856
MDKA.JK,2025-04-16,1425.0,1460.0,1400.0,1415.0,1408.16,79162600,-1.049,4.2105
MDKA.JK,2025-04-17,1440.0,1745.0,1440.0,1645.0,1637.04,371332900,16.2544,21.1806
MDKA.JK,2025-04-21,1710.0,1795.0,1665.0,1695.0,1686.8,252897000,3.0395,7.6023
MDKA.JK,2025-04-22,1725.0,1745.0,1650.0,1665.0,1656.95,143090800,-1.7699,5.5072
MDKA.JK,2025-04-23,1660.0,1660.0,1550.0,1570.0,1562.41,118908900,-5.7057,6.6265
MDKA.JK,2025-04-24,1605.0,1665.0,1600.0,1610.0,1602.21,96811500,2.5478,4.0498
MDKA.JK,2025-04-25,1625.0,1720.0,1620.0,1680.0,1671.87,121508700,4.3478,6.1538
MDKA.JK,2025-04-28,1700.0,1710.0,1630.0,1660.0,1651.97,77295000,-1.1905,4.7059
MDKA.JK,2025-04-29,1685.0,1735.0,1685.0,1720.0,1711.68,89927700,3.6145,2.9674
MDKA.JK,2025-04-30,1720.0,1750.0,1655.0,1670.0,1661.92,96060400,-2.907,5.5233
MDKA.JK,2025-05-02,1675.0,1725.0,1675.0,1690.0,1681.83,42211700,1.1976,2.9851
MDKA.JK,2025-05-05,1680.0,1700.0,1640.0,1680.0,1671.87,94900300,-0.5917,3.5714
MDKA.JK,2025-05-06,1710.0,1790.0,1705.0,1780.0,1771.39,177219800,5.9524,4.9708
MDKA.JK,2025-05-07,1785.0,1905.0,1780.0,1855.0,1846.03,184953000,4.2135,7.0028
MDKA.JK,2025-05-08,1885.0,1970.0,1800.0,1800.0,1791.29,230630800,-2.965,9.0186
MDKA.JK,2025-05-09,1800.0,1850.0,1775.0,1805.0,1796.27,56077300,0.2778,4.1667
MDKA.JK,2025-05-14,1790.0,1800.0,1735.0,1770.0,1761.44,84356500,-1.9391,3.6313
MDKA.JK,2025-05-15,1770.0,1880.0,1765.0,1830.0,1821.15,107538600,3.3898,6.4972
MDKA.JK,2025-05-16,1890.0,1955.0,1870.0,1935.0,1925.64,103450700,5.7377,4.4974
MDKA.JK,2025-05-19,1975.0,2100.0,1955.0,2070.0,2059.99,142470700,6.9767,7.3418
MDKA.JK,2025-05-20,2080.0,2170.0,1975.0,2020.0,2010.23,123979500,-2.4155,9.375
MDKA.JK,2025-05-21,2060.0,2130.0,2040.0,2050.0,2040.08,89310600,1.4851,4.3689
MDKA.JK,2025-05-22,2090.0,2110.0,2000.0,2030.0,2020.18,63582900,-0.9756,5.2632
MDKA.JK,2025-05-23,2030.0,2080.0,2010.0,2040.0,2030.13,45740000,0.4926,3.4483
MDKA.JK,2025-05-26,2100.0,2130.0,2030.0,2060.0,2050.04,103999000,0.9804,4.7619
MDKA.JK,2025-05-27,2060.0,2090.0,2020.0,2040.0,2030.13,47152200,-0.9709,3.3981
MDKA.JK,2025-05-28,2050.0,2080.0,2020.0,2020.0,2010.23,64301800,-0.9804,2.9268
MDKA.JK,2025-06-02,2030.0,2140.0,1965.0,2120.0,2109.75,142590300,4.9505,8.6207
MDKA.JK,2025-06-03,2150.0,2170.0,2070.0,2070.0,2059.99,85692300,-2.3585,4.6512
MDKA.JK,2025-06-04,2090.0,2260.0,2080.0,2240.0,2229.17,187577200,8.2126,8.6124
MDKA.JK,2025-06-05,2270.0,2290.0,2150.0,2160.0,2149.55,74055300,-3.5714,6.1674
MDKA.JK,2025-06-10,2160.0,2190.0,2090.0,2140.0,2129.65,47349400,-0.9259,4.6296
MDKA.JK,2025-06-11,2150.0,2260.0,2150.0,2230.0,2219.21,61769000,4.2056,5.1163
MDKA.JK,2025-06-12,2250.0,2250.0,2170.0,2190.0,2179.41,31088400,-1.7937,3.5556
MDKA.JK,2025-06-13,2240.0,2300.0,2210.0,2230.0,2219.21,87645500,1.8265,4.0179
MDKA.JK,2025-06-16,2260.0,2340.0,2170.0,2200.0,2189.36,92169300,-1.3453,7.5221
MDKA.JK,2025-06-17,2220.0,2270.0,2200.0,2250.0,2239.12,36680900,2.2727,3.1532
MDKA.JK,2025-06-18,2280.0,2300.0,2240.0,2240.0,2229.17,42443400,-0.4444,2.6316
MDKA.JK,2025-06-19,2250.0,2250.0,2060.0,2140.0,2129.65,113408100,-4.4643,8.4444
MDKA.JK,2025-06-20,2120.0,2150.0,2020.0,2020.0,2010.23,136012600,-5.6075,6.1321
MDKA.JK,2025-06-23,2010.0,2090.0,1950.0,2040.0,2030.13,57536400,0.9901,6.9652
MDKA.JK,2025-06-24,2050.0,2080.0,1990.0,1995.0,1985.35,38833900,-2.2059,4.3902
MDKA.JK,2025-06-25,2000.0,2030.0,1800.0,1805.0,1796.27,128433500,-9.5238,11.5
MDKA.JK,2025-06-26,1805.0,1830.0,1750.0,1830.0,1821.15,100625500,1.385,4.4321
MDKA.JK,2025-06-30,1830.0,2040.0,1795.0,2000.0,1990.33,129494900,9.2896,13.388
MDKA.JK,2025-07-01,2030.0,2070.0,1975.0,2030.0,2020.18,87941100,1.5,4.6798
MDKA.JK,2025-07-02,2020.0,2080.0,1980.0,1995.0,1985.35,56671300,-1.7241,4.9505
MDKA.JK,2025-07-03,2010.0,2090.0,2010.0,2090.0,2079.89,50084500,4.7619,3.9801
MDKA.JK,2025-07-04,2090.0,2130.0,2020.0,2070.0,2059.99,39795000,-0.9569,5.2632
MDKA.JK,2025-07-07,2080.0,2080.0,2020.0,2050.0,2040.08,27996000,-0.9662,2.8846
MDKA.JK,2025-07-08,2060.0,2120.0,2060.0,2080.0,2069.94,28242400,1.4634,2.9126
MDKA.JK,2025-07-09,2120.0,2160.0,2080.0,2110.0,2099.79,53690300,1.4423,3.7736
MDKA.JK,2025-07-10,2150.0,2170.0,2090.0,2110.0,2099.79,41092900,0.0,3.7209
MDKA.JK,2025-07-11,2130.0,2130.0,2080.0,2110.0,2099.79,26909600,0.0,2.3474
MDKA.JK,2025-07-14,2130.0,2130.0,2050.0,2090.0,2079.89,38960400,-0.9479,3.7559
MDKA.JK,2025-07-15,2100.0,2150.0,2060.0,2150.0,2139.6,46930200,2.8708,4.2857
MDKA.JK,2025-07-16,2180.0,2210.0,2130.0,2130.0,2119.7,43824400,-0.9302,3.6697
MDKA.JK,2025-07-17,2160.0,2220.0,2130.0,2210.0,2199.31,51547300,3.7559,4.1667
MDKA.JK,2025-07-18,2220.0,2420.0,2170.0,2420.0,2408.3,107422500,9.5023,11.2613
MDKA.JK,2025-07-21,2450.0,2550.0,2400.0,2450.0,2438.15,95891900,1.2397,6.1224
MDKA.JK,2025-07-22,2500.0,2560.0,2310.0,2340.0,2328.68,114097400,-4.4898,10.0
MDKA.JK,2025-07-23,2380.0,2470.0,2360.0,2440.0,2428.2,62701100,4.2735,4.6218
MDKA.JK,2025-07-24,2440.0,2490.0,2380.0,2420.0,2408.3,63782400,-0.8197,4.5082
MDKA.JK,2025-07-25,2420.0,2440.0,2370.0,2370.0,2358.54,24954200,-2.0661,2.8926
MDKA.JK,2025-07-28,2360.0,2590.0,2360.0,2590.0,2577.47,92617400,9.2827,9.7458
MDKA.JK,2025-07-29,2590.0,2670.0,2540.0,2640.0,2627.23,94244400,1.9305,5.0193
MDKA.JK,2025-07-30,2640.0,2640.0,2480.0,2550.0,2537.67,72343800,-3.4091,6.0606
MDKA.JK,2025-07-31,2440.0,2500.0,2360.0,2360.0,2348.59,96082500,-7.451,5.7377
MDKA.JK,2025-08-01,2360.0,2450.0,2330.0,2450.0,2438.15,47591500,3.8136,5.0847
MDKA.JK,2025-08-04,2480.0,2490.0,2340.0,2360.0,2348.59,48562000,-3.6735,6.0484
MDKA.JK,2025-08-05,2380.0,2410.0,2320.0,2330.0,2318.73,30964900,-1.2712,3.7815
MDKA.JK,2025-08-06,2340.0,2410.0,2340.0,2400.0,2388.39,31341400,3.0043,2.9915
MDKA.JK,2025-08-07,2440.0,2540.0,2420.0,2490.0,2477.96,61284800,3.75,4.918
MDKA.JK,2025-08-08,2500.0,2510.0,2420.0,2470.0,2458.05,26576100,-0.8032,3.6
MDKA.JK,2025-08-11,2460.0,2500.0,2370.0,2390.0,2378.44,30406700,-3.2389,5.2846
MDKA.JK,2025-08-12,2400.0,2440.0,2250.0,2280.0,2268.97,68539200,-4.6025,7.9167
MDKA.JK,2025-08-13,2300.0,2340.0,2220.0,2280.0,2268.97,74271600,0.0,5.2174
MDKA.JK,2025-08-14,2250.0,2300.0,2230.0,2270.0,2259.02,44524900,-0.4386,3.1111
MDKA.JK,2025-08-15,2270.0,2280.0,2220.0,2220.0,2209.26,22859100,-2.2026,2.6432
MDKA.JK,2025-08-19,2220.0,2330.0,2220.0,2310.0,2298.83,40222800,4.0541,4.955
MDKA.JK,2025-08-20,2290.0,2350.0,2280.0,2320.0,2308.78,32846800,0.4329,3.0568
MDKA.JK,2025-08-21,2320.0,2340.0,2250.0,2280.0,2268.97,26744400,-1.7241,3.8793
MDKA.JK,2025-08-22,2280.0,2320.0,2260.0,2280.0,2268.97,13695900,0.0,2.6316
MDKA.JK,2025-08-25,2300.0,2320.0,2250.0,2260.0,2249.07,37224200,-0.8772,3.0435
MDKA.JK,2025-08-26,2260.0,2290.0,2230.0,2230.0,2219.21,59861400,-1.3274,2.6549
MDKA.JK,2025-08-27,2270.0,2410.0,2240.0,2390.0,2378.44,85279500,7.1749,7.489
MDKA.JK,2025-08-28,2450.0,2540.0,2450.0,2510.0,2497.86,102896400,5.0209,3.6735
MDKA.JK,2025-08-29,2450.0,2560.0,2360.0,2470.0,2458.05,112817200,-1.5936,8.1633
MDKA.JK,2025-09-01,2390.0,2560.0,2330.0,2490.0,2477.96,129396400,0.8097,9.6234
MDKA.JK,2025-09-02,2560.0,2620.0,2530.0,2570.0,2557.57,113690000,3.2129,3.5156
MDKA.JK,2025-09-03,2620.0,2630.0,2510.0,2550.0,2537.67,79180600,-0.7782,4.5802
MDKA.JK,2025-09-04,2570.0,2750.0,2570.0,2620.0,2607.33,191356100,2.7451,7.0039
MDKA.JK,2025-09-08,2700.0,2740.0,2620.0,2640.0,2627.23,184323100,0.7634,4.4444
MDKA.JK,2025-09-09,2680.0,2820.0,2620.0,2700.0,2686.94,228137700,2.2727,7.4627
MDKA.JK,2025-09-10,2700.0,2710.0,2560.0,2600.0,2587.42,110715500,-3.7037,5.5556
MDKA.JK,2025-09-11,2620.0,2620.0,2470.0,2500.0,2487.91,106312500,-3.8462,5.7252
MDKA.JK,2025-09-12,2550.0,2560.0,2480.0,2530.0,2517.76,69258700,1.2,3.1373
MDKA.JK,2025-09-15,2530.0,2540.0,2490.0,2520.0,2507.81,65979000,-0.3953,1.9763
MDKA.JK,2025-09-16,2550.0,2560.0,2470.0,2540.0,2527.71,70583000,0.7937,3.5294
MDKA.JK,2025-09-17,2550.0,2550.0,2460.0,2490.0,2477.96,58915500,-1.9685,3.5294
MDKA.JK,2025-09-18,2510.0,2510.0,2350.0,2370.0,2358.54,127649500,-4.8193,6.3745
MDKA.JK,2025-09-19,2360.0,2470.0,2360.0,2380.0,2368.49,108094900,0.4219,4.661
MDKA.JK,2025-09-22,2440.0,2530.0,2430.0,2520.0,2507.81,140178100,5.8824,4.0984
MDKA.JK,2025-09-23,2560.0,2580.0,2430.0,2450.0,2438.15,222006400,-2.7778,5.8594
MDKA.JK,2025-09-24,2450.0,2470.0,2230.0,2280.0,2268.97,199310700,-6.9388,9.7959
MDKA.JK,2025-09-25,2310.0,2330.0,2060.0,2070.0,2059.99,224395900,-9.2105,11.6883
MDKA.JK,2025-09-26,2060.0,2240.0,2010.0,2220.0,2209.26,181866600,7.2464,11.165
MDKA.JK,2025-09-29,2250.0,2300.0,2150.0,2200.0,2189.36,129025700,-0.9009,6.6667
MDKA.JK,2025-09-30,2230.0,2240.0,2110.0,2110.0,2099.79,95777300,-4.0909,5.8296
MDKA.JK,2025-10-01,2110.0,2170.0,2050.0,2060.0,2050.04,148913800,-2.3697,5.6872
MDKA.JK,2025-10-02,2060.0,2160.0,2050.0,2120.0,2109.75,138153500,2.9126,5.3398
MDKA.JK,2025-10-03,2130.0,2140.0,2100.0,2120.0,2109.75,33875600,0.0,1.8779
MDKA.JK,2025-10-06,2190.0,2200.0,2100.0,2130.0,2119.7,51199600,0.4717,4.5662
MDKA.JK,2025-10-07,2150.0,2260.0,2130.0,2240.0,2229.17,119499000,5.1643,6.0465
MDKA.JK,2025-10-08,2250.0,2280.0,2160.0,2280.0,2268.97,106168900,1.7857,5.3333
MDKA.JK,2025-10-09,2320.0,2420.0,2240.0,2300.0,2288.88,170377200,0.8772,7.7586
MDKA.JK,2025-10-10,2330.0,2380.0,2270.0,2370.0,2358.54,66970800,3.0435,4.721
MDKA.JK,2025-10-13,2330.0,2390.0,2280.0,2370.0,2358.54,49754800,0.0,4.721
MDKA.JK,2025-10-14,2410.0,2440.0,2240.0,2350.0,2338.63,123642800,-0.8439,8.2988
MDKA.JK,2025-10-15,2380.0,2430.0,2310.0,2350.0,2338.63,71020400,0.0,5.042
MDKA.JK,2025-10-16,2340.0,2420.0,2340.0,2400.0,2388.39,54040300,2.1277,3.4188
MDKA.JK,2025-10-17,2420.0,2450.0,2320.0,2340.0,2328.68,109521900,-2.5,5.3719
MDKA.JK,2025-10-20,2340.0,2350.0,2240.0,2280.0,2268.97,58329400,-2.5641,4.7009
MDKA.JK,2025-10-21,2320.0,2430.0,2320.0,2370.0,2358.54,66054900,3.9474,4.7414
MDKA.JK,2025-10-22,2310.0,2320.0,2250.0,2270.0,2259.02,43104200,-4.2194,3.0303
MDKA.JK,2025-10-23,2300.0,2300.0,2210.0,2230.0,2219.21,41646300,-1.7621,3.913
MDKA.JK,2025-10-24,2240.0,2260.0,2220.0,2220.0,2209.26,23547100,-0.4484,1.7857
MDKA.JK,2025-10-27,2220.0,2250.0,2100.0,2250.0,2239.12,52975100,1.3514,6.7568
MDKA.JK,2025-10-28,2250.0,2270.0,2150.0,2170.0,2159.5,65667000,-3.5556,5.3333
MDKA.JK,2025-10-29,2200.0,2460.0,2200.0,2460.0,2448.1,237569000,13.3641,11.8182
MDKA.JK,2025-10-30,2450.0,2500.0,2400.0,2500.0,2487.91,89136100,1.626,4.0816
MDKA.JK,2025-10-31,2520.0,2520.0,2420.0,2440.0,2428.2,50322700,-2.4,3.9683
MDKA.JK,2025-11-03,2460.0,2470.0,2390.0,2420.0,2408.3,31397600,-0.8197,3.252
MDKA.JK,2025-11-04,2420.0,2450.0,2380.0,2420.0,2408.3,41737400,0.0,2.8926
MDKA.JK,2025-11-05,2400.0,2430.0,2320.0,2430.0,2418.25,34457700,0.4132,4.5833
MDKA.JK,2025-11-06,2430.0,2470.0,2370.0,2430.0,2418.25,47912200,0.0,4.1152
MDKA.JK,2025-11-07,2430.0,2450.0,2400.0,2420.0,2408.3,22585400,-0.4115,2.0576
MDKA.JK,2025-11-10,2450.0,2510.0,2400.0,2500.0,2487.91,66039800,3.3058,4.4898
MDKA.JK,2025-11-11,2550.0,2570.0,2470.0,2500.0,2487.91,82735200,0.0,3.9216
MDKA.JK,2025-11-12,2500.0,2500.0,2420.0,2420.0,2408.3,39832800,-3.2,3.2
MDKA.JK,2025-11-13,2430.0,2470.0,2420.0,2460.0,2448.1,40838000,1.6529,2.0576
MDKA.JK,2025-11-14,2450.0,2450.0,2380.0,2410.0,2398.34,28313100,-2.0325,2.8571
MDKA.JK,2025-11-17,2390.0,2400.0,2240.0,2260.0,2249.07,94282100,-6.2241,6.6946
MDKA.JK,2025-11-18,2240.0,2240.0,2080.0,2170.0,2159.5,193176900,-3.9823,7.1429
MDKA.JK,2025-11-19,2200.0,2250.0,2170.0,2240.0,2229.17,56898300,3.2258,3.6364
MDKA.JK,2025-11-20,2250.0,2260.0,2170.0,2170.0,2159.5,36764300,-3.125,4.0
MDKA.JK,2025-11-21,2170.0,2270.0,2140.0,2270.0,2259.02,57952200,4.6083,5.9908
MDKA.JK,2025-11-24,2280.0,2330.0,2220.0,2300.0,2288.88,70511600,1.3216,4.8246
MDKA.JK,2025-11-25,2310.0,2320.0,2270.0,2300.0,2288.88,23402700,0.0,2.1645
MDKA.JK,2025-11-26,2310.0,2350.0,2290.0,2340.0,2328.68,38991800,1.7391,2.5974
MDKA.JK,2025-11-27,2350.0,2390.0,2320.0,2350.0,2338.63,28361600,0.4274,2.9787
MDKA.JK,2025-11-28,2360.0,2380.0,2280.0,2280.0,2268.97,32960000,-2.9787,4.2373
MDKA.JK,2025-12-01,2300.0,2320.0,2270.0,2310.0,2298.83,29439300,1.3158,2.1739
MDKA.JK,2025-12-02,2320.0,2340.0,2280.0,2280.0,2268.97,20031500,-1.2987,2.5862
MDKA.JK,2025-12-03,2310.0,2310.0,2200.0,2260.0,2249.07,33970800,-0.8772,4.7619
MDKA.JK,2025-12-04,2260.0,2260.0,2210.0,2250.0,2239.12,27269600,-0.4425,2.2124
MDKA.JK,2025-12-05,2220.0,2260.0,2200.0,2230.0,2219.21,21861800,-0.8889,2.7027
MDKA.JK,2025-12-08,2230.0,2330.0,2220.0,2330.0,2318.73,39530900,4.4843,4.9327
MDKA.JK,2025-12-09,2340.0,2340.0,2240.0,2240.0,2229.17,37403400,-3.8627,4.2735
MDKA.JK,2025-12-10,2270.0,2340.0,2240.0,2280.0,2268.97,47920200,1.7857,4.4053
MDKA.JK,2025-12-11,2300.0,2330.0,2150.0,2200.0,2189.36,66675000,-3.5088,7.8261
MDKA.JK,2025-12-12,2220.0,2270.0,2170.0,2250.0,2239.12,66023200,2.2727,4.5045
MDKA.JK,2025-12-15,2280.0,2480.0,2250.0,2350.0,2338.63,153363100,4.4444,10.0877
MDKA.JK,2025-12-16,2350.0,2360.0,2270.0,2310.0,2298.83,52851800,-1.7021,3.8298
MDKA.JK,2025-12-17,2320.0,2340.0,2280.0,2290.0,2278.92,26770700,-0.8658,2.5862
MDKA.JK,2025-12-18,2290.0,2290.0,2190.0,2200.0,2189.36,39767100,-3.9301,4.3668
MDKA.JK,2025-12-19,2220.0,2240.0,2160.0,2190.0,2179.41,35838900,-0.4545,3.6036
MDKA.JK,2025-12-22,2220.0,2270.0,2220.0,2260.0,2249.07,33154700,3.1963,2.2523
MDKA.JK,2025-12-23,2290.0,2300.0,2210.0,2230.0,2219.21,31550000,-1.3274,3.9301
MDKA.JK,2025-12-24,2250.0,2260.0,2180.0,2200.0,2189.36,18123000,-1.3453,3.5556
MDKA.JK,2025-12-29,2220.0,2350.0,2220.0,2320.0,2308.78,67899600,5.4545,5.8559
MDKA.JK,2025-12-30,2300.0,2310.0,2240.0,2280.0,2268.97,23506900,-1.7241,3.0435
MDKA.JK,2026-01-02,2290.0,2350.0,2260.0,2330.0,2318.73,33768500,2.193,3.9301
MDKA.JK,2026-01-05,2380.0,2480.0,2360.0,2480.0,2468.01,98930000,6.4378,5.042
MDKA.JK,2026-01-06,2500.0,2730.0,2500.0,2700.0,2686.94,203198800,8.871,9.2
MDKA.JK,2026-01-07,2750.0,2770.0,2680.0,2720.0,2706.84,112010500,0.7407,3.2727
MDKA.JK,2026-01-08,2710.0,2710.0,2530.0,2560.0,2547.62,84234700,-5.8824,6.6421
MDKA.JK,2026-01-09,2580.0,2710.0,2580.0,2700.0,2686.94,64094600,5.4688,5.0388
MDKA.JK,2026-01-12,2760.0,2890.0,2660.0,2890.0,2876.02,178530600,7.037,8.3333
MDKA.JK,2026-01-13,2950.0,3150.0,2930.0,3120.0,3104.91,301565000,7.9585,7.4576
MDKA.JK,2026-01-14,3160.0,3190.0,3020.0,3060.0,3045.2,128273700,-1.9231,5.3797
MDKA.JK,2026-01-15,3090.0,3150.0,2950.0,2990.0,2975.54,125184800,-2.2876,6.4725
MDKA.JK,2026-01-19,3030.0,3070.0,2930.0,3060.0,3045.2,116660400,2.3411,4.6205
MDKA.JK,2026-01-20,3130.0,3230.0,3040.0,3210.0,3194.47,168195300,4.902,6.0703
MDKA.JK,2026-01-21,3260.0,3410.0,3220.0,3310.0,3293.99,165486500,3.1153,5.8282
MDKA.JK,2026-01-22,3260.0,3350.0,3180.0,3240.0,3224.33,119070600,-2.1148,5.2147
MDKA.JK,2026-01-23,3350.0,3380.0,3230.0,3300.0,3284.04,103617400,1.8519,4.4776
MDKA.JK,2026-01-26,3350.0,3580.0,3330.0,3450.0,3433.31,211599000,4.5455,7.4627
MDKA.JK,2026-01-27,3470.0,3490.0,3130.0,3210.0,3194.47,174852000,-6.9565,10.3746
MDKA.JK,2026-01-28,3130.0,3260.0,2970.0,3240.0,3224.33,237110300,0.9346,9.2652
MDKA.JK,2026-01-29,3300.0,3330.0,2810.0,3170.0,3154.67,244629800,-2.1605,15.7576
MDKA.JK,2026-01-30,3200.0,3350.0,3110.0,3210.0,3194.47,147285200,1.2618,7.5
MDKA.JK,2026-02-02,2960.0,3020.0,2730.0,2730.0,2716.8,115937900,-14.9533,9.7973
MDKA.JK,2026-02-03,2900.0,2950.0,2620.0,2950.0,2935.73,112002800,8.0586,11.3793
MDKA.JK,2026-02-04,3010.0,3110.0,2990.0,3030.0,3015.34,97456600,2.7119,3.9867
MDKA.JK,2026-02-05,3050.0,3130.0,2840.0,3060.0,3045.2,148922200,0.9901,9.5082
MDKA.JK,2026-02-06,2940.0,2990.0,2810.0,2850.0,2836.22,107512500,-6.8627,6.1224
MDKA.JK,2026-02-09,2900.0,3070.0,2900.0,3040.0,3025.3,67790000,6.6667,5.8621
MDKA.JK,2026-02-10,3060.0,3180.0,3020.0,3090.0,3075.05,70308100,1.6447,5.2288
MDKA.JK,2026-02-11,3100.0,3220.0,3090.0,3160.0,3144.72,61619200,2.2654,4.1935
MDKA.JK,2026-02-12,3180.0,3280.0,3180.0,3190.0,3174.57,66660600,0.9494,3.1447
MDKA.JK,2026-02-13,3170.0,3250.0,3110.0,3220.0,3204.43,49113000,0.9404,4.4164
MDKA.JK,2026-02-18,3200.0,3300.0,3160.0,3290.0,3274.09,51711000,2.1739,4.375
MDKA.JK,2026-02-19,3300.0,3680.0,3290.0,3530.0,3512.93,144237200,7.2948,11.8182
MDKA.JK,2026-02-20,3600.0,3680.0,3530.0,3590.0,3572.64,70740400,1.6997,4.1667
MDKA.JK,2026-02-23,3620.0,3750.0,3610.0,3740.0,3721.91,65362200,4.1783,3.8674
MDKA.JK,2026-02-24,3750.0,3900.0,3750.0,3790.0,3771.67,92209500,1.3369,4.0
MDKA.JK,2026-02-25,3810.0,3960.0,3780.0,3820.0,3801.52,90104000,0.7916,4.7244
MDKA.JK,2026-02-26,3840.0,3850.0,3520.0,3640.0,3622.39,136401700,-4.712,8.5938
MDKA.JK,2026-02-27,3630.0,3790.0,3570.0,3750.0,3731.86,83375700,3.022,6.0606
MDKA.JK,2026-03-02,3800.0,3950.0,3760.0,3940.0,3920.94,90636200,5.0667,5.0
MDKA.JK,2026-03-03,3940.0,3940.0,3590.0,3660.0,3642.3,87425600,-7.1066,8.8832
MDKA.JK,2026-03-04,3530.0,3590.0,3400.0,3430.0,3413.41,114676300,-6.2842,5.3824
MDKA.JK,2026-03-05,3550.0,3650.0,3510.0,3620.0,3602.49,39732600,5.5394,3.9437
MDKA.JK,2026-03-06,3620.0,3620.0,3400.0,3480.0,3463.17,51959700,-3.8674,6.0773
MDKA.JK,2026-03-09,3300.0,3370.0,3000.0,3330.0,3313.89,132816900,-4.3103,11.2121
MDKA.JK,2026-03-10,3450.0,3510.0,3340.0,3500.0,3483.07,64342500,5.1051,4.9275
MDKA.JK,2026-03-11,3500.0,3540.0,3360.0,3370.0,3353.7,42040200,-3.7143,5.1429
MDKA.JK,2026-03-12,3370.0,3390.0,3230.0,3370.0,3353.7,43996100,0.0,4.7478
MDKA.JK,2026-03-13,3350.0,3350.0,3140.0,3190.0,3174.57,66141600,-5.3412,6.2687
MDKA.JK,2026-03-16,3080.0,3100.0,2970.0,3060.0,3045.2,99499400,-4.0752,4.2208
MDKA.JK,2026-03-17,3090.0,3340.0,3090.0,3310.0,3293.99,70003100,8.1699,8.0906
MDKA.JK,2026-03-25,3130.0,3250.0,3100.0,3190.0,3174.57,63871700,-3.6254,4.7923
MDKA.JK,2026-03-26,3200.0,3330.0,3190.0,3240.0,3224.33,31270600,1.5674,4.375
MDKA.JK,2026-03-27,3200.0,3280.0,3200.0,3230.0,3214.38,17831300,-0.3086,2.5
MDKA.JK,2026-03-30,3200.0,3230.0,3100.0,3100.0,3085.01,56115800,-4.0248,4.0625
MDKA.JK,2026-03-31,3120.0,3210.0,3070.0,3140.0,3124.81,66624800,1.2903,4.4872
MDKA.JK,2026-04-01,3230.0,3390.0,3190.0,3340.0,3323.85,72471100,6.3694,6.192
MDKA.JK,2026-04-02,3300.0,3320.0,3190.0,3260.0,3244.23,25817500,-2.3952,3.9394
MDKA.JK,2026-04-06,3210.0,3300.0,3150.0,3250.0,3234.28,27540000,-0.3067,4.6729
MDKA.JK,2026-04-07,3260.0,3300.0,3160.0,3160.0,3144.72,22386800,-2.7692,4.2945
MDKA.JK,2026-04-08,3260.0,3400.0,3260.0,3300.0,3284.04,65155700,4.4304,4.2945
MDKA.JK,2026-04-09,3260.0,3300.0,3210.0,3230.0,3214.38,18990700,-2.1212,2.7607
MDKA.JK,2026-04-10,3260.0,3290.0,3190.0,3220.0,3204.43,28167900,-0.3096,3.0675
MDKA.JK,2026-04-13,3220.0,3230.0,3100.0,3150.0,3134.76,42114500,-2.1739,4.0373
MDKA.JK,2026-04-14,3180.0,3220.0,3130.0,3210.0,3194.47,48646100,1.9048,2.8302
MDKA.JK,2026-04-15,3260.0,3440.0,3260.0,3350.0,3333.8,88346500,4.3614,5.5215
MDKA.JK,2026-04-16,3400.0,3440.0,3300.0,3320.0,3303.94,46675000,-0.8955,4.1176
MDKA.JK,2026-04-17,3330.0,3370.0,3290.0,3370.0,3353.7,13612800,1.506,2.4024
MDKA.JK,2026-04-20,3370.0,3460.0,3310.0,3350.0,3333.8,57870700,-0.5935,4.451
MDKA.JK,2026-04-21,3450.0,3490.0,3360.0,3370.0,3353.7,74905600,0.597,3.7681
MDKA.JK,2026-04-22,3400.0,3540.0,3370.0,3400.0,3383.56,69397300,0.8902,5.0
MDKA.JK,2026-04-23,3420.0,3440.0,3330.0,3380.0,3363.65,29249900,-0.5882,3.2164
MDKA.JK,2026-04-24,3370.0,3380.0,3260.0,3380.0,3363.65,36081500,0.0,3.5608
MDKA.JK,2026-04-27,3390.0,3480.0,3380.0,3470.0,3453.22,36621100,2.6627,2.9499
MDKA.JK,2026-04-28,3480.0,3490.0,3400.0,3420.0,3403.46,26659900,-1.4409,2.5862
MDKA.JK,2026-04-29,3430.0,3440.0,3360.0,3400.0,3383.56,21530600,-0.5848,2.3324
MDKA.JK,2026-04-30,3430.0,3440.0,3150.0,3230.0,3214.38,54140100,-5.0,8.4548
MDKA.JK,2026-05-04,3230.0,3270.0,3170.0,3200.0,3184.52,29676400,-0.9288,3.096
MDKA.JK,2026-05-05,3200.0,3200.0,3070.0,3100.0,3085.01,33994900,-3.125,4.0625
MDKA.JK,2026-05-06,3100.0,3160.0,3070.0,3110.0,3094.96,42688000,0.3226,2.9032
MDKA.JK,2026-05-07,3160.0,3250.0,3140.0,3200.0,3184.52,87770200,2.8939,3.481
MDKA.JK,2026-05-08,3200.0,3240.0,2720.0,2780.0,2766.55,306091600,-13.125,16.25
MDKA.JK,2026-05-11,2760.0,3100.0,2630.0,2870.0,2856.12,194848600,3.2374,17.029
MDKA.JK,2026-05-12,2890.0,2910.0,2770.0,2870.0,2856.12,55519100,0.0,4.8443
MDKA.JK,2026-05-13,2820.0,2840.0,2690.0,2730.0,2716.8,60819200,-4.878,5.3191
MDKA.JK,2026-05-14,2730.0,2730.0,2730.0,2730.0,2716.8,0,0.0,0.0
MDKA.JK,2026-05-15,2730.0,2730.0,2730.0,2730.0,2716.8,0,0.0,0.0
MDKA.JK,2026-05-18,2630.0,2660.0,2340.0,2660.0,2647.13,155530700,-2.5641,12.1673
MDKA.JK,2026-05-19,2680.0,2780.0,2340.0,2500.0,2487.91,308566800,-6.015,16.4179
MDKA.JK,2026-05-20,2500.0,2650.0,2250.0,2350.0,2338.63,208580800,-6.0,16.0
MDKA.JK,2026-05-21,2410.0,2410.0,2150.0,2180.0,2169.46,135882000,-7.234,10.7884
MDKA.JK,2026-05-22,2180.0,2720.0,2180.0,2720.0,2706.84,315769700,24.7706,24.7706
MDKA.JK,2026-05-25,2740.0,2940.0,2700.0,2850.0,2836.22,225380900,4.7794,8.7591
MDKA.JK,2026-05-26,2850.0,2850.0,2720.0,2720.0,2706.84,103528900,-4.5614,4.5614
MDKA.JK,2026-05-27,2720.0,2720.0,2720.0,2720.0,2706.84,0,0.0,0.0
MDKA.JK,2026-05-28,2720.0,2720.0,2720.0,2720.0,2706.84,0,0.0,0.0
MDKA.JK,2026-05-29,2720.0,2830.0,2550.0,2590.0,2577.47,108962300,-4.7794,10.2941
MDKA.JK,2026-06-02,2610.0,2640.0,2520.0,2640.0,2627.23,69974400,1.9305,4.5977
MDKA.JK,2026-06-03,2600.0,2600.0,2250.0,2320.0,2308.78,172256000,-12.1212,13.4615
MDKA.JK,2026-06-04,2320.0,2500.0,2050.0,2490.0,2477.96,222312600,7.3276,19.3966
MDKA.JK,2026-06-05,2650.0,2690.0,2540.0,2570.0,2557.57,169411600,3.2129,5.6604
MDKA.JK,2026-06-08,2470.0,2620.0,2290.0,2420.0,2408.3,123229200,-5.8366,13.3603
MDKA.JK,2026-06-09,2440.0,2630.0,2370.0,2580.0,2567.52,84549400,6.6116,10.6557
MDKA.JK,2026-06-10,2530.0,2830.0,2450.0,2660.0,2647.13,109293900,3.1008,15.0198
MDKA.JK,2026-06-11,2600.0,2650.0,2470.0,2470.0,2458.05,97738200,-7.1429,6.9231
MDKA.JK,2026-06-12,2520.0,2670.0,2520.0,2540.0,2527.71,74638100,2.834,5.9524
MDKA.JK,2026-06-15,2650.0,2780.0,2610.0,2740.0,2726.75,100160100,7.874,6.4151
MDKA.JK,2026-06-17,2770.0,2820.0,2690.0,2730.0,2716.8,49144000,-0.365,4.6931
MDKA.JK,2026-06-18,2730.0,2920.0,2700.0,2860.0,2846.17,78188600,4.7619,8.0586
MDKA.JK,2026-06-19,2920.0,3130.0,2870.0,2930.0,2915.83,133420900,2.4476,8.9041
MDKA.JK,2026-06-22,3000.0,3020.0,2870.0,2940.0,2925.78,50363800,0.3413,5.0
MDKA.JK,2026-06-23,2940.0,2950.0,2810.0,2840.0,2826.26,39214400,-3.4014,4.7619
MDKA.JK,2026-06-24,2840.0,2880.0,2690.0,2720.0,2706.84,38031100,-4.2254,6.6901
MDKA.JK,2026-06-25,2670.0,2940.0,2620.0,2900.0,2885.97,47877000,6.6176,11.985
MDKA.JK,2026-06-26,2900.0,2900.0,2640.0,2690.0,2676.99,43978800,-7.2414,8.9655
MDKA.JK,2026-06-29,2690.0,2790.0,2610.0,2630.0,2617.28,26504900,-2.2305,6.6914
MDKA.JK,2026-06-30,2620.0,2620.0,2420.0,2420.0,2408.3,39271900,-7.9848,7.6336
MDKA.JK,2026-07-01,2440.0,2640.0,2360.0,2540.0,2527.71,31830500,4.9587,11.4754
MDKA.JK,2026-07-02,2610.0,2640.0,2510.0,2540.0,2540.0,20953100,0.0,4.9808
MDKA.JK,2026-07-03,2620.0,2720.0,2620.0,2700.0,2700.0,23591700,6.2992,3.8168
ADRO.JK,2024-07-03,2850.0,2920.0,2840.0,2890.0,1417.04,37201100,,2.807
ADRO.JK,2024-07-04,2900.0,2910.0,2860.0,2860.0,1402.33,21481400,-1.0381,1.7241
ADRO.JK,2024-07-05,2870.0,2910.0,2860.0,2910.0,1426.84,19036800,1.7483,1.7422
ADRO.JK,2024-07-08,2910.0,2910.0,2880.0,2900.0,1421.94,19287600,-0.3436,1.0309
ADRO.JK,2024-07-09,2910.0,2920.0,2880.0,2900.0,1421.94,33908500,0.0,1.3746
ADRO.JK,2024-07-10,2900.0,2930.0,2880.0,2900.0,1421.94,15583800,0.0,1.7241
ADRO.JK,2024-07-11,2900.0,2900.0,2860.0,2860.0,1402.33,14109100,-1.3793,1.3793
ADRO.JK,2024-07-12,2850.0,2860.0,2800.0,2830.0,1387.62,31624700,-1.049,2.1053
ADRO.JK,2024-07-15,2830.0,2870.0,2830.0,2870.0,1407.23,28322100,1.4134,1.4134
ADRO.JK,2024-07-16,2900.0,2900.0,2850.0,2870.0,1407.23,15556100,0.0,1.7241
ADRO.JK,2024-07-17,2890.0,2910.0,2870.0,2900.0,1421.94,30254100,1.0453,1.3841
ADRO.JK,2024-07-18,2890.0,3040.0,2870.0,3030.0,1485.68,103268300,4.4828,5.8824
ADRO.JK,2024-07-19,3040.0,3150.0,3040.0,3100.0,1520.01,112245400,2.3102,3.6184
ADRO.JK,2024-07-22,3100.0,3230.0,3100.0,3190.0,1564.14,67919400,2.9032,4.1935
ADRO.JK,2024-07-23,3190.0,3240.0,3130.0,3130.0,1534.72,33527400,-1.8809,3.4483
ADRO.JK,2024-07-24,3140.0,3190.0,3120.0,3170.0,1554.33,34903800,1.278,2.2293
ADRO.JK,2024-07-25,3160.0,3200.0,3120.0,3130.0,1534.72,32062500,-1.2618,2.5316
ADRO.JK,2024-07-26,3150.0,3190.0,3130.0,3180.0,1559.23,26608400,1.5974,1.9048
ADRO.JK,2024-07-29,3180.0,3220.0,3170.0,3180.0,1559.23,27176600,0.0,1.5723
ADRO.JK,2024-07-30,3200.0,3250.0,3180.0,3230.0,1583.75,46439400,1.5723,2.1875
ADRO.JK,2024-07-31,3250.0,3270.0,3200.0,3220.0,1578.85,44870200,-0.3096,2.1538
ADRO.JK,2024-08-01,3220.0,3250.0,3170.0,3250.0,1593.56,36345400,0.9317,2.4845
ADRO.JK,2024-08-02,3240.0,3370.0,3230.0,3320.0,1627.88,72656600,2.1538,4.321
ADRO.JK,2024-08-05,3270.0,3270.0,3070.0,3090.0,1515.1,136208200,-6.9277,6.1162
ADRO.JK,2024-08-06,3160.0,3200.0,3080.0,3180.0,1559.23,92352300,2.9126,3.7975
ADRO.JK,2024-08-07,3210.0,3270.0,3200.0,3230.0,1583.75,52487400,1.5723,2.1807
ADRO.JK,2024-08-08,3210.0,3230.0,3160.0,3190.0,1564.14,33577900,-1.2384,2.1807
ADRO.JK,2024-08-09,3210.0,3220.0,3150.0,3180.0,1559.23,38362100,-0.3135,2.1807
ADRO.JK,2024-08-12,3190.0,3240.0,3180.0,3240.0,1588.65,55556900,1.8868,1.8809
ADRO.JK,2024-08-13,3250.0,3270.0,3190.0,3230.0,1583.75,57590400,-0.3086,2.4615
ADRO.JK,2024-08-14,3230.0,3240.0,3200.0,3220.0,1578.85,32403100,-0.3096,1.2384
ADRO.JK,2024-08-15,3220.0,3220.0,3170.0,3210.0,1573.94,35270300,-0.3106,1.5528
ADRO.JK,2024-08-16,3230.0,3300.0,3230.0,3280.0,1608.27,75452400,2.1807,2.1672
ADRO.JK,2024-08-19,3270.0,3300.0,3240.0,3280.0,1608.27,27875100,0.0,1.8349
ADRO.JK,2024-08-20,3280.0,3290.0,3240.0,3270.0,1603.36,28237200,-0.3049,1.5244
ADRO.JK,2024-08-21,3280.0,3300.0,3240.0,3260.0,1598.46,40796800,-0.3058,1.8293
ADRO.JK,2024-08-22,3240.0,3390.0,3200.0,3360.0,1647.49,113355100,3.0675,5.8642
ADRO.JK,2024-08-23,3370.0,3480.0,3370.0,3470.0,1701.43,118011400,3.2738,3.2641
ADRO.JK,2024-08-26,3490.0,3500.0,3430.0,3490.0,1711.23,50557000,0.5764,2.0057
ADRO.JK,2024-08-27,3510.0,3570.0,3460.0,3520.0,1725.94,66094200,0.8596,3.1339
ADRO.JK,2024-08-28,3550.0,3560.0,3500.0,3530.0,1730.85,50932800,0.2841,1.6901
ADRO.JK,2024-08-29,3540.0,3590.0,3500.0,3520.0,1725.94,63218700,-0.2833,2.5424
ADRO.JK,2024-08-30,3540.0,3590.0,3510.0,3560.0,1745.56,95767700,1.1364,2.2599
ADRO.JK,2024-09-02,3590.0,3650.0,3570.0,3610.0,1770.07,96348100,1.4045,2.2284
ADRO.JK,2024-09-03,3610.0,3630.0,3560.0,3600.0,1765.17,45068100,-0.277,1.9391
ADRO.JK,2024-09-04,3540.0,3630.0,3490.0,3560.0,1745.56,73571700,-1.1111,3.9548
ADRO.JK,2024-09-05,3560.0,3570.0,3460.0,3550.0,1740.65,64913100,-0.2809,3.0899
ADRO.JK,2024-09-06,3530.0,3540.0,3460.0,3470.0,1701.43,45222100,-2.2535,2.2663
ADRO.JK,2024-09-09,3470.0,3500.0,3390.0,3490.0,1711.23,82176000,0.5764,3.17
ADRO.JK,2024-09-10,3490.0,3560.0,3440.0,3490.0,1711.23,74744100,0.0,3.4384
ADRO.JK,2024-09-11,3490.0,3530.0,3470.0,3520.0,1725.94,81318300,0.8596,1.7192
ADRO.JK,2024-09-12,3920.0,4050.0,3800.0,3850.0,1887.75,531570400,9.375,6.3776
ADRO.JK,2024-09-13,3840.0,3840.0,3660.0,3670.0,1799.49,208787000,-4.6753,4.6875
ADRO.JK,2024-09-17,3670.0,3780.0,3570.0,3760.0,1843.62,136509300,2.4523,5.7221
ADRO.JK,2024-09-18,3760.0,3780.0,3640.0,3650.0,1789.69,101840000,-2.9255,3.7234
ADRO.JK,2024-09-19,3660.0,3700.0,3580.0,3660.0,1794.59,127737900,0.274,3.2787
ADRO.JK,2024-09-20,3670.0,3740.0,3640.0,3690.0,1809.3,152237900,0.8197,2.7248
ADRO.JK,2024-09-23,3720.0,3740.0,3690.0,3700.0,1814.2,70067100,0.271,1.3441
ADRO.JK,2024-09-24,3730.0,3760.0,3690.0,3740.0,1833.81,111192200,1.0811,1.8767
ADRO.JK,2024-09-25,3760.0,3760.0,3680.0,3690.0,1809.3,75405400,-1.3369,2.1277
ADRO.JK,2024-09-26,3720.0,3780.0,3700.0,3780.0,1853.43,76548100,2.439,2.1505
ADRO.JK,2024-09-27,3780.0,3940.0,3740.0,3910.0,1917.17,121060900,3.4392,5.291
ADRO.JK,2024-09-30,3910.0,3930.0,3810.0,3810.0,1868.14,72652500,-2.5575,3.0691
ADRO.JK,2024-10-01,3830.0,3930.0,3710.0,3920.0,1922.07,131208500,2.8871,5.7441
ADRO.JK,2024-10-02,3900.0,3900.0,3830.0,3870.0,1897.56,51106900,-1.2755,1.7949
ADRO.JK,2024-10-03,3860.0,3870.0,3830.0,3830.0,1877.94,28529100,-1.0336,1.0363
ADRO.JK,2024-10-04,3850.0,3890.0,3810.0,3810.0,1868.14,42159000,-0.5222,2.0779
ADRO.JK,2024-10-07,3890.0,3930.0,3840.0,3890.0,1907.36,78469800,2.0997,2.3136
ADRO.JK,2024-10-08,3900.0,3900.0,3800.0,3800.0,1863.23,70099000,-2.3136,2.5641
ADRO.JK,2024-10-09,3820.0,3840.0,3760.0,3820.0,1873.04,49286700,0.5263,2.0942
ADRO.JK,2024-10-10,3830.0,3870.0,3820.0,3820.0,1873.04,57294900,0.0,1.3055
ADRO.JK,2024-10-11,3870.0,3890.0,3850.0,3870.0,1897.56,26344700,1.3089,1.0336
ADRO.JK,2024-10-14,3870.0,3910.0,3860.0,3870.0,1897.56,43032900,0.0,1.292
ADRO.JK,2024-10-15,3870.0,3920.0,3850.0,3880.0,1902.46,52135200,0.2584,1.8088
ADRO.JK,2024-10-16,3900.0,3900.0,3830.0,3850.0,1887.75,106113000,-0.7732,1.7949
ADRO.JK,2024-10-17,3860.0,3910.0,3830.0,3900.0,1912.27,41860900,1.2987,2.0725
ADRO.JK,2024-10-18,3900.0,3910.0,3730.0,3780.0,1853.43,89683900,-3.0769,4.6154
ADRO.JK,2024-10-21,3790.0,3800.0,3700.0,3740.0,1833.81,67414900,-1.0582,2.6385
ADRO.JK,2024-10-22,3740.0,3770.0,3700.0,3730.0,1828.91,54862400,-0.2674,1.8717
ADRO.JK,2024-10-23,3730.0,3740.0,3680.0,3690.0,1809.3,44721100,-1.0724,1.6086
ADRO.JK,2024-10-24,3690.0,3710.0,3670.0,3680.0,1804.4,34075500,-0.271,1.084
ADRO.JK,2024-10-25,3700.0,3710.0,3590.0,3660.0,1794.59,77709700,-0.5435,3.2432
ADRO.JK,2024-10-28,3690.0,3730.0,3650.0,3680.0,1804.4,39595900,0.5464,2.168
ADRO.JK,2024-10-29,3700.0,3700.0,3620.0,3630.0,1779.88,20534800,-1.3587,2.1622
ADRO.JK,2024-10-30,3630.0,3670.0,3580.0,3640.0,1784.78,36350000,0.2755,2.4793
ADRO.JK,2024-10-31,3640.0,3680.0,3620.0,3620.0,1774.98,53507800,-0.5495,1.6484
ADRO.JK,2024-11-01,3620.0,3830.0,3620.0,3790.0,1858.33,146059200,4.6961,5.8011
ADRO.JK,2024-11-04,3840.0,3940.0,3840.0,3930.0,1926.98,141050500,3.6939,2.6042
ADRO.JK,2024-11-05,4060.0,4300.0,4010.0,4040.0,1980.91,438639700,2.799,7.1429
ADRO.JK,2024-11-06,4060.0,4110.0,3980.0,4010.0,1966.2,113133700,-0.7426,3.202
ADRO.JK,2024-11-07,3990.0,4000.0,3890.0,3920.0,1922.07,96971400,-2.2444,2.7569
ADRO.JK,2024-11-08,3920.0,3920.0,3810.0,3830.0,1877.94,90924600,-2.2959,2.8061
ADRO.JK,2024-11-11,3830.0,3860.0,3730.0,3740.0,1833.81,99455600,-2.3499,3.3943
ADRO.JK,2024-11-12,3800.0,3900.0,3790.0,3820.0,1873.04,85754000,2.139,2.8947
ADRO.JK,2024-11-13,3950.0,4010.0,3870.0,3920.0,1922.07,144865000,2.6178,3.5443
ADRO.JK,2024-11-14,3940.0,3950.0,3830.0,3830.0,1877.94,84790900,-2.2959,3.0457
ADRO.JK,2024-11-15,3830.0,3940.0,3790.0,3920.0,1922.07,83361300,2.3499,3.9164
ADRO.JK,2024-11-18,3920.0,3920.0,3670.0,3700.0,1814.2,256319600,-5.6122,6.3776
ADRO.JK,2024-11-19,3720.0,3800.0,3670.0,3710.0,1819.1,107023300,0.2703,3.4946
ADRO.JK,2024-11-20,3710.0,3750.0,3660.0,3690.0,1809.3,80247300,-0.5391,2.4259
ADRO.JK,2024-11-21,3700.0,3710.0,3660.0,3680.0,1804.4,80544200,-0.271,1.3514
ADRO.JK,2024-11-22,3680.0,3750.0,3640.0,3750.0,1838.72,154094300,1.9022,2.9891
ADRO.JK,2024-11-25,3760.0,3810.0,3730.0,3770.0,1848.52,192437100,0.5333,2.1277
ADRO.JK,2024-11-26,3780.0,3820.0,3670.0,3670.0,1799.49,283961800,-2.6525,3.9683
ADRO.JK,2024-11-28,2760.0,2760.0,2760.0,2760.0,2148.35,20071600,-24.7956,0.0
ADRO.JK,2024-11-29,2070.0,2210.0,2070.0,2080.0,1619.05,1047877300,-24.6377,6.7633
ADRO.JK,2024-12-02,2090.0,2380.0,2090.0,2310.0,1798.08,517878000,11.0577,13.8756
ADRO.JK,2024-12-03,2330.0,2430.0,2280.0,2360.0,1836.99,258567000,2.1645,6.4378
ADRO.JK,2024-12-04,2370.0,2380.0,2300.0,2360.0,1836.99,135756100,0.0,3.3755
ADRO.JK,2024-12-05,2390.0,2420.0,2300.0,2340.0,1821.43,179016300,-0.8475,5.0209
ADRO.JK,2024-12-06,2340.0,2340.0,2290.0,2300.0,1790.29,152806600,-1.7094,2.1368
ADRO.JK,2024-12-09,2310.0,2700.0,2310.0,2680.0,2086.08,509279500,16.5217,16.8831
ADRO.JK,2024-12-10,2700.0,2880.0,2620.0,2730.0,2125.0,360677800,1.8657,9.6296
ADRO.JK,2024-12-11,2730.0,2770.0,2610.0,2610.0,2031.59,159744000,-4.3956,5.8608
ADRO.JK,2024-12-12,2610.0,2660.0,2510.0,2530.0,1969.32,120595500,-3.0651,5.7471
ADRO.JK,2024-12-13,2550.0,2630.0,2540.0,2580.0,2008.24,110671800,1.9763,3.5294
ADRO.JK,2024-12-16,2580.0,2660.0,2480.0,2600.0,2023.81,137736700,0.7752,6.9767
ADRO.JK,2024-12-17,2650.0,2660.0,2510.0,2510.0,1953.75,94626300,-3.4615,5.6604
ADRO.JK,2024-12-18,2590.0,2630.0,2540.0,2590.0,2016.02,91709300,3.1873,3.4749
ADRO.JK,2024-12-19,2570.0,2580.0,2520.0,2540.0,1977.1,57029200,-1.9305,2.3346
ADRO.JK,2024-12-20,2540.0,2580.0,2510.0,2550.0,1984.89,65183500,0.3937,2.7559
ADRO.JK,2024-12-23,2580.0,2590.0,2520.0,2540.0,1977.1,49626700,-0.3922,2.7132
ADRO.JK,2024-12-24,2540.0,2610.0,2510.0,2510.0,1953.75,70990000,-1.1811,3.937
ADRO.JK,2024-12-27,2530.0,2540.0,2490.0,2540.0,1977.1,64253200,1.1952,1.9763
ADRO.JK,2024-12-30,2440.0,2470.0,2410.0,2430.0,1974.24,75087400,-4.3307,2.459
ADRO.JK,2025-01-02,2440.0,2540.0,2430.0,2530.0,2055.49,64116400,4.1152,4.5082
ADRO.JK,2025-01-03,2530.0,2580.0,2450.0,2460.0,1998.62,76328900,-2.7668,5.1383
ADRO.JK,2025-01-06,2470.0,2480.0,2380.0,2380.0,1933.62,49081900,-3.252,4.0486
ADRO.JK,2025-01-07,2380.0,2480.0,2320.0,2470.0,2006.74,67782800,3.7815,6.7227
ADRO.JK,2025-01-08,2470.0,2520.0,2400.0,2400.0,1949.87,61062900,-2.834,4.8583
ADRO.JK,2025-01-09,2420.0,2430.0,2340.0,2340.0,1901.12,45892800,-2.5,3.719
ADRO.JK,2025-01-10,2360.0,2390.0,2320.0,2320.0,1884.88,62624200,-0.8547,2.9661
ADRO.JK,2025-01-13,2330.0,2390.0,2300.0,2350.0,1909.25,74767000,1.2931,3.8627
ADRO.JK,2025-01-14,2380.0,2420.0,2360.0,2360.0,1917.37,60111900,0.4255,2.521
ADRO.JK,2025-01-15,2380.0,2430.0,2360.0,2400.0,1949.87,64611600,1.6949,2.9412
ADRO.JK,2025-01-16,2420.0,2470.0,2400.0,2410.0,1958.0,64925500,0.4167,2.8926
ADRO.JK,2025-01-17,2420.0,2430.0,2360.0,2400.0,1949.87,42754800,-0.4149,2.8926
ADRO.JK,2025-01-20,2400.0,2420.0,2350.0,2350.0,1909.25,45514100,-2.0833,2.9167
ADRO.JK,2025-01-21,2360.0,2370.0,2310.0,2310.0,1876.75,48624800,-1.7021,2.5424
ADRO.JK,2025-01-22,2330.0,2350.0,2320.0,2320.0,1884.88,38370100,0.4329,1.2876
ADRO.JK,2025-01-23,2330.0,2390.0,2310.0,2340.0,1901.12,89773300,0.8621,3.4335
ADRO.JK,2025-01-24,2340.0,2360.0,2280.0,2300.0,1868.63,49262300,-1.7094,3.4188
ADRO.JK,2025-01-30,2310.0,2320.0,2250.0,2300.0,1868.63,69364100,0.0,3.0303
ADRO.JK,2025-01-31,2310.0,2340.0,2290.0,2330.0,1893.0,28461600,1.3043,2.1645
ADRO.JK,2025-02-03,2320.0,2330.0,2260.0,2310.0,1876.75,41039600,-0.8584,3.0172
ADRO.JK,2025-02-04,2310.0,2370.0,2290.0,2330.0,1893.0,40429000,0.8658,3.4632
ADRO.JK,2025-02-05,2390.0,2390.0,2320.0,2360.0,1917.37,44623600,1.2876,2.9289
ADRO.JK,2025-02-06,2360.0,2370.0,2260.0,2290.0,1860.5,25004000,-2.9661,4.661
ADRO.JK,2025-02-07,2290.0,2290.0,2230.0,2270.0,1844.25,31794100,-0.8734,2.6201
ADRO.JK,2025-02-10,2270.0,2270.0,2200.0,2210.0,1795.51,40513300,-2.6432,3.0837
ADRO.JK,2025-02-11,2210.0,2220.0,2120.0,2150.0,1746.76,55581600,-2.7149,4.5249
ADRO.JK,2025-02-12,2150.0,2260.0,2140.0,2240.0,1819.88,51489500,4.186,5.5814
ADRO.JK,2025-02-13,2240.0,2250.0,2190.0,2210.0,1795.51,25864900,-1.3393,2.6786
ADRO.JK,2025-02-14,2220.0,2240.0,2200.0,2240.0,1819.88,25653500,1.3575,1.8018
ADRO.JK,2025-02-17,2240.0,2300.0,2210.0,2280.0,1852.38,26585800,1.7857,4.0179
ADRO.JK,2025-02-18,2280.0,2300.0,2250.0,2260.0,1836.13,31548300,-0.8772,2.193
ADRO.JK,2025-02-19,2270.0,2290.0,2210.0,2250.0,1828.0,30930100,-0.4425,3.5242
ADRO.JK,2025-02-20,2250.0,2250.0,2190.0,2200.0,1787.38,51774500,-2.2222,2.6667
ADRO.JK,2025-02-21,2200.0,2240.0,2180.0,2180.0,1771.13,34827700,-0.9091,2.7273
ADRO.JK,2025-02-24,2180.0,2220.0,2150.0,2190.0,1779.26,25614100,0.4587,3.211
ADRO.JK,2025-02-25,2180.0,2190.0,2080.0,2100.0,1706.14,42874400,-4.1096,5.0459
ADRO.JK,2025-02-26,2110.0,2150.0,2080.0,2110.0,1714.26,34974000,0.4762,3.3175
ADRO.JK,2025-02-27,2130.0,2150.0,2050.0,2070.0,1681.76,42563900,-1.8957,4.6948
ADRO.JK,2025-02-28,2070.0,2100.0,2010.0,2070.0,1681.76,67351500,0.0,4.3478
ADRO.JK,2025-03-03,2100.0,2110.0,2010.0,2050.0,1665.51,71978900,-0.9662,4.7619
ADRO.JK,2025-03-04,2040.0,2060.0,1875.0,1910.0,1551.77,136834400,-6.8293,9.0686
ADRO.JK,2025-03-05,1910.0,1945.0,1865.0,1900.0,1543.65,143028000,-0.5236,4.1885
ADRO.JK,2025-03-06,1960.0,2070.0,1960.0,2050.0,1665.51,144894100,7.8947,5.6122
ADRO.JK,2025-03-07,2050.0,2060.0,1990.0,2000.0,1624.89,69663600,-2.439,3.4146
ADRO.JK,2025-03-10,2030.0,2050.0,1900.0,1915.0,1555.83,94510000,-4.25,7.3892
ADRO.JK,2025-03-11,1910.0,1910.0,1825.0,1850.0,1503.03,98574500,-3.3943,4.4503
ADRO.JK,2025-03-12,1850.0,1860.0,1810.0,1850.0,1503.03,69711900,0.0,2.7027
ADRO.JK,2025-03-13,1850.0,1875.0,1820.0,1865.0,1515.21,70322500,0.8108,2.973
ADRO.JK,2025-03-14,1855.0,1860.0,1800.0,1810.0,1470.53,61848900,-2.9491,3.2345
ADRO.JK,2025-03-17,1810.0,1825.0,1765.0,1815.0,1474.59,65129900,0.2762,3.3149
ADRO.JK,2025-03-18,1815.0,1820.0,1680.0,1795.0,1458.34,92897100,-1.1019,7.7135
ADRO.JK,2025-03-19,1790.0,1810.0,1755.0,1800.0,1462.4,58040000,0.2786,3.0726
ADRO.JK,2025-03-20,1810.0,1860.0,1785.0,1800.0,1462.4,76898500,0.0,4.1436
ADRO.JK,2025-03-21,1800.0,1805.0,1745.0,1800.0,1462.4,72314800,0.0,3.3333
ADRO.JK,2025-03-24,1790.0,1790.0,1700.0,1750.0,1421.78,64307500,-2.7778,5.0279
ADRO.JK,2025-03-25,1725.0,1745.0,1710.0,1745.0,1417.72,42868900,-0.2857,2.029
ADRO.JK,2025-03-26,1755.0,1850.0,1750.0,1840.0,1494.9,58511800,5.4441,5.698
ADRO.JK,2025-03-27,1840.0,1845.0,1805.0,1845.0,1498.96,40781500,0.2717,2.1739
ADRO.JK,2025-04-08,1725.0,1725.0,1600.0,1645.0,1336.47,141027600,-10.8401,7.2464
ADRO.JK,2025-04-09,1640.0,1695.0,1605.0,1650.0,1340.54,86056100,0.304,5.4878
ADRO.JK,2025-04-10,1730.0,1745.0,1695.0,1700.0,1381.16,83847100,3.0303,2.8902
ADRO.JK,2025-04-11,1695.0,1725.0,1665.0,1715.0,1393.35,50787600,0.8824,3.5398
ADRO.JK,2025-04-14,1720.0,1785.0,1715.0,1765.0,1433.97,67488800,2.9155,4.0698
ADRO.JK,2025-04-15,1775.0,1830.0,1760.0,1800.0,1462.4,76449300,1.983,3.9437
ADRO.JK,2025-04-16,1810.0,1845.0,1785.0,1800.0,1462.4,93203900,0.0,3.3149
ADRO.JK,2025-04-17,1800.0,1810.0,1770.0,1800.0,1462.4,57545300,0.0,2.2222
ADRO.JK,2025-04-21,1800.0,1820.0,1795.0,1805.0,1466.47,34104500,0.2778,1.3889
ADRO.JK,2025-04-22,1810.0,1905.0,1795.0,1880.0,1527.4,121770200,4.1551,6.0773
ADRO.JK,2025-04-23,1905.0,1920.0,1840.0,1850.0,1503.03,71378400,-1.5957,4.1995
ADRO.JK,2025-04-24,1860.0,1910.0,1850.0,1875.0,1523.34,75456400,1.3514,3.2258
ADRO.JK,2025-04-25,1880.0,1895.0,1870.0,1880.0,1527.4,52602900,0.2667,1.3298
ADRO.JK,2025-04-28,1890.0,1930.0,1875.0,1900.0,1543.65,58310900,1.0638,2.9101
ADRO.JK,2025-04-29,1905.0,1915.0,1895.0,1900.0,1543.65,39242200,0.0,1.0499
ADRO.JK,2025-04-30,1900.0,1925.0,1880.0,1900.0,1543.65,64060100,0.0,2.3684
ADRO.JK,2025-05-02,1875.0,1895.0,1865.0,1885.0,1531.46,43142000,-0.7895,1.6
ADRO.JK,2025-05-05,1885.0,1895.0,1850.0,1860.0,1511.15,58190500,-1.3263,2.3873
ADRO.JK,2025-05-06,1870.0,1890.0,1865.0,1875.0,1523.34,53213500,0.8065,1.3369
ADRO.JK,2025-05-07,1885.0,1945.0,1885.0,1900.0,1543.65,69971800,1.3333,3.183
ADRO.JK,2025-05-08,1900.0,1920.0,1870.0,1895.0,1539.59,61170800,-0.2632,2.6316
ADRO.JK,2025-05-09,1895.0,1895.0,1855.0,1855.0,1507.09,35964800,-2.1108,2.1108
ADRO.JK,2025-05-14,1860.0,1925.0,1860.0,1915.0,1555.83,131459600,3.2345,3.4946
ADRO.JK,2025-05-15,1895.0,1925.0,1890.0,1915.0,1555.83,72559600,0.0,1.847
ADRO.JK,2025-05-16,1945.0,2200.0,1920.0,2150.0,1746.76,287980400,12.2715,14.3959
ADRO.JK,2025-05-19,2170.0,2400.0,2160.0,2320.0,1884.88,345031600,7.907,11.0599
ADRO.JK,2025-05-20,2350.0,2430.0,2210.0,2210.0,1795.51,310118200,-4.7414,9.3617
ADRO.JK,2025-05-21,2250.0,2260.0,2150.0,2160.0,1754.88,167691200,-2.2624,4.8889
ADRO.JK,2025-05-22,2160.0,2180.0,2130.0,2150.0,1746.76,104428800,-0.463,2.3148
ADRO.JK,2025-05-23,2110.0,2120.0,2090.0,2100.0,1706.14,73673300,-2.3256,1.4218
ADRO.JK,2025-05-26,2130.0,2160.0,2070.0,2090.0,1698.01,104197400,-0.4762,4.2254
ADRO.JK,2025-05-27,2130.0,2300.0,2100.0,2290.0,1860.5,276927900,9.5694,9.3897
ADRO.JK,2025-05-28,2310.0,2360.0,2180.0,2200.0,1787.38,351823900,-3.9301,7.7922
ADRO.JK,2025-06-02,2200.0,2210.0,2110.0,2130.0,1730.51,137729200,-3.1818,4.5455
ADRO.JK,2025-06-03,2150.0,2170.0,2090.0,2100.0,1706.14,102070000,-1.4085,3.7209
ADRO.JK,2025-06-04,2110.0,2170.0,2100.0,2100.0,1706.14,105923900,0.0,3.3175
ADRO.JK,2025-06-05,2120.0,2140.0,2090.0,2120.0,1722.39,70318400,0.9524,2.3585
ADRO.JK,2025-06-10,2120.0,2140.0,2080.0,2110.0,1714.26,112227000,-0.4717,2.8302
ADRO.JK,2025-06-11,2130.0,2140.0,2100.0,2120.0,1722.39,83175100,0.4739,1.8779
ADRO.JK,2025-06-12,2120.0,2150.0,2100.0,2120.0,1722.39,117397600,0.0,2.3585
ADRO.JK,2025-06-13,1960.0,2030.0,1950.0,1995.0,1759.15,131136900,-5.8962,4.0816
ADRO.JK,2025-06-16,1995.0,2050.0,1985.0,2000.0,1763.56,77289400,0.2506,3.2581
ADRO.JK,2025-06-17,2030.0,2030.0,1990.0,2000.0,1763.56,35731200,0.0,1.9704
ADRO.JK,2025-06-18,2000.0,2010.0,1975.0,1990.0,1754.74,69269600,-0.5,1.75
ADRO.JK,2025-06-19,1990.0,1990.0,1920.0,1925.0,1697.42,72922200,-3.2663,3.5176
ADRO.JK,2025-06-20,1925.0,1935.0,1850.0,1860.0,1640.11,182119700,-3.3766,4.4156
ADRO.JK,2025-06-23,1850.0,1850.0,1790.0,1800.0,1587.2,86737300,-3.2258,3.2432
ADRO.JK,2025-06-24,1810.0,1845.0,1810.0,1815.0,1600.43,62766700,0.8333,1.9337
ADRO.JK,2025-06-25,1840.0,1840.0,1765.0,1785.0,1573.97,66293600,-1.6529,4.0761
ADRO.JK,2025-06-26,1790.0,1805.0,1780.0,1790.0,1578.38,48210100,0.2801,1.3966
ADRO.JK,2025-06-30,1810.0,1840.0,1800.0,1830.0,1613.65,51581800,2.2346,2.2099
ADRO.JK,2025-07-01,1845.0,1860.0,1815.0,1830.0,1613.65,38347300,0.0,2.439
ADRO.JK,2025-07-02,1830.0,1835.0,1775.0,1775.0,1565.16,54356500,-3.0055,3.2787
ADRO.JK,2025-07-03,1785.0,1795.0,1740.0,1760.0,1551.93,71567900,-0.8451,3.0812
ADRO.JK,2025-07-04,1760.0,1765.0,1730.0,1755.0,1547.52,43978000,-0.2841,1.9886
ADRO.JK,2025-07-07,1760.0,1760.0,1730.0,1740.0,1534.29,32279600,-0.8547,1.7045
ADRO.JK,2025-07-08,1740.0,1790.0,1740.0,1745.0,1538.7,58165700,0.2874,2.8736
ADRO.JK,2025-07-09,1745.0,1755.0,1730.0,1740.0,1534.29,49878100,-0.2865,1.4327
ADRO.JK,2025-07-10,1745.0,1845.0,1745.0,1840.0,1622.47,76250900,5.7471,5.7307
ADRO.JK,2025-07-11,1850.0,1915.0,1840.0,1870.0,1648.93,96067200,1.6304,4.0541
ADRO.JK,2025-07-14,1875.0,1880.0,1815.0,1825.0,1609.25,53413000,-2.4064,3.4667
ADRO.JK,2025-07-15,1825.0,1830.0,1800.0,1815.0,1600.43,35314100,-0.5479,1.6438
ADRO.JK,2025-07-16,1820.0,1870.0,1820.0,1840.0,1622.47,46377600,1.3774,2.7473
ADRO.JK,2025-07-17,1850.0,1855.0,1825.0,1830.0,1613.65,42886200,-0.5435,1.6216
ADRO.JK,2025-07-18,1830.0,1860.0,1830.0,1835.0,1618.06,32812200,0.2732,1.6393
ADRO.JK,2025-07-21,1865.0,1895.0,1845.0,1885.0,1662.15,52151800,2.7248,2.681
ADRO.JK,2025-07-22,1890.0,2050.0,1890.0,1965.0,1732.69,270044800,4.244,8.4656
ADRO.JK,2025-07-23,2010.0,2050.0,1970.0,2020.0,1781.19,147267400,2.799,3.9801
ADRO.JK,2025-07-24,2030.0,2040.0,1965.0,1975.0,1741.51,64712300,-2.2277,3.6946
ADRO.JK,2025-07-25,1985.0,1995.0,1910.0,1915.0,1688.61,66713900,-3.038,4.2821
ADRO.JK,2025-07-28,1925.0,1960.0,1920.0,1925.0,1697.42,43988100,0.5222,2.0779
ADRO.JK,2025-07-29,1930.0,1945.0,1910.0,1920.0,1693.01,38448400,-0.2597,1.8135
ADRO.JK,2025-07-30,1930.0,1940.0,1890.0,1900.0,1675.38,45115800,-1.0417,2.5907
ADRO.JK,2025-07-31,1900.0,1910.0,1850.0,1850.0,1631.29,74705000,-2.6316,3.1579
ADRO.JK,2025-08-01,1855.0,1875.0,1855.0,1865.0,1644.52,25653000,0.8108,1.0782
ADRO.JK,2025-08-04,1865.0,1920.0,1830.0,1900.0,1675.38,52741400,1.8767,4.8257
ADRO.JK,2025-08-05,1900.0,1905.0,1860.0,1865.0,1644.52,40393200,-1.8421,2.3684
ADRO.JK,2025-08-06,1865.0,1880.0,1860.0,1860.0,1640.11,33705900,-0.2681,1.0724
ADRO.JK,2025-08-07,1865.0,1890.0,1865.0,1870.0,1648.93,23892300,0.5376,1.3405
ADRO.JK,2025-08-08,1850.0,1850.0,1785.0,1790.0,1578.38,161970100,-4.2781,3.5135
ADRO.JK,2025-08-11,1800.0,1830.0,1790.0,1810.0,1596.02,68257400,1.1173,2.2222
ADRO.JK,2025-08-12,1810.0,1870.0,1810.0,1860.0,1640.11,63852100,2.7624,3.3149
ADRO.JK,2025-08-13,1895.0,1895.0,1830.0,1830.0,1613.65,72682400,-1.6129,3.4301
ADRO.JK,2025-08-14,1830.0,1865.0,1830.0,1840.0,1622.47,29782700,0.5464,1.9126
ADRO.JK,2025-08-15,1840.0,1850.0,1810.0,1810.0,1596.02,45821800,-1.6304,2.1739
ADRO.JK,2025-08-19,1810.0,1815.0,1790.0,1800.0,1587.2,79046600,-0.5525,1.3812
ADRO.JK,2025-08-20,1800.0,1815.0,1800.0,1810.0,1596.02,39415400,0.5556,0.8333
ADRO.JK,2025-08-21,1810.0,1830.0,1780.0,1780.0,1569.57,81542300,-1.6575,2.7624
ADRO.JK,2025-08-22,1790.0,1800.0,1775.0,1775.0,1565.16,55696800,-0.2809,1.3966
ADRO.JK,2025-08-25,1780.0,1795.0,1740.0,1740.0,1534.29,126177800,-1.9718,3.0899
ADRO.JK,2025-08-26,1740.0,1780.0,1715.0,1735.0,1529.89,957667000,-0.2874,3.7356
ADRO.JK,2025-08-27,1780.0,1865.0,1765.0,1805.0,1591.61,320062900,4.0346,5.618
ADRO.JK,2025-08-28,1835.0,1835.0,1770.0,1770.0,1560.75,104126600,-1.9391,3.5422
ADRO.JK,2025-08-29,1750.0,1775.0,1720.0,1755.0,1547.52,165863700,-0.8475,3.1429
ADRO.JK,2025-09-01,1705.0,1735.0,1670.0,1720.0,1516.66,94527700,-1.9943,3.8123
ADRO.JK,2025-09-02,1730.0,1745.0,1720.0,1720.0,1516.66,58106300,0.0,1.4451
ADRO.JK,2025-09-03,1725.0,1770.0,1720.0,1730.0,1525.48,80794900,0.5814,2.8986
ADRO.JK,2025-09-04,1735.0,1820.0,1735.0,1760.0,1551.93,167436900,1.7341,4.8991
ADRO.JK,2025-09-08,1765.0,1780.0,1720.0,1720.0,1516.66,123216100,-2.2727,3.3994
ADRO.JK,2025-09-09,1720.0,1740.0,1685.0,1685.0,1485.8,82607000,-2.0349,3.1977
ADRO.JK,2025-09-10,1690.0,1715.0,1685.0,1685.0,1485.8,59001100,0.0,1.7751
ADRO.JK,2025-09-11,1700.0,1710.0,1680.0,1680.0,1481.39,53602600,-0.2967,1.7647
ADRO.JK,2025-09-12,1685.0,1695.0,1670.0,1670.0,1472.57,77099600,-0.5952,1.4837
ADRO.JK,2025-09-15,1675.0,1690.0,1675.0,1680.0,1481.39,59001400,0.5988,0.8955
ADRO.JK,2025-09-16,1685.0,1700.0,1645.0,1650.0,1454.93,133878100,-1.7857,3.2641
ADRO.JK,2025-09-17,1655.0,1680.0,1650.0,1675.0,1476.98,76718400,1.5152,1.8127
ADRO.JK,2025-09-18,1680.0,1685.0,1640.0,1640.0,1446.12,88086100,-2.0896,2.6786
ADRO.JK,2025-09-19,1645.0,1665.0,1630.0,1665.0,1468.16,89103600,1.5244,2.1277
ADRO.JK,2025-09-22,1665.0,1680.0,1645.0,1660.0,1463.75,68080400,-0.3003,2.1021
ADRO.JK,2025-09-23,1665.0,1765.0,1650.0,1760.0,1551.93,265965400,6.0241,6.9069
ADRO.JK,2025-09-24,1775.0,1790.0,1725.0,1730.0,1525.48,146696300,-1.7045,3.662
ADRO.JK,2025-09-25,1735.0,1755.0,1710.0,1725.0,1521.07,75319600,-0.289,2.5937
ADRO.JK,2025-09-26,1700.0,1720.0,1690.0,1700.0,1499.02,58983800,-1.4493,1.7647
ADRO.JK,2025-09-29,1700.0,1735.0,1695.0,1725.0,1521.07,60551100,1.4706,2.3529
ADRO.JK,2025-09-30,1730.0,1740.0,1690.0,1690.0,1490.21,75864300,-2.029,2.8902
ADRO.JK,2025-10-01,1700.0,1705.0,1665.0,1670.0,1472.57,55169300,-1.1834,2.3529
ADRO.JK,2025-10-02,1675.0,1705.0,1670.0,1670.0,1472.57,49443100,0.0,2.0896
ADRO.JK,2025-10-03,1665.0,1680.0,1650.0,1660.0,1463.75,53013900,-0.5988,1.8018
ADRO.JK,2025-10-06,1665.0,1690.0,1650.0,1655.0,1459.34,65166500,-0.3012,2.4024
ADRO.JK,2025-10-07,1665.0,1665.0,1635.0,1650.0,1454.93,91088500,-0.3021,1.8018
ADRO.JK,2025-10-08,1650.0,1850.0,1625.0,1850.0,1631.29,324208100,12.1212,13.6364
ADRO.JK,2025-10-09,1865.0,1880.0,1705.0,1730.0,1525.48,486714100,-6.4865,9.3834
ADRO.JK,2025-10-10,1735.0,1785.0,1720.0,1750.0,1543.11,149046300,1.1561,3.7464
ADRO.JK,2025-10-13,1725.0,1775.0,1690.0,1725.0,1521.07,115736300,-1.4286,4.9275
ADRO.JK,2025-10-14,1730.0,1770.0,1685.0,1705.0,1503.43,142590700,-1.1594,4.9133
ADRO.JK,2025-10-15,1705.0,1715.0,1655.0,1680.0,1481.39,84255400,-1.4663,3.5191
ADRO.JK,2025-10-16,1690.0,1695.0,1670.0,1675.0,1476.98,43126000,-0.2976,1.4793
ADRO.JK,2025-10-17,1675.0,1690.0,1650.0,1650.0,1454.93,79119300,-1.4925,2.3881
ADRO.JK,2025-10-20,1650.0,1705.0,1650.0,1695.0,1494.61,71982100,2.7273,3.3333
ADRO.JK,2025-10-21,1695.0,1835.0,1695.0,1805.0,1591.61,283345400,6.4897,8.2596
ADRO.JK,2025-10-22,1810.0,1820.0,1755.0,1775.0,1565.16,120500800,-1.662,3.5912
ADRO.JK,2025-10-23,1780.0,1800.0,1755.0,1790.0,1578.38,61586100,0.8451,2.5281
ADRO.JK,2025-10-24,1790.0,1810.0,1755.0,1760.0,1551.93,71132100,-1.676,3.0726
ADRO.JK,2025-10-27,1760.0,1815.0,1735.0,1785.0,1573.97,126426000,1.4205,4.5455
ADRO.JK,2025-10-28,1795.0,1805.0,1775.0,1785.0,1573.97,74745100,0.0,1.6713
ADRO.JK,2025-10-29,1785.0,1945.0,1775.0,1935.0,1706.24,465423400,8.4034,9.5238
ADRO.JK,2025-10-30,1955.0,2010.0,1915.0,1980.0,1745.92,365299800,2.3256,4.8593
ADRO.JK,2025-10-31,1980.0,1985.0,1865.0,1885.0,1662.15,278129200,-4.798,6.0606
ADRO.JK,2025-11-03,1895.0,1985.0,1895.0,1940.0,1710.65,167263300,2.9178,4.7493
ADRO.JK,2025-11-04,1940.0,1955.0,1885.0,1905.0,1679.79,97432000,-1.8041,3.6082
ADRO.JK,2025-11-05,1880.0,1900.0,1850.0,1890.0,1666.56,109993300,-0.7874,2.6596
ADRO.JK,2025-11-06,1890.0,1950.0,1890.0,1920.0,1693.01,140062300,1.5873,3.1746
ADRO.JK,2025-11-07,1925.0,1960.0,1905.0,1945.0,1715.06,104734700,1.3021,2.8571
ADRO.JK,2025-11-10,1965.0,1980.0,1935.0,1960.0,1728.29,118023700,0.7712,2.2901
ADRO.JK,2025-11-11,1960.0,1975.0,1925.0,1950.0,1719.47,130750300,-0.5102,2.551
ADRO.JK,2025-11-12,1950.0,1980.0,1930.0,1965.0,1732.69,96844300,0.7692,2.5641
ADRO.JK,2025-11-13,1965.0,1970.0,1930.0,1930.0,1701.83,89248300,-1.7812,2.0356
ADRO.JK,2025-11-14,1920.0,1925.0,1880.0,1880.0,1657.74,110646200,-2.5907,2.3438
ADRO.JK,2025-11-17,1880.0,1910.0,1860.0,1910.0,1684.2,104434200,1.5957,2.6596
ADRO.JK,2025-11-18,1910.0,1920.0,1850.0,1880.0,1657.74,98428200,-1.5707,3.6649
ADRO.JK,2025-11-19,1890.0,1930.0,1880.0,1920.0,1693.01,74350800,2.1277,2.6455
ADRO.JK,2025-11-20,1930.0,1940.0,1900.0,1905.0,1679.79,52140900,-0.7812,2.0725
ADRO.JK,2025-11-21,1900.0,1900.0,1865.0,1870.0,1648.93,60223900,-1.8373,1.8421
ADRO.JK,2025-11-24,1885.0,1885.0,1850.0,1875.0,1653.33,88910200,0.2674,1.8568
ADRO.JK,2025-11-25,1880.0,1880.0,1850.0,1855.0,1635.7,53971700,-1.0667,1.5957
ADRO.JK,2025-11-26,1875.0,1875.0,1825.0,1845.0,1626.88,64919800,-0.5391,2.6667
ADRO.JK,2025-11-27,1850.0,1850.0,1810.0,1810.0,1596.02,70755600,-1.897,2.1622
ADRO.JK,2025-11-28,1810.0,1820.0,1800.0,1810.0,1596.02,48940700,0.0,1.105
ADRO.JK,2025-12-01,1815.0,1835.0,1815.0,1820.0,1604.84,44059900,0.5525,1.1019
ADRO.JK,2025-12-02,1825.0,1860.0,1825.0,1840.0,1622.47,52388300,1.0989,1.9178
ADRO.JK,2025-12-03,1840.0,1855.0,1835.0,1850.0,1631.29,24998900,0.5435,1.087
ADRO.JK,2025-12-04,1850.0,1855.0,1805.0,1810.0,1596.02,46528500,-2.1622,2.7027
ADRO.JK,2025-12-05,1810.0,1815.0,1800.0,1815.0,1600.43,42791600,0.2762,0.8287
ADRO.JK,2025-12-08,1840.0,1905.0,1835.0,1900.0,1675.38,173167600,4.6832,3.8043
ADRO.JK,2025-12-09,1905.0,1905.0,1830.0,1835.0,1618.06,104418300,-3.4211,3.937
ADRO.JK,2025-12-10,1840.0,1865.0,1830.0,1830.0,1613.65,51947100,-0.2725,1.9022
ADRO.JK,2025-12-11,1840.0,1865.0,1765.0,1780.0,1569.57,115890200,-2.7322,5.4348
ADRO.JK,2025-12-12,1780.0,1800.0,1765.0,1780.0,1569.57,56176000,0.0,1.9663
ADRO.JK,2025-12-15,1785.0,1845.0,1775.0,1825.0,1609.25,77447900,2.5281,3.9216
ADRO.JK,2025-12-16,1825.0,1830.0,1800.0,1805.0,1591.61,45008700,-1.0959,1.6438
ADRO.JK,2025-12-17,1820.0,1845.0,1805.0,1815.0,1600.43,55292900,0.554,2.1978
ADRO.JK,2025-12-18,1900.0,1935.0,1880.0,1900.0,1675.38,264349900,4.6832,2.8947
ADRO.JK,2025-12-19,1900.0,1920.0,1900.0,1900.0,1675.38,130050500,0.0,1.0526
ADRO.JK,2025-12-22,1910.0,1915.0,1885.0,1895.0,1670.97,102188900,-0.2632,1.5707
ADRO.JK,2025-12-23,1895.0,1910.0,1885.0,1905.0,1679.79,58690600,0.5277,1.3193
ADRO.JK,2025-12-24,1905.0,1910.0,1890.0,1890.0,1666.56,83361000,-0.7874,1.0499
ADRO.JK,2025-12-29,1915.0,1965.0,1910.0,1945.0,1715.06,264307500,2.9101,2.8721
ADRO.JK,2025-12-30,1840.0,1840.0,1805.0,1810.0,1724.72,151401900,-6.9409,1.9022
ADRO.JK,2026-01-02,1810.0,1825.0,1810.0,1820.0,1734.25,58883900,0.5525,0.8287
ADRO.JK,2026-01-05,1825.0,1865.0,1825.0,1840.0,1753.31,78143000,1.0989,2.1918
ADRO.JK,2026-01-06,1850.0,1925.0,1820.0,1865.0,1777.13,183422100,1.3587,5.6757
ADRO.JK,2026-01-07,1890.0,2050.0,1870.0,2010.0,1915.3,295221400,7.7748,9.5238
ADRO.JK,2026-01-08,2120.0,2250.0,2010.0,2030.0,1934.36,535722000,0.995,11.3208
ADRO.JK,2026-01-09,2040.0,2120.0,2010.0,2100.0,2001.06,192138400,3.4483,5.3922
ADRO.JK,2026-01-12,2150.0,2210.0,2020.0,2150.0,2048.7,382134900,2.381,8.8372
ADRO.JK,2026-01-13,2230.0,2340.0,2180.0,2290.0,2182.11,478869800,6.5116,7.1749
ADRO.JK,2026-01-14,2300.0,2330.0,2210.0,2230.0,2124.93,225784000,-2.6201,5.2174
ADRO.JK,2026-01-15,2250.0,2320.0,2210.0,2230.0,2124.93,128582000,0.0,4.8889
ADRO.JK,2026-01-19,2230.0,2250.0,2130.0,2170.0,2067.76,167472500,-2.6906,5.3812
ADRO.JK,2026-01-20,2170.0,2270.0,2160.0,2240.0,2134.46,141605900,3.2258,5.0691
ADRO.JK,2026-01-21,2250.0,2280.0,2180.0,2260.0,2153.52,145474200,0.8929,4.4444
ADRO.JK,2026-01-22,2270.0,2400.0,2240.0,2350.0,2239.28,374028500,3.9823,7.0485
ADRO.JK,2026-01-23,2370.0,2420.0,2280.0,2400.0,2286.92,231231800,2.1277,5.9072
ADRO.JK,2026-01-26,2420.0,2430.0,2360.0,2390.0,2277.39,154645200,-0.4167,2.8926
ADRO.JK,2026-01-27,2400.0,2410.0,2210.0,2290.0,2182.11,218547800,-4.1841,8.3333
ADRO.JK,2026-01-28,2150.0,2280.0,2070.0,2210.0,2105.87,337819000,-3.4934,9.7674
ADRO.JK,2026-01-29,2210.0,2250.0,1900.0,2220.0,2115.4,294890600,0.4525,15.8371
ADRO.JK,2026-01-30,2220.0,2310.0,2160.0,2210.0,2105.87,151823900,-0.4505,6.7568
ADRO.JK,2026-02-02,2250.0,2270.0,2070.0,2140.0,2039.17,201818000,-3.1674,8.8889
ADRO.JK,2026-02-03,2140.0,2170.0,2030.0,2150.0,2048.7,148774000,0.4673,6.5421
ADRO.JK,2026-02-04,2160.0,2230.0,2130.0,2180.0,2077.29,98841300,1.3953,4.6296
ADRO.JK,2026-02-05,2180.0,2220.0,2090.0,2100.0,2001.06,125355100,-3.6697,5.9633
ADRO.JK,2026-02-06,2050.0,2120.0,2030.0,2080.0,1982.0,81490600,-0.9524,4.3902
ADRO.JK,2026-02-09,2140.0,2140.0,2100.0,2130.0,2029.64,61522200,2.4038,1.8692
ADRO.JK,2026-02-10,2140.0,2220.0,2130.0,2170.0,2067.76,116176800,1.8779,4.2056
ADRO.JK,2026-02-11,2170.0,2230.0,2160.0,2220.0,2115.4,118910500,2.3041,3.2258
ADRO.JK,2026-02-12,2230.0,2260.0,2190.0,2220.0,2115.4,81680900,0.0,3.139
ADRO.JK,2026-02-13,2220.0,2260.0,2200.0,2220.0,2115.4,83769700,0.0,2.7027
ADRO.JK,2026-02-18,2220.0,2290.0,2210.0,2250.0,2143.99,88901300,1.3514,3.6036
ADRO.JK,2026-02-19,2260.0,2340.0,2260.0,2300.0,2191.63,129190400,2.2222,3.5398
ADRO.JK,2026-02-20,2300.0,2310.0,2260.0,2300.0,2191.63,59510000,0.0,2.1739
ADRO.JK,2026-02-23,2300.0,2320.0,2280.0,2320.0,2210.69,54782000,0.8696,1.7391
ADRO.JK,2026-02-24,2300.0,2330.0,2280.0,2290.0,2182.11,78680000,-1.2931,2.1739
ADRO.JK,2026-02-25,2300.0,2380.0,2300.0,2370.0,2258.34,106763600,3.4934,3.4783
ADRO.JK,2026-02-26,2390.0,2400.0,2280.0,2320.0,2210.69,96580200,-2.1097,5.0209
ADRO.JK,2026-02-27,2320.0,2380.0,2270.0,2340.0,2229.75,121910200,0.8621,4.7414
ADRO.JK,2026-03-02,2340.0,2430.0,2320.0,2410.0,2296.45,179344900,2.9915,4.7009
ADRO.JK,2026-03-03,2470.0,2530.0,2420.0,2470.0,2353.62,195392400,2.4896,4.4534
ADRO.JK,2026-03-04,2490.0,2490.0,2320.0,2400.0,2286.92,180604800,-2.834,6.8273
ADRO.JK,2026-03-05,2420.0,2450.0,2370.0,2430.0,2315.51,96574100,1.25,3.3058
ADRO.JK,2026-03-06,2410.0,2420.0,2360.0,2400.0,2286.92,83678800,-1.2346,2.4896
ADRO.JK,2026-03-09,2350.0,2380.0,2280.0,2350.0,2239.28,141143200,-2.0833,4.2553
ADRO.JK,2026-03-10,2380.0,2390.0,2310.0,2380.0,2267.86,66441500,1.2766,3.3613
ADRO.JK,2026-03-11,2390.0,2440.0,2350.0,2350.0,2239.28,67206800,-1.2605,3.7657
ADRO.JK,2026-03-12,2380.0,2510.0,2370.0,2500.0,2382.21,163615600,6.383,5.8824
ADRO.JK,2026-03-13,2500.0,2530.0,2460.0,2480.0,2363.15,77948600,-0.8,2.8
ADRO.JK,2026-03-16,2480.0,2490.0,2390.0,2440.0,2325.04,56821000,-1.6129,4.0323
ADRO.JK,2026-03-17,2440.0,2520.0,2440.0,2450.0,2334.57,134662700,0.4098,3.2787
ADRO.JK,2026-03-25,2450.0,2650.0,2450.0,2630.0,2506.09,186568900,7.3469,8.1633
ADRO.JK,2026-03-26,2630.0,2700.0,2530.0,2580.0,2458.44,106174500,-1.9011,6.4639
ADRO.JK,2026-03-27,2590.0,2600.0,2530.0,2540.0,2420.33,33994400,-1.5504,2.7027
ADRO.JK,2026-03-30,2550.0,2640.0,2550.0,2620.0,2496.56,69891200,3.1496,3.5294
ADRO.JK,2026-03-31,2620.0,2630.0,2550.0,2580.0,2458.44,47009100,-1.5267,3.0534
ADRO.JK,2026-04-01,2590.0,2590.0,2480.0,2490.0,2372.68,154944400,-3.4884,4.2471
ADRO.JK,2026-04-02,2490.0,2600.0,2480.0,2500.0,2382.21,117721300,0.4016,4.8193
ADRO.JK,2026-04-06,2500.0,2570.0,2470.0,2510.0,2391.74,65923900,0.4,4.0
ADRO.JK,2026-04-07,2510.0,2550.0,2400.0,2410.0,2296.45,83767500,-3.9841,5.9761
ADRO.JK,2026-04-08,2410.0,2450.0,2360.0,2420.0,2305.98,91754200,0.4149,3.7344
ADRO.JK,2026-04-09,2420.0,2460.0,2390.0,2410.0,2296.45,48944200,-0.4132,2.8926
ADRO.JK,2026-04-10,2410.0,2460.0,2410.0,2440.0,2325.04,52669600,1.2448,2.0747
ADRO.JK,2026-04-13,2460.0,2480.0,2430.0,2480.0,2363.15,68319200,1.6393,2.0325
ADRO.JK,2026-04-14,2480.0,2490.0,2440.0,2450.0,2334.57,80320700,-1.2097,2.0161
ADRO.JK,2026-04-15,2470.0,2560.0,2470.0,2520.0,2401.27,122053300,2.8571,3.6437
ADRO.JK,2026-04-16,2530.0,2540.0,2490.0,2510.0,2391.74,38462300,-0.3968,1.9763
ADRO.JK,2026-04-17,2520.0,2580.0,2510.0,2560.0,2439.38,71416400,1.992,2.7778
ADRO.JK,2026-04-20,2560.0,2570.0,2510.0,2530.0,2410.8,90358300,-1.1719,2.3438
ADRO.JK,2026-04-21,2540.0,2550.0,2500.0,2500.0,2382.21,69061000,-1.1858,1.9685
ADRO.JK,2026-04-22,2510.0,2530.0,2510.0,2520.0,2401.27,43877700,0.8,0.7968
ADRO.JK,2026-04-23,2540.0,2550.0,2500.0,2510.0,2391.74,74040300,-0.3968,1.9685
ADRO.JK,2026-04-24,2520.0,2530.0,2490.0,2510.0,2391.74,72536300,0.0,1.5873
ADRO.JK,2026-04-27,2530.0,2530.0,2500.0,2510.0,2391.74,66406100,0.0,1.1858
ADRO.JK,2026-04-28,2430.0,2470.0,2400.0,2410.0,2410.0,71464700,-3.9841,2.8807
ADRO.JK,2026-04-29,2420.0,2450.0,2420.0,2440.0,2440.0,21919100,1.2448,1.2397
ADRO.JK,2026-04-30,2450.0,2520.0,2410.0,2520.0,2520.0,79737000,3.2787,4.4898
ADRO.JK,2026-05-04,2520.0,2530.0,2470.0,2500.0,2500.0,36445300,-0.7937,2.381
ADRO.JK,2026-05-05,2500.0,2520.0,2470.0,2510.0,2510.0,36042300,0.4,2.0
ADRO.JK,2026-05-06,2510.0,2550.0,2500.0,2530.0,2530.0,61070900,0.7968,1.992
ADRO.JK,2026-05-07,2540.0,2560.0,2500.0,2500.0,2500.0,90757300,-1.1858,2.3622
ADRO.JK,2026-05-08,2500.0,2520.0,2470.0,2490.0,2490.0,101293400,-0.4,2.0
ADRO.JK,2026-05-11,2490.0,2500.0,2380.0,2450.0,2450.0,110558500,-1.6064,4.8193
ADRO.JK,2026-05-12,2460.0,2600.0,2460.0,2600.0,2600.0,117844800,6.1224,5.6911
ADRO.JK,2026-05-13,2570.0,2570.0,2500.0,2520.0,2520.0,39174000,-3.0769,2.7237
ADRO.JK,2026-05-14,2520.0,2520.0,2520.0,2520.0,2520.0,0,0.0,0.0
ADRO.JK,2026-05-15,2520.0,2520.0,2520.0,2520.0,2520.0,0,0.0,0.0
ADRO.JK,2026-05-18,2500.0,2510.0,2410.0,2460.0,2460.0,102220700,-2.381,4.0
ADRO.JK,2026-05-19,2460.0,2470.0,2280.0,2330.0,2330.0,245652700,-5.2846,7.7236
ADRO.JK,2026-05-20,2290.0,2320.0,2140.0,2230.0,2230.0,170511900,-4.2918,7.8603
ADRO.JK,2026-05-21,2240.0,2270.0,2200.0,2210.0,2210.0,101292300,-0.8969,3.125
ADRO.JK,2026-05-22,2210.0,2350.0,2200.0,2350.0,2350.0,54234200,6.3348,6.7873
ADRO.JK,2026-05-25,2350.0,2350.0,2270.0,2300.0,2300.0,61072200,-2.1277,3.4043
ADRO.JK,2026-05-26,2310.0,2330.0,2280.0,2300.0,2300.0,45735900,0.0,2.1645
ADRO.JK,2026-05-27,2300.0,2300.0,2300.0,2300.0,2300.0,0,0.0,0.0
ADRO.JK,2026-05-28,2300.0,2300.0,2300.0,2300.0,2300.0,0,0.0,0.0
ADRO.JK,2026-05-29,2300.0,2340.0,2290.0,2300.0,2300.0,71264700,0.0,2.1739
ADRO.JK,2026-06-02,2310.0,2360.0,2260.0,2280.0,2280.0,65523900,-0.8696,4.329
ADRO.JK,2026-06-03,2280.0,2290.0,2110.0,2180.0,2180.0,111003900,-4.386,7.8947
ADRO.JK,2026-06-04,2180.0,2280.0,2120.0,2270.0,2270.0,60862500,4.1284,7.3394
ADRO.JK,2026-06-05,2290.0,2300.0,2220.0,2240.0,2240.0,53843800,-1.3216,3.4934
ADRO.JK,2026-06-08,2220.0,2220.0,2110.0,2170.0,2170.0,47564900,-3.125,4.955
ADRO.JK,2026-06-09,2170.0,2260.0,2130.0,2250.0,2250.0,54623300,3.6866,5.9908
ADRO.JK,2026-06-10,2250.0,2340.0,2200.0,2300.0,2300.0,60439400,2.2222,6.2222
ADRO.JK,2026-06-11,2300.0,2320.0,2250.0,2250.0,2250.0,27135700,-2.1739,3.0435
ADRO.JK,2026-06-12,2270.0,2340.0,2250.0,2280.0,2280.0,36917900,1.3333,3.9648
ADRO.JK,2026-06-15,2300.0,2350.0,2300.0,2320.0,2320.0,38910900,1.7544,2.1739
ADRO.JK,2026-06-17,2320.0,2350.0,2300.0,2330.0,2330.0,24057000,0.431,2.1552
ADRO.JK,2026-06-18,2330.0,2330.0,2260.0,2260.0,2260.0,22249000,-3.0043,3.0043
ADRO.JK,2026-06-19,2260.0,2300.0,2220.0,2220.0,2220.0,161037200,-1.7699,3.5398
ADRO.JK,2026-06-22,2220.0,2320.0,2220.0,2290.0,2290.0,29306300,3.1532,4.5045
ADRO.JK,2026-06-23,2290.0,2300.0,2240.0,2290.0,2290.0,19411800,0.0,2.6201
ADRO.JK,2026-06-24,2290.0,2300.0,2240.0,2250.0,2250.0,24236200,-1.7467,2.6201
ADRO.JK,2026-06-25,2250.0,2330.0,2250.0,2290.0,2290.0,32441400,1.7778,3.5556
ADRO.JK,2026-06-26,2300.0,2310.0,2250.0,2250.0,2250.0,24653800,-1.7467,2.6087
ADRO.JK,2026-06-29,2250.0,2290.0,2250.0,2280.0,2280.0,11072900,1.3333,1.7778
ADRO.JK,2026-06-30,2280.0,2280.0,2240.0,2260.0,2260.0,31555300,-0.8772,1.7544
ADRO.JK,2026-07-01,2280.0,2280.0,2240.0,2260.0,2260.0,13685600,0.0,1.7544
ADRO.JK,2026-07-02,2260.0,2320.0,2260.0,2280.0,2280.0,17863000,0.885,2.6549
ADRO.JK,2026-07-03,2280.0,2310.0,2270.0,2300.0,2300.0,12685900,0.8772,1.7544
PTBA.JK,2024-07-03,2500.0,2530.0,2490.0,2500.0,2119.44,10030300,,1.6
PTBA.JK,2024-07-04,2520.0,2570.0,2510.0,2530.0,2144.87,18794900,1.2,2.381
PTBA.JK,2024-07-05,2540.0,2570.0,2520.0,2540.0,2153.35,9942000,0.3953,1.9685
PTBA.JK,2024-07-08,2540.0,2560.0,2530.0,2550.0,2161.83,7491700,0.3937,1.1811
PTBA.JK,2024-07-09,2550.0,2570.0,2530.0,2530.0,2144.87,10477700,-0.7843,1.5686
PTBA.JK,2024-07-10,2530.0,2560.0,2530.0,2540.0,2153.35,7337200,0.3953,1.1858
PTBA.JK,2024-07-11,2550.0,2560.0,2540.0,2550.0,2161.83,4841300,0.3937,0.7843
PTBA.JK,2024-07-12,2550.0,2560.0,2530.0,2530.0,2144.87,7888600,-0.7843,1.1765
PTBA.JK,2024-07-15,2560.0,2560.0,2500.0,2520.0,2136.39,12266200,-0.3953,2.3438
PTBA.JK,2024-07-16,2530.0,2550.0,2520.0,2530.0,2144.87,6947800,0.3968,1.1858
PTBA.JK,2024-07-17,2550.0,2550.0,2530.0,2540.0,2153.35,7325200,0.3953,0.7843
PTBA.JK,2024-07-18,2540.0,2630.0,2520.0,2620.0,2221.17,26806000,3.1496,4.3307
PTBA.JK,2024-07-19,2620.0,2680.0,2620.0,2630.0,2229.65,30356300,0.3817,2.2901
PTBA.JK,2024-07-22,2640.0,2700.0,2640.0,2680.0,2272.04,18786400,1.9011,2.2727
PTBA.JK,2024-07-23,2690.0,2720.0,2650.0,2650.0,2246.6,21142700,-1.1194,2.6022
PTBA.JK,2024-07-24,2650.0,2680.0,2610.0,2620.0,2221.17,11115400,-1.1321,2.6415
PTBA.JK,2024-07-25,2620.0,2660.0,2600.0,2610.0,2212.69,10327000,-0.3817,2.2901
PTBA.JK,2024-07-26,2620.0,2670.0,2620.0,2660.0,2255.08,8478400,1.9157,1.9084
PTBA.JK,2024-07-29,2680.0,2700.0,2660.0,2670.0,2263.56,10990800,0.3759,1.4925
PTBA.JK,2024-07-30,2680.0,2690.0,2640.0,2640.0,2238.13,7184600,-1.1236,1.8657
PTBA.JK,2024-07-31,2640.0,2680.0,2640.0,2680.0,2272.04,10266700,1.5152,1.5152
PTBA.JK,2024-08-01,2700.0,2700.0,2640.0,2670.0,2263.56,9702200,-0.3731,2.2222
PTBA.JK,2024-08-02,2670.0,2740.0,2660.0,2720.0,2305.95,22835800,1.8727,2.9963
PTBA.JK,2024-08-05,2710.0,2710.0,2510.0,2560.0,2170.3,48501700,-5.8824,7.3801
PTBA.JK,2024-08-06,2600.0,2630.0,2540.0,2590.0,2195.74,19166600,1.1719,3.4615
PTBA.JK,2024-08-07,2600.0,2630.0,2590.0,2610.0,2212.69,10480400,0.7722,1.5385
PTBA.JK,2024-08-08,2610.0,2620.0,2580.0,2590.0,2195.74,8760900,-0.7663,1.5326
PTBA.JK,2024-08-09,2600.0,2620.0,2580.0,2580.0,2187.26,7434400,-0.3861,1.5385
PTBA.JK,2024-08-12,2590.0,2650.0,2590.0,2650.0,2246.6,13483400,2.7132,2.3166
PTBA.JK,2024-08-13,2670.0,2680.0,2650.0,2660.0,2255.08,8739100,0.3774,1.1236
PTBA.JK,2024-08-14,2660.0,2720.0,2640.0,2720.0,2305.95,22031400,2.2556,3.0075
PTBA.JK,2024-08-15,2720.0,2720.0,2670.0,2700.0,2288.99,19410100,-0.7353,1.8382
PTBA.JK,2024-08-16,2720.0,2750.0,2700.0,2730.0,2314.43,25829000,1.1111,1.8382
PTBA.JK,2024-08-19,2730.0,2730.0,2700.0,2710.0,2297.47,11115900,-0.7326,1.0989
PTBA.JK,2024-08-20,2720.0,2730.0,2700.0,2720.0,2305.95,9550300,0.369,1.1029
PTBA.JK,2024-08-21,2720.0,2740.0,2710.0,2710.0,2297.47,12353000,-0.3676,1.1029
PTBA.JK,2024-08-22,2700.0,2740.0,2670.0,2720.0,2305.95,17628700,0.369,2.5926
PTBA.JK,2024-08-23,2720.0,2790.0,2720.0,2760.0,2339.86,22179900,1.4706,2.5735
PTBA.JK,2024-08-26,2770.0,2790.0,2760.0,2770.0,2348.34,12227700,0.3623,1.083
PTBA.JK,2024-08-27,2780.0,2820.0,2760.0,2780.0,2356.81,16790600,0.361,2.1583
PTBA.JK,2024-08-28,2790.0,2800.0,2770.0,2780.0,2356.81,10744200,0.0,1.0753
PTBA.JK,2024-08-29,2780.0,2810.0,2760.0,2780.0,2356.81,15032300,0.0,1.7986
PTBA.JK,2024-08-30,2780.0,2780.0,2730.0,2730.0,2314.43,21459200,-1.7986,1.7986
PTBA.JK,2024-09-02,2740.0,2820.0,2730.0,2820.0,2390.72,30665600,3.2967,3.2847
PTBA.JK,2024-09-03,2820.0,2850.0,2790.0,2800.0,2373.77,14953700,-0.7092,2.1277
PTBA.JK,2024-09-04,2770.0,2810.0,2740.0,2760.0,2339.86,14767300,-1.4286,2.5271
PTBA.JK,2024-09-05,2760.0,2780.0,2710.0,2750.0,2331.38,14614200,-0.3623,2.5362
PTBA.JK,2024-09-06,2750.0,2750.0,2710.0,2710.0,2297.47,13816400,-1.4545,1.4545
PTBA.JK,2024-09-09,2720.0,2730.0,2650.0,2680.0,2272.04,22601600,-1.107,2.9412
PTBA.JK,2024-09-10,2690.0,2710.0,2650.0,2670.0,2263.56,17035500,-0.3731,2.2305
PTBA.JK,2024-09-11,2650.0,2690.0,2650.0,2660.0,2255.08,9549300,-0.3745,1.5094
PTBA.JK,2024-09-12,2690.0,2750.0,2690.0,2720.0,2305.95,20896600,2.2556,2.2305
PTBA.JK,2024-09-13,2720.0,2740.0,2700.0,2730.0,2314.43,10996900,0.3676,1.4706
PTBA.JK,2024-09-17,2730.0,2820.0,2710.0,2800.0,2373.77,32828500,2.5641,4.0293
PTBA.JK,2024-09-18,2810.0,2820.0,2780.0,2780.0,2356.81,9166700,-0.7143,1.4235
PTBA.JK,2024-09-19,2780.0,2800.0,2760.0,2780.0,2356.81,10019700,0.0,1.4388
PTBA.JK,2024-09-20,2790.0,2950.0,2760.0,2950.0,2500.94,85703000,6.1151,6.81
PTBA.JK,2024-09-23,2950.0,3130.0,2930.0,3120.0,2645.06,127993400,5.7627,6.7797
PTBA.JK,2024-09-24,3120.0,3140.0,3060.0,3100.0,2628.1,42900500,-0.641,2.5641
PTBA.JK,2024-09-25,3120.0,3160.0,3040.0,3080.0,2611.15,41602600,-0.6452,3.8462
PTBA.JK,2024-09-26,3100.0,3120.0,3070.0,3110.0,2636.58,30074500,0.974,1.6129
PTBA.JK,2024-09-27,3110.0,3140.0,3040.0,3140.0,2662.01,43117300,0.9646,3.2154
PTBA.JK,2024-09-30,3150.0,3180.0,3070.0,3080.0,2611.15,37413700,-1.9108,3.4921
PTBA.JK,2024-10-01,3080.0,3120.0,2990.0,3070.0,2602.67,55814500,-0.3247,4.2208
PTBA.JK,2024-10-02,3070.0,3080.0,3010.0,3050.0,2585.71,23254500,-0.6515,2.2801
PTBA.JK,2024-10-03,3050.0,3080.0,3030.0,3060.0,2594.19,18192500,0.3279,1.6393
PTBA.JK,2024-10-04,3060.0,3100.0,2990.0,2990.0,2534.85,27042800,-2.2876,3.5948
PTBA.JK,2024-10-07,3060.0,3140.0,3060.0,3100.0,2628.1,31774800,3.6789,2.6144
PTBA.JK,2024-10-08,3110.0,3120.0,3060.0,3080.0,2611.15,21266900,-0.6452,1.9293
PTBA.JK,2024-10-09,3080.0,3080.0,3020.0,3050.0,2585.71,14404900,-0.974,1.9481
PTBA.JK,2024-10-10,3050.0,3070.0,3020.0,3020.0,2560.28,15849000,-0.9836,1.6393
PTBA.JK,2024-10-11,3050.0,3060.0,3020.0,3030.0,2568.76,10016300,0.3311,1.3115
PTBA.JK,2024-10-14,3040.0,3120.0,3030.0,3100.0,2628.1,30455100,2.3102,2.9605
PTBA.JK,2024-10-15,3100.0,3140.0,3080.0,3100.0,2628.1,24711000,0.0,1.9355
PTBA.JK,2024-10-16,3120.0,3120.0,3050.0,3080.0,2611.15,21907400,-0.6452,2.2436
PTBA.JK,2024-10-17,3080.0,3090.0,3060.0,3060.0,2594.19,12348900,-0.6494,0.974
PTBA.JK,2024-10-18,3070.0,3080.0,3030.0,3050.0,2585.71,12261800,-0.3268,1.6287
PTBA.JK,2024-10-21,3050.0,3050.0,3010.0,3020.0,2560.28,15196900,-0.9836,1.3115
PTBA.JK,2024-10-22,3020.0,3050.0,3020.0,3040.0,2577.24,7584100,0.6623,0.9934
PTBA.JK,2024-10-23,3040.0,3050.0,2950.0,2950.0,2500.94,29092600,-2.9605,3.2895
PTBA.JK,2024-10-24,2950.0,2970.0,2920.0,2920.0,2475.5,13921900,-1.0169,1.6949
PTBA.JK,2024-10-25,2920.0,2940.0,2870.0,2880.0,2441.59,17372800,-1.3699,2.3973
PTBA.JK,2024-10-28,2880.0,2910.0,2840.0,2870.0,2433.11,16500200,-0.3472,2.4306
PTBA.JK,2024-10-29,2850.0,2870.0,2830.0,2850.0,2416.16,9846900,-0.6969,1.4035
PTBA.JK,2024-10-30,2850.0,2880.0,2800.0,2840.0,2407.68,17122400,-0.3509,2.807
PTBA.JK,2024-10-31,2850.0,2960.0,2840.0,2960.0,2509.41,22804100,4.2254,4.2105
PTBA.JK,2024-11-01,2950.0,2950.0,2880.0,2920.0,2475.5,14265400,-1.3514,2.3729
PTBA.JK,2024-11-04,2920.0,2920.0,2850.0,2870.0,2433.11,9847800,-1.7123,2.3973
PTBA.JK,2024-11-05,2880.0,2920.0,2860.0,2890.0,2450.07,13393700,0.6969,2.0833
PTBA.JK,2024-11-06,2900.0,2900.0,2840.0,2860.0,2424.64,9440000,-1.0381,2.069
PTBA.JK,2024-11-07,2860.0,2860.0,2810.0,2830.0,2399.2,9943500,-1.049,1.7483
PTBA.JK,2024-11-08,2830.0,2840.0,2800.0,2800.0,2373.77,9176000,-1.0601,1.4134
PTBA.JK,2024-11-11,2800.0,2800.0,2750.0,2770.0,2348.34,16646500,-1.0714,1.7857
PTBA.JK,2024-11-12,2780.0,2890.0,2780.0,2870.0,2433.11,18297100,3.6101,3.9568
PTBA.JK,2024-11-13,2870.0,2890.0,2810.0,2810.0,2382.25,11390000,-2.0906,2.7875
PTBA.JK,2024-11-14,2810.0,2810.0,2770.0,2770.0,2348.34,8777600,-1.4235,1.4235
PTBA.JK,2024-11-15,2770.0,2800.0,2750.0,2750.0,2331.38,8098700,-0.722,1.8051
PTBA.JK,2024-11-18,2750.0,2770.0,2700.0,2720.0,2305.95,11015500,-1.0909,2.5455
PTBA.JK,2024-11-19,2720.0,2790.0,2720.0,2770.0,2348.34,6834200,1.8382,2.5735
PTBA.JK,2024-11-20,2770.0,2780.0,2720.0,2740.0,2322.9,5495500,-1.083,2.1661
PTBA.JK,2024-11-21,2740.0,2770.0,2720.0,2720.0,2305.95,4713200,-0.7299,1.8248
PTBA.JK,2024-11-22,2750.0,2780.0,2740.0,2770.0,2348.34,5347300,1.8382,1.4545
PTBA.JK,2024-11-25,2770.0,2830.0,2760.0,2800.0,2373.77,12285400,1.083,2.5271
PTBA.JK,2024-11-26,2830.0,2830.0,2760.0,2760.0,2339.86,6816800,-1.4286,2.4735
PTBA.JK,2024-11-28,2760.0,2790.0,2740.0,2790.0,2365.29,5875400,1.087,1.8116
PTBA.JK,2024-11-29,2790.0,2790.0,2700.0,2700.0,2288.99,10744500,-3.2258,3.2258
PTBA.JK,2024-12-02,2700.0,2730.0,2660.0,2670.0,2263.56,12311800,-1.1111,2.5926
PTBA.JK,2024-12-03,2670.0,2710.0,2670.0,2700.0,2288.99,6349300,1.1236,1.4981
PTBA.JK,2024-12-04,2700.0,2750.0,2700.0,2710.0,2297.47,10573800,0.3704,1.8519
PTBA.JK,2024-12-05,2730.0,2770.0,2700.0,2740.0,2322.9,8311500,1.107,2.5641
PTBA.JK,2024-12-06,2730.0,2730.0,2700.0,2730.0,2314.43,7213200,-0.365,1.0989
PTBA.JK,2024-12-09,2730.0,2760.0,2730.0,2750.0,2331.38,10858500,0.7326,1.0989
PTBA.JK,2024-12-10,2760.0,2860.0,2740.0,2830.0,2399.2,28227200,2.9091,4.3478
PTBA.JK,2024-12-11,2830.0,2860.0,2790.0,2800.0,2373.77,13120800,-1.0601,2.4735
PTBA.JK,2024-12-12,2800.0,2830.0,2780.0,2800.0,2373.77,9050900,0.0,1.7857
PTBA.JK,2024-12-13,2800.0,2810.0,2770.0,2780.0,2356.81,4660300,-0.7143,1.4286
PTBA.JK,2024-12-16,2780.0,2790.0,2720.0,2740.0,2322.9,9329800,-1.4388,2.518
PTBA.JK,2024-12-17,2740.0,2740.0,2670.0,2670.0,2263.56,12049200,-2.5547,2.5547
PTBA.JK,2024-12-18,2670.0,2710.0,2660.0,2680.0,2272.04,5529700,0.3745,1.8727
PTBA.JK,2024-12-19,2680.0,2680.0,2570.0,2580.0,2187.26,23987000,-3.7313,4.1045
PTBA.JK,2024-12-20,2590.0,2630.0,2590.0,2590.0,2195.74,6238800,0.3876,1.5444
PTBA.JK,2024-12-23,2600.0,2620.0,2590.0,2590.0,2195.74,7109000,0.0,1.1538
PTBA.JK,2024-12-24,2600.0,2620.0,2590.0,2590.0,2195.74,5148700,0.0,1.1538
PTBA.JK,2024-12-27,2600.0,2640.0,2600.0,2620.0,2221.17,7571900,1.1583,1.5385
PTBA.JK,2024-12-30,2630.0,2750.0,2620.0,2750.0,2331.38,16423500,4.9618,4.943
PTBA.JK,2025-01-02,2750.0,2760.0,2670.0,2680.0,2272.04,11358800,-2.5455,3.2727
PTBA.JK,2025-01-03,2700.0,2710.0,2680.0,2700.0,2288.99,6270800,0.7463,1.1111
PTBA.JK,2025-01-06,2700.0,2710.0,2650.0,2650.0,2246.6,8069600,-1.8519,2.2222
PTBA.JK,2025-01-07,2650.0,2670.0,2610.0,2640.0,2238.13,10403000,-0.3774,2.2642
PTBA.JK,2025-01-08,2610.0,2680.0,2610.0,2640.0,2238.13,7642200,0.0,2.682
PTBA.JK,2025-01-09,2640.0,2640.0,2610.0,2620.0,2221.17,7940500,-0.7576,1.1364
PTBA.JK,2025-01-10,2610.0,2720.0,2610.0,2690.0,2280.51,13279300,2.6718,4.2146
PTBA.JK,2025-01-13,2690.0,2690.0,2610.0,2610.0,2212.69,14542900,-2.974,2.974
PTBA.JK,2025-01-14,2610.0,2660.0,2600.0,2620.0,2221.17,10125500,0.3831,2.2989
PTBA.JK,2025-01-15,2620.0,2670.0,2620.0,2670.0,2263.56,10005600,1.9084,1.9084
PTBA.JK,2025-01-16,2670.0,2710.0,2670.0,2690.0,2280.51,13448300,0.7491,1.4981
PTBA.JK,2025-01-17,2690.0,2700.0,2660.0,2680.0,2272.04,8275600,-0.3717,1.487
PTBA.JK,2025-01-20,2670.0,2700.0,2660.0,2660.0,2255.08,8433900,-0.7463,1.4981
PTBA.JK,2025-01-21,2680.0,2690.0,2670.0,2690.0,2280.51,6286700,1.1278,0.7463
PTBA.JK,2025-01-22,2690.0,2740.0,2690.0,2710.0,2297.47,10055500,0.7435,1.8587
PTBA.JK,2025-01-23,2710.0,2710.0,2680.0,2700.0,2288.99,6637800,-0.369,1.107
PTBA.JK,2025-01-24,2700.0,2720.0,2680.0,2700.0,2288.99,5699600,0.0,1.4815
PTBA.JK,2025-01-30,2700.0,2710.0,2660.0,2680.0,2272.04,7985700,-0.7407,1.8519
PTBA.JK,2025-01-31,2660.0,2700.0,2630.0,2690.0,2280.51,9102600,0.3731,2.6316
PTBA.JK,2025-02-03,2690.0,2690.0,2650.0,2670.0,2263.56,8952800,-0.7435,1.487
PTBA.JK,2025-02-04,2680.0,2750.0,2670.0,2690.0,2280.51,8784900,0.7491,2.9851
PTBA.JK,2025-02-05,2680.0,2740.0,2680.0,2720.0,2305.95,8030000,1.1152,2.2388
PTBA.JK,2025-02-06,2720.0,2730.0,2650.0,2650.0,2246.6,9826200,-2.5735,2.9412
PTBA.JK,2025-02-07,2650.0,2700.0,2600.0,2670.0,2263.56,6640700,0.7547,3.7736
PTBA.JK,2025-02-10,2670.0,2670.0,2620.0,2620.0,2221.17,7866600,-1.8727,1.8727
PTBA.JK,2025-02-11,2620.0,2640.0,2600.0,2620.0,2221.17,5596900,0.0,1.5267
PTBA.JK,2025-02-12,2620.0,2640.0,2590.0,2640.0,2238.13,4652700,0.7634,1.9084
PTBA.JK,2025-02-13,2640.0,2730.0,2610.0,2690.0,2280.51,7256600,1.8939,4.5455
PTBA.JK,2025-02-14,2680.0,2740.0,2660.0,2710.0,2297.47,9924200,0.7435,2.9851
PTBA.JK,2025-02-17,2710.0,2710.0,2680.0,2710.0,2297.47,5549300,0.0,1.107
PTBA.JK,2025-02-18,2710.0,2720.0,2680.0,2690.0,2280.51,6466600,-0.738,1.476
PTBA.JK,2025-02-19,2700.0,2720.0,2660.0,2660.0,2255.08,11910500,-1.1152,2.2222
PTBA.JK,2025-02-20,2670.0,2700.0,2630.0,2670.0,2263.56,8642500,0.3759,2.6217
PTBA.JK,2025-02-21,2660.0,2690.0,2640.0,2660.0,2255.08,7654900,-0.3745,1.8797
PTBA.JK,2025-02-24,2650.0,2700.0,2630.0,2640.0,2238.13,8644300,-0.7519,2.6415
PTBA.JK,2025-02-25,2650.0,2670.0,2610.0,2620.0,2221.17,10908400,-0.7576,2.2642
PTBA.JK,2025-02-26,2620.0,2640.0,2600.0,2610.0,2212.69,7508100,-0.3817,1.5267
PTBA.JK,2025-02-27,2610.0,2650.0,2610.0,2620.0,2221.17,11462100,0.3831,1.5326
PTBA.JK,2025-02-28,2600.0,2610.0,2480.0,2590.0,2195.74,21109800,-1.145,5.0
PTBA.JK,2025-03-03,2590.0,2610.0,2530.0,2580.0,2187.26,8847900,-0.3861,3.0888
PTBA.JK,2025-03-04,2580.0,2580.0,2470.0,2510.0,2127.91,11829000,-2.7132,4.2636
PTBA.JK,2025-03-05,2510.0,2580.0,2500.0,2580.0,2187.26,13004500,2.7888,3.1873
PTBA.JK,2025-03-06,2580.0,2600.0,2560.0,2580.0,2187.26,8411300,0.0,1.5504
PTBA.JK,2025-03-07,2570.0,2580.0,2550.0,2550.0,2161.83,5569000,-1.1628,1.1673
PTBA.JK,2025-03-10,2550.0,2570.0,2510.0,2510.0,2127.91,11349200,-1.5686,2.3529
PTBA.JK,2025-03-11,2500.0,2520.0,2480.0,2490.0,2110.96,5507500,-0.7968,1.6
PTBA.JK,2025-03-12,2490.0,2520.0,2480.0,2480.0,2102.48,7374600,-0.4016,1.6064
PTBA.JK,2025-03-13,2480.0,2500.0,2450.0,2450.0,2077.05,9681000,-1.2097,2.0161
PTBA.JK,2025-03-14,2460.0,2480.0,2450.0,2450.0,2077.05,5732000,0.0,1.2195
PTBA.JK,2025-03-17,2450.0,2480.0,2420.0,2450.0,2077.05,6458800,0.0,2.449
PTBA.JK,2025-03-18,2450.0,2460.0,2350.0,2420.0,2051.62,13320600,-1.2245,4.4898
PTBA.JK,2025-03-19,2400.0,2450.0,2380.0,2430.0,2060.09,6280300,0.4132,2.9167
PTBA.JK,2025-03-20,2440.0,2470.0,2410.0,2410.0,2043.14,7010200,-0.823,2.459
PTBA.JK,2025-03-21,2410.0,2410.0,2320.0,2320.0,1966.84,13568500,-3.7344,3.7344
PTBA.JK,2025-03-24,2320.0,2350.0,2250.0,2300.0,1949.88,13409000,-0.8621,4.3103
PTBA.JK,2025-03-25,2300.0,2470.0,2290.0,2450.0,2077.05,13581800,6.5217,7.8261
PTBA.JK,2025-03-26,2460.0,2540.0,2460.0,2510.0,2127.91,13483000,2.449,3.252
PTBA.JK,2025-03-27,2510.0,2570.0,2510.0,2520.0,2136.39,8070300,0.3984,2.3904
PTBA.JK,2025-04-08,2320.0,2450.0,2300.0,2420.0,2051.62,19199300,-3.9683,6.4655
PTBA.JK,2025-04-09,2410.0,2550.0,2410.0,2460.0,2085.53,12180100,1.6529,5.8091
PTBA.JK,2025-04-10,2550.0,2680.0,2530.0,2680.0,2272.04,27346700,8.9431,5.8824
PTBA.JK,2025-04-11,2640.0,2690.0,2620.0,2680.0,2272.04,13694600,0.0,2.6515
PTBA.JK,2025-04-14,2680.0,2740.0,2670.0,2740.0,2322.9,13422200,2.2388,2.6119
PTBA.JK,2025-04-15,2750.0,2770.0,2710.0,2760.0,2339.86,13376700,0.7299,2.1818
PTBA.JK,2025-04-16,2750.0,2760.0,2710.0,2710.0,2297.47,13161700,-1.8116,1.8182
PTBA.JK,2025-04-17,2710.0,2750.0,2700.0,2730.0,2314.43,7922200,0.738,1.845
PTBA.JK,2025-04-21,2730.0,2740.0,2700.0,2730.0,2314.43,8532900,0.0,1.4652
PTBA.JK,2025-04-22,2710.0,2800.0,2700.0,2760.0,2339.86,19672500,1.0989,3.69
PTBA.JK,2025-04-23,2780.0,2820.0,2760.0,2780.0,2356.81,18149700,0.7246,2.1583
PTBA.JK,2025-04-24,2780.0,2810.0,2770.0,2780.0,2356.81,13587300,0.0,1.4388
PTBA.JK,2025-04-25,2780.0,2820.0,2770.0,2780.0,2356.81,22505600,0.0,1.7986
PTBA.JK,2025-04-28,2780.0,2810.0,2760.0,2770.0,2348.34,26690700,-0.3597,1.7986
PTBA.JK,2025-04-29,2770.0,2840.0,2770.0,2790.0,2365.29,26130000,0.722,2.5271
PTBA.JK,2025-04-30,2800.0,2850.0,2760.0,2760.0,2339.86,35320900,-1.0753,3.2143
PTBA.JK,2025-05-02,2700.0,2750.0,2640.0,2740.0,2322.9,21611100,-0.7246,4.0741
PTBA.JK,2025-05-05,2720.0,2730.0,2680.0,2720.0,2305.95,16635000,-0.7299,1.8382
PTBA.JK,2025-05-06,2720.0,2730.0,2710.0,2710.0,2297.47,10763800,-0.3676,0.7353
PTBA.JK,2025-05-07,2710.0,2770.0,2710.0,2760.0,2339.86,14513800,1.845,2.214
PTBA.JK,2025-05-08,2770.0,2780.0,2710.0,2720.0,2305.95,15449000,-1.4493,2.5271
PTBA.JK,2025-05-09,2740.0,2740.0,2710.0,2710.0,2297.47,10006700,-0.3676,1.0949
PTBA.JK,2025-05-14,2720.0,2790.0,2720.0,2790.0,2365.29,19082400,2.952,2.5735
PTBA.JK,2025-05-15,2800.0,2810.0,2770.0,2770.0,2348.34,19167800,-0.7168,1.4286
PTBA.JK,2025-05-16,2790.0,2880.0,2770.0,2860.0,2424.64,53076400,3.2491,3.9427
PTBA.JK,2025-05-19,2860.0,2910.0,2860.0,2900.0,2458.55,34963000,1.3986,1.7483
PTBA.JK,2025-05-20,2920.0,2930.0,2800.0,2820.0,2390.72,36974900,-2.7586,4.4521
PTBA.JK,2025-05-21,2810.0,2850.0,2780.0,2790.0,2365.29,42906300,-1.0638,2.4911
PTBA.JK,2025-05-22,2790.0,2830.0,2790.0,2820.0,2390.72,19170600,1.0753,1.4337
PTBA.JK,2025-05-23,2830.0,2840.0,2820.0,2840.0,2407.68,7835700,0.7092,0.7067
PTBA.JK,2025-05-26,2860.0,2860.0,2810.0,2830.0,2399.2,15733300,-0.3521,1.7483
PTBA.JK,2025-05-27,2840.0,2880.0,2830.0,2850.0,2416.16,22143500,0.7067,1.7606
PTBA.JK,2025-05-28,2870.0,2900.0,2860.0,2890.0,2450.07,30732700,1.4035,1.3937
PTBA.JK,2025-06-02,2900.0,2900.0,2840.0,2860.0,2424.64,23519300,-1.0381,2.069
PTBA.JK,2025-06-03,2870.0,2880.0,2840.0,2860.0,2424.64,13790600,0.0,1.3937
PTBA.JK,2025-06-04,2860.0,2870.0,2840.0,2850.0,2416.16,13894600,-0.3497,1.049
PTBA.JK,2025-06-05,2850.0,2890.0,2840.0,2870.0,2433.11,24750100,0.7018,1.7544
PTBA.JK,2025-06-10,2870.0,2960.0,2870.0,2960.0,2509.41,52866600,3.1359,3.1359
PTBA.JK,2025-06-11,2960.0,3030.0,2960.0,3010.0,2551.8,79019800,1.6892,2.3649
PTBA.JK,2025-06-12,3030.0,3070.0,2890.0,2980.0,2526.37,122174600,-0.9967,5.9406
PTBA.JK,2025-06-13,2980.0,2990.0,2950.0,2970.0,2517.89,48234700,-0.3356,1.3423
PTBA.JK,2025-06-16,2980.0,3030.0,2980.0,3010.0,2551.8,55322700,1.3468,1.6779
PTBA.JK,2025-06-17,3010.0,3030.0,3000.0,3030.0,2568.76,36623700,0.6645,0.9967
PTBA.JK,2025-06-18,3030.0,3050.0,3010.0,3020.0,2560.28,42362000,-0.33,1.3201
PTBA.JK,2025-06-19,3020.0,3030.0,2960.0,2990.0,2534.85,54886200,-0.9934,2.3179
PTBA.JK,2025-06-20,2990.0,3000.0,2930.0,2950.0,2500.94,86319100,-1.3378,2.3411
PTBA.JK,2025-06-23,2520.0,2590.0,2510.0,2510.0,2398.17,89814500,-14.9153,3.1746
PTBA.JK,2025-06-24,2530.0,2550.0,2420.0,2440.0,2331.28,50087000,-2.7888,5.1383
PTBA.JK,2025-06-25,2460.0,2470.0,2400.0,2420.0,2312.18,24482300,-0.8197,2.8455
PTBA.JK,2025-06-26,2420.0,2420.0,2380.0,2400.0,2293.07,17939900,-0.8264,1.6529
PTBA.JK,2025-06-30,2420.0,2470.0,2410.0,2460.0,2350.39,24171400,2.5,2.4793
PTBA.JK,2025-07-01,2470.0,2490.0,2440.0,2460.0,2350.39,11130800,0.0,2.0243
PTBA.JK,2025-07-02,2460.0,2480.0,2420.0,2440.0,2331.28,10843500,-0.813,2.439
PTBA.JK,2025-07-03,2440.0,2460.0,2410.0,2420.0,2312.18,14752400,-0.8197,2.0492
PTBA.JK,2025-07-04,2430.0,2440.0,2420.0,2430.0,2321.73,8575200,0.4132,0.823
PTBA.JK,2025-07-07,2440.0,2440.0,2420.0,2440.0,2331.28,5802100,0.4115,0.8197
PTBA.JK,2025-07-08,2440.0,2440.0,2400.0,2400.0,2293.07,15150600,-1.6393,1.6393
PTBA.JK,2025-07-09,2410.0,2420.0,2380.0,2390.0,2283.51,12099400,-0.4167,1.6598
PTBA.JK,2025-07-10,2400.0,2440.0,2390.0,2430.0,2321.73,9847900,1.6736,2.0833
PTBA.JK,2025-07-11,2450.0,2490.0,2440.0,2480.0,2369.5,22480400,2.0576,2.0408
PTBA.JK,2025-07-14,2500.0,2510.0,2480.0,2490.0,2379.06,15473600,0.4032,1.2
PTBA.JK,2025-07-15,2490.0,2500.0,2450.0,2470.0,2359.95,8920800,-0.8032,2.008
PTBA.JK,2025-07-16,2470.0,2490.0,2460.0,2460.0,2350.39,8773000,-0.4049,1.2146
PTBA.JK,2025-07-17,2470.0,2480.0,2440.0,2440.0,2331.28,12575300,-0.813,1.6194
PTBA.JK,2025-07-18,2450.0,2460.0,2440.0,2450.0,2340.84,9030100,0.4098,0.8163
PTBA.JK,2025-07-21,2460.0,2460.0,2410.0,2420.0,2312.18,13727500,-1.2245,2.0325
PTBA.JK,2025-07-22,2430.0,2450.0,2420.0,2420.0,2312.18,16287900,0.0,1.2346
PTBA.JK,2025-07-23,2430.0,2450.0,2420.0,2440.0,2331.28,8733700,0.8264,1.2346
PTBA.JK,2025-07-24,2440.0,2490.0,2440.0,2470.0,2359.95,10467000,1.2295,2.0492
PTBA.JK,2025-07-25,2470.0,2480.0,2450.0,2450.0,2340.84,7215000,-0.8097,1.2146
PTBA.JK,2025-07-28,2470.0,2470.0,2450.0,2460.0,2350.39,5804000,0.4082,0.8097
PTBA.JK,2025-07-29,2460.0,2470.0,2450.0,2460.0,2350.39,5767100,0.0,0.813
PTBA.JK,2025-07-30,2460.0,2470.0,2440.0,2450.0,2340.84,7429700,-0.4065,1.2195
PTBA.JK,2025-07-31,2450.0,2460.0,2410.0,2420.0,2312.18,13453400,-1.2245,2.0408
PTBA.JK,2025-08-01,2420.0,2430.0,2400.0,2420.0,2312.18,8947200,0.0,1.2397
PTBA.JK,2025-08-04,2420.0,2430.0,2400.0,2400.0,2293.07,12680300,-0.8264,1.2397
PTBA.JK,2025-08-05,2410.0,2420.0,2400.0,2400.0,2293.07,10816200,0.0,0.8299
PTBA.JK,2025-08-06,2410.0,2420.0,2400.0,2420.0,2312.18,16496700,0.8333,0.8299
PTBA.JK,2025-08-07,2430.0,2430.0,2400.0,2400.0,2293.07,7148800,-0.8264,1.2346
PTBA.JK,2025-08-08,2410.0,2420.0,2390.0,2400.0,2293.07,14962200,0.0,1.2448
PTBA.JK,2025-08-11,2400.0,2420.0,2400.0,2410.0,2302.62,8915300,0.4167,0.8333
PTBA.JK,2025-08-12,2420.0,2440.0,2410.0,2440.0,2331.28,9569000,1.2448,1.2397
PTBA.JK,2025-08-13,2440.0,2470.0,2440.0,2450.0,2340.84,11480600,0.4098,1.2295
PTBA.JK,2025-08-14,2450.0,2460.0,2420.0,2420.0,2312.18,8775800,-1.2245,1.6327
PTBA.JK,2025-08-15,2430.0,2440.0,2420.0,2420.0,2312.18,4658600,0.0,0.823
PTBA.JK,2025-08-19,2420.0,2430.0,2400.0,2400.0,2293.07,9605000,-0.8264,1.2397
PTBA.JK,2025-08-20,2420.0,2430.0,2400.0,2430.0,2321.73,10212100,1.25,1.2397
PTBA.JK,2025-08-21,2430.0,2440.0,2410.0,2430.0,2321.73,8972300,0.0,1.2346
PTBA.JK,2025-08-22,2430.0,2430.0,2410.0,2420.0,2312.18,4639600,-0.4115,0.823
PTBA.JK,2025-08-25,2420.0,2430.0,2410.0,2420.0,2312.18,6953800,0.0,0.8264
PTBA.JK,2025-08-26,2430.0,2500.0,2410.0,2500.0,2388.61,20508700,3.3058,3.7037
PTBA.JK,2025-08-27,2500.0,2500.0,2450.0,2450.0,2340.84,10527100,-2.0,2.0
PTBA.JK,2025-08-28,2460.0,2460.0,2420.0,2430.0,2321.73,7643700,-0.8163,1.626
PTBA.JK,2025-08-29,2430.0,2430.0,2400.0,2400.0,2293.07,13505600,-1.2346,1.2346
PTBA.JK,2025-09-01,2350.0,2410.0,2320.0,2400.0,2293.07,20954100,0.0,3.8298
PTBA.JK,2025-09-02,2400.0,2430.0,2400.0,2420.0,2312.18,8182200,0.8333,1.25
PTBA.JK,2025-09-03,2420.0,2440.0,2410.0,2420.0,2312.18,8285200,0.0,1.2397
PTBA.JK,2025-09-04,2420.0,2430.0,2390.0,2410.0,2302.62,12386800,-0.4132,1.6529
PTBA.JK,2025-09-08,2410.0,2420.0,2400.0,2410.0,2302.62,13472000,0.0,0.8299
PTBA.JK,2025-09-09,2400.0,2410.0,2370.0,2400.0,2293.07,14794500,-0.4149,1.6667
PTBA.JK,2025-09-10,2400.0,2400.0,2370.0,2380.0,2273.96,8457200,-0.8333,1.25
PTBA.JK,2025-09-11,2380.0,2410.0,2370.0,2370.0,2264.4,13348700,-0.4202,1.6807
PTBA.JK,2025-09-12,2380.0,2400.0,2380.0,2390.0,2283.51,10868900,0.8439,0.8403
PTBA.JK,2025-09-15,2390.0,2400.0,2380.0,2380.0,2273.96,10496000,-0.4184,0.8368
PTBA.JK,2025-09-16,2380.0,2400.0,2360.0,2380.0,2273.96,11733200,0.0,1.6807
PTBA.JK,2025-09-17,2380.0,2390.0,2360.0,2380.0,2273.96,11005300,0.0,1.2605
PTBA.JK,2025-09-18,2380.0,2380.0,2360.0,2360.0,2254.85,5634400,-0.8403,0.8403
PTBA.JK,2025-09-19,2360.0,2380.0,2350.0,2380.0,2273.96,9270300,0.8475,1.2712
PTBA.JK,2025-09-22,2380.0,2390.0,2360.0,2370.0,2264.4,6894200,-0.4202,1.2605
PTBA.JK,2025-09-23,2370.0,2390.0,2360.0,2380.0,2273.96,11688500,0.4219,1.2658
PTBA.JK,2025-09-24,2380.0,2390.0,2370.0,2380.0,2273.96,9053800,0.0,0.8403
PTBA.JK,2025-09-25,2380.0,2390.0,2330.0,2350.0,2245.29,15375900,-1.2605,2.521
PTBA.JK,2025-09-26,2350.0,2360.0,2330.0,2350.0,2245.29,10245200,0.0,1.2766
PTBA.JK,2025-09-29,2350.0,2360.0,2320.0,2330.0,2226.19,12694800,-0.8511,1.7021
PTBA.JK,2025-09-30,2330.0,2350.0,2330.0,2350.0,2245.29,7579300,0.8584,0.8584
PTBA.JK,2025-10-01,2350.0,2350.0,2320.0,2330.0,2226.19,7058500,-0.8511,1.2766
PTBA.JK,2025-10-02,2330.0,2340.0,2310.0,2310.0,2207.08,12049700,-0.8584,1.2876
PTBA.JK,2025-10-03,2310.0,2330.0,2300.0,2320.0,2216.63,9129300,0.4329,1.2987
PTBA.JK,2025-10-06,2340.0,2340.0,2300.0,2310.0,2207.08,11174600,-0.431,1.7094
PTBA.JK,2025-10-07,2310.0,2310.0,2270.0,2270.0,2168.86,16627300,-1.7316,1.7316
PTBA.JK,2025-10-08,2270.0,2280.0,2230.0,2270.0,2168.86,16846500,0.0,2.2026
PTBA.JK,2025-10-09,2280.0,2360.0,2280.0,2340.0,2235.74,33979600,3.0837,3.5088
PTBA.JK,2025-10-10,2360.0,2380.0,2340.0,2380.0,2273.96,19662700,1.7094,1.6949
PTBA.JK,2025-10-13,2340.0,2350.0,2310.0,2340.0,2235.74,9587100,-1.6807,1.7094
PTBA.JK,2025-10-14,2350.0,2360.0,2280.0,2300.0,2197.52,14060200,-1.7094,3.4043
PTBA.JK,2025-10-15,2300.0,2310.0,2170.0,2170.0,2073.31,31527000,-5.6522,6.087
PTBA.JK,2025-10-16,2220.0,2250.0,2210.0,2210.0,2111.53,13972300,1.8433,1.8018
PTBA.JK,2025-10-17,2210.0,2220.0,2170.0,2210.0,2111.53,13410100,0.0,2.2624
PTBA.JK,2025-10-20,2210.0,2270.0,2200.0,2270.0,2168.86,10329300,2.7149,3.1674
PTBA.JK,2025-10-21,2270.0,2340.0,2270.0,2340.0,2235.74,16072500,3.0837,3.0837
PTBA.JK,2025-10-22,2350.0,2360.0,2290.0,2290.0,2187.97,12005500,-2.1368,2.9787
PTBA.JK,2025-10-23,2300.0,2330.0,2290.0,2320.0,2216.63,5932800,1.31,1.7391
PTBA.JK,2025-10-24,2320.0,2380.0,2320.0,2350.0,2245.29,16373900,1.2931,2.5862
PTBA.JK,2025-10-27,2350.0,2370.0,2300.0,2340.0,2235.74,30696100,-0.4255,2.9787
PTBA.JK,2025-10-28,2360.0,2360.0,2330.0,2350.0,2245.29,7232900,0.4274,1.2712
PTBA.JK,2025-10-29,2350.0,2380.0,2340.0,2370.0,2264.4,10528000,0.8511,1.7021
PTBA.JK,2025-10-30,2380.0,2440.0,2370.0,2430.0,2321.73,30872400,2.5316,2.9412
PTBA.JK,2025-10-31,2430.0,2440.0,2390.0,2400.0,2293.07,13522200,-1.2346,2.0576
PTBA.JK,2025-11-03,2400.0,2410.0,2380.0,2400.0,2293.07,10144900,0.0,1.25
PTBA.JK,2025-11-04,2400.0,2400.0,2380.0,2400.0,2293.07,10187200,0.0,0.8333
PTBA.JK,2025-11-05,2400.0,2400.0,2370.0,2380.0,2273.96,10530900,-0.8333,1.25
PTBA.JK,2025-11-06,2390.0,2400.0,2380.0,2400.0,2293.07,5407600,0.8403,0.8368
PTBA.JK,2025-11-07,2390.0,2390.0,2370.0,2390.0,2283.51,9184800,-0.4167,0.8368
PTBA.JK,2025-11-10,2390.0,2400.0,2380.0,2390.0,2283.51,5360900,0.0,0.8368
PTBA.JK,2025-11-11,2390.0,2400.0,2370.0,2390.0,2283.51,7638300,0.0,1.2552
PTBA.JK,2025-11-12,2390.0,2390.0,2360.0,2380.0,2273.96,8223400,-0.4184,1.2552
PTBA.JK,2025-11-13,2380.0,2390.0,2350.0,2360.0,2254.85,7304300,-0.8403,1.6807
PTBA.JK,2025-11-14,2360.0,2360.0,2330.0,2340.0,2235.74,7367200,-0.8475,1.2712
PTBA.JK,2025-11-17,2340.0,2370.0,2340.0,2350.0,2245.29,7490900,0.4274,1.2821
PTBA.JK,2025-11-18,2350.0,2350.0,2310.0,2310.0,2207.08,9919300,-1.7021,1.7021
PTBA.JK,2025-11-19,2310.0,2330.0,2310.0,2320.0,2216.63,5694700,0.4329,0.8658
PTBA.JK,2025-11-20,2320.0,2340.0,2320.0,2330.0,2226.19,5732100,0.431,0.8621
PTBA.JK,2025-11-21,2320.0,2330.0,2300.0,2320.0,2216.63,5794800,-0.4292,1.2931
PTBA.JK,2025-11-24,2320.0,2330.0,2300.0,2330.0,2226.19,7934900,0.431,1.2931
PTBA.JK,2025-11-25,2330.0,2340.0,2300.0,2310.0,2207.08,5470900,-0.8584,1.7167
PTBA.JK,2025-11-26,2330.0,2330.0,2300.0,2320.0,2216.63,5543000,0.4329,1.2876
PTBA.JK,2025-11-27,2330.0,2330.0,2300.0,2300.0,2197.52,5256000,-0.8621,1.2876
PTBA.JK,2025-11-28,2300.0,2310.0,2280.0,2310.0,2207.08,6650100,0.4348,1.3043
PTBA.JK,2025-12-01,2300.0,2310.0,2280.0,2290.0,2187.97,7593800,-0.8658,1.3043
PTBA.JK,2025-12-02,2290.0,2310.0,2290.0,2310.0,2207.08,5398600,0.8734,0.8734
PTBA.JK,2025-12-03,2300.0,2310.0,2290.0,2310.0,2207.08,3128800,0.0,0.8696
PTBA.JK,2025-12-04,2300.0,2320.0,2290.0,2300.0,2197.52,4369500,-0.4329,1.3043
PTBA.JK,2025-12-05,2310.0,2310.0,2290.0,2300.0,2197.52,3949700,0.0,0.8658
PTBA.JK,2025-12-08,2310.0,2310.0,2290.0,2300.0,2197.52,6949200,0.0,0.8658
PTBA.JK,2025-12-09,2300.0,2300.0,2280.0,2290.0,2187.97,8121300,-0.4348,0.8696
PTBA.JK,2025-12-10,2290.0,2300.0,2270.0,2290.0,2187.97,10110400,0.0,1.31
PTBA.JK,2025-12-11,2280.0,2290.0,2250.0,2260.0,2159.3,11068100,-1.31,1.7544
PTBA.JK,2025-12-12,2260.0,2280.0,2250.0,2260.0,2159.3,9574000,0.0,1.3274
PTBA.JK,2025-12-15,2260.0,2280.0,2240.0,2260.0,2159.3,14821100,0.0,1.7699
PTBA.JK,2025-12-16,2260.0,2280.0,2260.0,2280.0,2178.41,5695500,0.885,0.885
PTBA.JK,2025-12-17,2280.0,2290.0,2240.0,2270.0,2168.86,14496300,-0.4386,2.193
PTBA.JK,2025-12-18,2270.0,2300.0,2260.0,2260.0,2159.3,11761300,-0.4405,1.7621
PTBA.JK,2025-12-19,2280.0,2290.0,2250.0,2270.0,2168.86,7515700,0.4425,1.7544
PTBA.JK,2025-12-22,2280.0,2280.0,2260.0,2280.0,2178.41,5773900,0.4405,0.8772
PTBA.JK,2025-12-23,2270.0,2280.0,2260.0,2280.0,2178.41,5748100,0.0,0.8811
PTBA.JK,2025-12-24,2280.0,2290.0,2270.0,2280.0,2178.41,4387200,0.0,0.8772
PTBA.JK,2025-12-29,2280.0,2320.0,2270.0,2320.0,2216.63,9022100,1.7544,2.193
PTBA.JK,2025-12-30,2320.0,2330.0,2290.0,2310.0,2207.08,6256500,-0.431,1.7241
PTBA.JK,2026-01-02,2310.0,2320.0,2290.0,2320.0,2216.63,6217500,0.4329,1.2987
PTBA.JK,2026-01-05,2320.0,2350.0,2320.0,2340.0,2235.74,8906900,0.8621,1.2931
PTBA.JK,2026-01-06,2350.0,2370.0,2330.0,2370.0,2264.4,16784600,1.2821,1.7021
PTBA.JK,2026-01-07,2460.0,2460.0,2380.0,2420.0,2312.18,34828200,2.1097,3.252
PTBA.JK,2026-01-08,2430.0,2440.0,2390.0,2390.0,2283.51,15692800,-1.2397,2.0576
PTBA.JK,2026-01-09,2390.0,2420.0,2390.0,2390.0,2283.51,8648400,0.0,1.2552
PTBA.JK,2026-01-12,2400.0,2410.0,2360.0,2380.0,2273.96,19351700,-0.4184,2.0833
PTBA.JK,2026-01-13,2390.0,2420.0,2370.0,2420.0,2312.18,17873600,1.6807,2.0921
PTBA.JK,2026-01-14,2430.0,2450.0,2430.0,2440.0,2331.28,22448800,0.8264,0.823
PTBA.JK,2026-01-15,2440.0,2460.0,2430.0,2450.0,2340.84,14964900,0.4098,1.2295
PTBA.JK,2026-01-19,2450.0,2470.0,2440.0,2460.0,2350.39,18156900,0.4082,1.2245
PTBA.JK,2026-01-20,2450.0,2470.0,2440.0,2470.0,2359.95,14155200,0.4065,1.2245
PTBA.JK,2026-01-21,2470.0,2550.0,2420.0,2480.0,2369.5,42532000,0.4049,5.2632
PTBA.JK,2026-01-22,2490.0,2550.0,2490.0,2530.0,2417.27,38152400,2.0161,2.4096
PTBA.JK,2026-01-23,2530.0,2570.0,2510.0,2560.0,2445.94,30704900,1.1858,2.3715
PTBA.JK,2026-01-26,2570.0,2600.0,2560.0,2590.0,2474.6,25968800,1.1719,1.5564
PTBA.JK,2026-01-27,2590.0,2600.0,2530.0,2590.0,2474.6,25926900,0.0,2.7027
PTBA.JK,2026-01-28,2530.0,2580.0,2400.0,2450.0,2340.84,50716500,-5.4054,7.1146
PTBA.JK,2026-01-29,2450.0,2450.0,2220.0,2440.0,2331.28,37405600,-0.4082,9.3878
PTBA.JK,2026-01-30,2440.0,2500.0,2420.0,2480.0,2369.5,21023000,1.6393,3.2787
PTBA.JK,2026-02-02,2540.0,2610.0,2480.0,2540.0,2426.83,65842000,2.4194,5.1181
PTBA.JK,2026-02-03,2540.0,2550.0,2490.0,2520.0,2407.72,18391400,-0.7874,2.3622
PTBA.JK,2026-02-04,2520.0,2560.0,2520.0,2550.0,2436.38,21583800,1.1905,1.5873
PTBA.JK,2026-02-05,2580.0,2650.0,2560.0,2590.0,2474.6,52650600,1.5686,3.4884
PTBA.JK,2026-02-06,2580.0,2590.0,2520.0,2550.0,2436.38,22364000,-1.5444,2.7132
PTBA.JK,2026-02-09,2550.0,2580.0,2520.0,2580.0,2465.05,14194400,1.1765,2.3529
PTBA.JK,2026-02-10,2580.0,2580.0,2550.0,2580.0,2465.05,13434000,0.0,1.1628
PTBA.JK,2026-02-11,2580.0,2590.0,2550.0,2550.0,2436.38,17360100,-1.1628,1.5504
PTBA.JK,2026-02-12,2550.0,2580.0,2530.0,2550.0,2436.38,14860100,0.0,1.9608
PTBA.JK,2026-02-13,2560.0,2560.0,2540.0,2550.0,2436.38,7763900,0.0,0.7812
PTBA.JK,2026-02-18,2560.0,2620.0,2550.0,2620.0,2503.26,26334600,2.7451,2.7344
PTBA.JK,2026-02-19,2630.0,2660.0,2610.0,2640.0,2522.37,36299700,0.7634,1.9011
PTBA.JK,2026-02-20,2640.0,2660.0,2610.0,2620.0,2503.26,14520100,-0.7576,1.8939
PTBA.JK,2026-02-23,2630.0,2640.0,2600.0,2630.0,2512.82,9446400,0.3817,1.5209
PTBA.JK,2026-02-24,2630.0,2630.0,2590.0,2590.0,2474.6,15217600,-1.5209,1.5209
PTBA.JK,2026-02-25,2620.0,2630.0,2600.0,2630.0,2512.82,11896300,1.5444,1.145
PTBA.JK,2026-02-26,2630.0,2640.0,2580.0,2610.0,2493.71,12915200,-0.7605,2.2814
PTBA.JK,2026-02-27,2610.0,2620.0,2570.0,2600.0,2484.16,9458900,-0.3831,1.9157
PTBA.JK,2026-03-02,2620.0,2750.0,2610.0,2750.0,2627.47,73917100,5.7692,5.3435
PTBA.JK,2026-03-03,2840.0,2940.0,2810.0,2920.0,2789.9,148905100,6.1818,4.5775
PTBA.JK,2026-03-04,2930.0,2970.0,2790.0,2860.0,2732.57,121906900,-2.0548,6.1433
PTBA.JK,2026-03-05,2860.0,2970.0,2860.0,2970.0,2837.67,88323100,3.8462,3.8462
PTBA.JK,2026-03-06,2970.0,3010.0,2910.0,2980.0,2847.22,94306700,0.3367,3.367
PTBA.JK,2026-03-09,2990.0,2990.0,2840.0,2950.0,2818.56,72725300,-1.0067,5.0167
PTBA.JK,2026-03-10,2930.0,2950.0,2890.0,2950.0,2818.56,26486000,0.0,2.0478
PTBA.JK,2026-03-11,2940.0,2950.0,2850.0,2870.0,2742.13,25995900,-2.7119,3.4014
PTBA.JK,2026-03-12,2870.0,2930.0,2870.0,2910.0,2780.34,25949100,1.3937,2.0906
PTBA.JK,2026-03-13,2920.0,2940.0,2880.0,2910.0,2780.34,16326800,0.0,2.0548
PTBA.JK,2026-03-16,2920.0,2920.0,2840.0,2920.0,2789.9,27882300,0.3436,2.7397
PTBA.JK,2026-03-17,2900.0,2930.0,2880.0,2910.0,2780.34,18156300,-0.3425,1.7241
PTBA.JK,2026-03-25,2910.0,3170.0,2890.0,3160.0,3019.2,134168900,8.5911,9.622
PTBA.JK,2026-03-26,3160.0,3180.0,3040.0,3130.0,2990.54,38485700,-0.9494,4.4304
PTBA.JK,2026-03-27,3130.0,3150.0,3060.0,3100.0,2961.88,26659000,-0.9585,2.8754
PTBA.JK,2026-03-30,3130.0,3160.0,3100.0,3150.0,3009.65,38180700,1.6129,1.9169
PTBA.JK,2026-03-31,3160.0,3220.0,3130.0,3180.0,3038.31,48824200,0.9524,2.8481
PTBA.JK,2026-04-01,3180.0,3190.0,2970.0,2980.0,2847.22,60499300,-6.2893,6.9182
PTBA.JK,2026-04-02,3000.0,3030.0,2910.0,2910.0,2780.34,41964800,-2.349,4.0
PTBA.JK,2026-04-06,2930.0,3010.0,2930.0,2980.0,2847.22,21950500,2.4055,2.7304
PTBA.JK,2026-04-07,3000.0,3010.0,2870.0,2930.0,2799.45,33065800,-1.6779,4.6667
PTBA.JK,2026-04-08,2870.0,2930.0,2810.0,2860.0,2732.57,53019400,-2.3891,4.1812
PTBA.JK,2026-04-09,2860.0,2920.0,2850.0,2880.0,2751.68,19539100,0.6993,2.4476
PTBA.JK,2026-04-10,2880.0,2900.0,2860.0,2890.0,2761.23,14675500,0.3472,1.3889
PTBA.JK,2026-04-13,2900.0,2950.0,2890.0,2920.0,2789.9,27124500,1.0381,2.069
PTBA.JK,2026-04-14,2950.0,2960.0,2910.0,2930.0,2799.45,18535000,0.3425,1.6949
PTBA.JK,2026-04-15,2940.0,2940.0,2890.0,2900.0,2770.79,18766700,-1.0239,1.7007
PTBA.JK,2026-04-16,2890.0,2900.0,2860.0,2870.0,2742.13,13610400,-1.0345,1.3841
PTBA.JK,2026-04-17,2870.0,2910.0,2860.0,2900.0,2770.79,11032000,1.0453,1.7422
PTBA.JK,2026-04-20,2900.0,2910.0,2850.0,2870.0,2742.13,14870300,-1.0345,2.069
PTBA.JK,2026-04-21,2870.0,2930.0,2850.0,2910.0,2780.34,17370400,1.3937,2.7875
PTBA.JK,2026-04-22,2930.0,3000.0,2920.0,3000.0,2866.33,26315500,3.0928,2.7304
PTBA.JK,2026-04-23,3020.0,3020.0,2930.0,2960.0,2828.12,21797100,-1.3333,2.9801
PTBA.JK,2026-04-24,2960.0,2960.0,2880.0,2900.0,2770.79,20405800,-2.027,2.7027
PTBA.JK,2026-04-27,2900.0,2930.0,2860.0,2910.0,2780.34,11926400,0.3448,2.4138
PTBA.JK,2026-04-28,2910.0,2920.0,2880.0,2890.0,2761.23,9708300,-0.6873,1.3746
PTBA.JK,2026-04-29,2890.0,2920.0,2870.0,2910.0,2780.34,8737300,0.692,1.7301
PTBA.JK,2026-04-30,2920.0,2930.0,2850.0,2870.0,2742.13,14060300,-1.3746,2.7397
PTBA.JK,2026-05-04,2900.0,2950.0,2890.0,2950.0,2818.56,17446300,2.7875,2.069
PTBA.JK,2026-05-05,2960.0,2970.0,2910.0,2950.0,2818.56,11847100,0.0,2.027
PTBA.JK,2026-05-06,2950.0,2950.0,2900.0,2930.0,2799.45,10142900,-0.678,1.6949
PTBA.JK,2026-05-07,2910.0,2930.0,2870.0,2880.0,2751.68,15964800,-1.7065,2.0619
PTBA.JK,2026-05-08,2890.0,2920.0,2850.0,2860.0,2732.57,12602300,-0.6944,2.4221
PTBA.JK,2026-05-11,2860.0,2900.0,2810.0,2870.0,2742.13,15126200,0.3497,3.1469
PTBA.JK,2026-05-12,2870.0,2880.0,2820.0,2860.0,2732.57,10044200,-0.3484,2.0906
PTBA.JK,2026-05-13,2860.0,2860.0,2820.0,2830.0,2703.91,7812400,-1.049,1.3986
PTBA.JK,2026-05-14,2830.0,2830.0,2830.0,2830.0,2703.91,0,0.0,0.0
PTBA.JK,2026-05-15,2830.0,2830.0,2830.0,2830.0,2703.91,0,0.0,0.0
PTBA.JK,2026-05-18,2840.0,2860.0,2760.0,2850.0,2723.02,17488500,0.7067,3.5211
PTBA.JK,2026-05-19,2850.0,2870.0,2640.0,2650.0,2531.93,39725400,-7.0175,8.0702
PTBA.JK,2026-05-20,2650.0,2860.0,2620.0,2820.0,2694.35,46764500,6.4151,9.0566
PTBA.JK,2026-05-21,2820.0,2850.0,2700.0,2710.0,2589.25,23420700,-3.9007,5.3191
PTBA.JK,2026-05-22,2710.0,2760.0,2640.0,2720.0,2598.81,15862400,0.369,4.428
PTBA.JK,2026-05-25,2750.0,2860.0,2700.0,2800.0,2675.24,27203100,2.9412,5.8182
PTBA.JK,2026-05-26,2820.0,2870.0,2800.0,2840.0,2713.46,13647500,1.4286,2.4823
PTBA.JK,2026-05-27,2840.0,2840.0,2840.0,2840.0,2713.46,0,0.0,0.0
PTBA.JK,2026-05-28,2840.0,2840.0,2840.0,2840.0,2713.46,0,0.0,0.0
PTBA.JK,2026-05-29,2840.0,2870.0,2770.0,2780.0,2656.14,29747600,-2.1127,3.5211
PTBA.JK,2026-06-02,2790.0,2810.0,2730.0,2760.0,2637.03,16488300,-0.7194,2.8674
PTBA.JK,2026-06-03,2780.0,2800.0,2600.0,2620.0,2503.26,28439300,-5.0725,7.1942
PTBA.JK,2026-06-04,2620.0,2690.0,2510.0,2660.0,2541.48,30880500,1.5267,6.8702
PTBA.JK,2026-06-05,2660.0,2670.0,2580.0,2590.0,2474.6,16106500,-2.6316,3.3835
PTBA.JK,2026-06-08,2580.0,2580.0,2460.0,2500.0,2388.61,21406900,-3.4749,4.6512
PTBA.JK,2026-06-09,2500.0,2660.0,2480.0,2640.0,2522.37,20332400,5.6,7.2
PTBA.JK,2026-06-10,2700.0,2750.0,2640.0,2740.0,2617.92,25276800,3.7879,4.0741
PTBA.JK,2026-06-11,2750.0,2780.0,2580.0,2630.0,2512.82,31537200,-4.0146,7.2727
PTBA.JK,2026-06-12,2600.0,2670.0,2550.0,2620.0,2503.26,46138000,-0.3802,4.6154
PTBA.JK,2026-06-15,2620.0,2700.0,2600.0,2620.0,2503.26,39951600,0.0,3.8168
PTBA.JK,2026-06-17,2620.0,2660.0,2570.0,2590.0,2474.6,26024100,-1.145,3.4351
PTBA.JK,2026-06-18,2590.0,2610.0,2570.0,2580.0,2465.05,13982900,-0.3861,1.5444
PTBA.JK,2026-06-19,2620.0,2620.0,2510.0,2530.0,2417.27,26880500,-1.938,4.1985
PTBA.JK,2026-06-22,2570.0,2620.0,2560.0,2570.0,2455.49,38825500,1.581,2.3346
PTBA.JK,2026-06-23,2470.0,2500.0,2430.0,2480.0,2480.0,19977700,-3.5019,2.834
PTBA.JK,2026-06-24,2490.0,2500.0,2400.0,2420.0,2420.0,13699200,-2.4194,4.0161
PTBA.JK,2026-06-25,2420.0,2450.0,2360.0,2370.0,2370.0,17171200,-2.0661,3.719
PTBA.JK,2026-06-26,2350.0,2390.0,2320.0,2360.0,2360.0,16820300,-0.4219,2.9787
PTBA.JK,2026-06-29,2360.0,2370.0,2300.0,2320.0,2320.0,12422600,-1.6949,2.9661
PTBA.JK,2026-06-30,2320.0,2330.0,2250.0,2290.0,2290.0,16909100,-1.2931,3.4483
PTBA.JK,2026-07-01,2290.0,2310.0,2250.0,2290.0,2290.0,10118100,0.0,2.6201
PTBA.JK,2026-07-02,2280.0,2320.0,2260.0,2270.0,2270.0,10241400,-0.8734,2.6316
PTBA.JK,2026-07-03,2280.0,2330.0,2270.0,2310.0,2310.0,8696800,1.7621,2.6316
INCO.JK,2024-07-03,4060.0,4090.0,3990.0,4030.0,3902.25,22185500,,2.4631
INCO.JK,2024-07-04,4070.0,4140.0,4030.0,4040.0,3911.93,18750600,0.2481,2.7027
INCO.JK,2024-07-05,4040.0,4080.0,4030.0,4040.0,3911.93,8782200,0.0,1.2376
INCO.JK,2024-07-08,4060.0,4110.0,4010.0,4070.0,3940.98,16393100,0.7426,2.4631
INCO.JK,2024-07-09,4060.0,4070.0,4000.0,4000.0,3873.2,21215900,-1.7199,1.7241
INCO.JK,2024-07-10,4000.0,4030.0,3980.0,3980.0,3853.83,14934300,-0.5,1.25
INCO.JK,2024-07-11,3970.0,3980.0,3780.0,3800.0,3679.54,46989600,-4.5226,5.0378
INCO.JK,2024-07-12,3800.0,3840.0,3750.0,3750.0,3631.12,19138700,-1.3158,2.3684
INCO.JK,2024-07-15,3750.0,3780.0,3680.0,3690.0,3573.03,21965700,-1.6,2.6667
INCO.JK,2024-07-16,3700.0,3840.0,3700.0,3800.0,3679.54,25683400,2.981,3.7838
INCO.JK,2024-07-17,3840.0,3890.0,3800.0,3860.0,3737.64,17822900,1.5789,2.3438
INCO.JK,2024-07-18,3860.0,3860.0,3800.0,3830.0,3708.59,8966800,-0.7772,1.5544
INCO.JK,2024-07-19,3810.0,3840.0,3800.0,3840.0,3718.27,6306400,0.2611,1.0499
INCO.JK,2024-07-22,3840.0,3840.0,3770.0,3780.0,3660.17,9947800,-1.5625,1.8229
INCO.JK,2024-07-23,3780.0,3810.0,3730.0,3740.0,3621.44,12706700,-1.0582,2.1164
INCO.JK,2024-07-24,3740.0,3780.0,3720.0,3740.0,3621.44,5481200,0.0,1.6043
INCO.JK,2024-07-25,3740.0,3740.0,3670.0,3690.0,3573.03,11591200,-1.3369,1.8717
INCO.JK,2024-07-26,3710.0,3760.0,3700.0,3740.0,3621.44,5127700,1.355,1.6173
INCO.JK,2024-07-29,3750.0,3810.0,3740.0,3760.0,3640.81,9595400,0.5348,1.8667
INCO.JK,2024-07-30,3730.0,3730.0,3680.0,3680.0,3563.34,12652700,-2.1277,1.3405
INCO.JK,2024-07-31,3700.0,3770.0,3680.0,3740.0,3621.44,13855600,1.6304,2.4324
INCO.JK,2024-08-01,3800.0,3840.0,3760.0,3830.0,3708.59,19162700,2.4064,2.1053
INCO.JK,2024-08-02,3800.0,3820.0,3760.0,3770.0,3650.49,12437400,-1.5666,1.5789
INCO.JK,2024-08-05,3700.0,3730.0,3610.0,3630.0,3514.93,24576700,-3.7135,3.2432
INCO.JK,2024-08-06,3650.0,3680.0,3620.0,3650.0,3534.29,9603700,0.551,1.6438
INCO.JK,2024-08-07,3670.0,3720.0,3650.0,3650.0,3534.29,7640900,0.0,1.9074
INCO.JK,2024-08-08,3650.0,3670.0,3610.0,3610.0,3495.56,6808000,-1.0959,1.6438
INCO.JK,2024-08-09,3680.0,3710.0,3660.0,3680.0,3563.34,8791000,1.9391,1.3587
INCO.JK,2024-08-12,3720.0,3850.0,3720.0,3850.0,3727.95,18413000,4.6196,3.4946
INCO.JK,2024-08-13,3930.0,3940.0,3860.0,3870.0,3747.32,17827500,0.5195,2.0356
INCO.JK,2024-08-14,3880.0,3910.0,3810.0,3810.0,3689.22,13566800,-1.5504,2.5773
INCO.JK,2024-08-15,3810.0,3860.0,3760.0,3830.0,3708.59,27596100,0.5249,2.6247
INCO.JK,2024-08-16,3860.0,3910.0,3840.0,3860.0,3737.64,35922700,0.7833,1.8135
INCO.JK,2024-08-19,3870.0,3880.0,3800.0,3810.0,3689.22,12222600,-1.2953,2.0672
INCO.JK,2024-08-20,3860.0,3910.0,3850.0,3860.0,3737.64,23310200,1.3123,1.5544
INCO.JK,2024-08-21,3890.0,3900.0,3830.0,3830.0,3708.59,19421100,-0.7772,1.7995
INCO.JK,2024-08-22,3830.0,3830.0,3750.0,3760.0,3640.81,18187600,-1.8277,2.0888
INCO.JK,2024-08-23,3760.0,3810.0,3750.0,3800.0,3679.54,15014700,1.0638,1.5957
INCO.JK,2024-08-26,3800.0,3840.0,3790.0,3810.0,3689.22,17044600,0.2632,1.3158
INCO.JK,2024-08-27,3810.0,3830.0,3750.0,3770.0,3650.49,14641300,-1.0499,2.0997
INCO.JK,2024-08-28,3810.0,3840.0,3750.0,3760.0,3640.81,17698600,-0.2653,2.3622
INCO.JK,2024-08-29,3770.0,3770.0,3710.0,3720.0,3602.07,16194500,-1.0638,1.5915
INCO.JK,2024-08-30,3750.0,3840.0,3730.0,3840.0,3718.27,51089400,3.2258,2.9333
INCO.JK,2024-09-02,3800.0,3840.0,3790.0,3800.0,3679.54,16516300,-1.0417,1.3158
INCO.JK,2024-09-03,3810.0,3830.0,3750.0,3750.0,3631.12,8552200,-1.3158,2.0997
INCO.JK,2024-09-04,3720.0,3770.0,3690.0,3690.0,3573.03,20268800,-1.6,2.1505
INCO.JK,2024-09-05,3690.0,3700.0,3650.0,3670.0,3553.66,10618900,-0.542,1.355
INCO.JK,2024-09-06,3680.0,3730.0,3680.0,3680.0,3563.34,7554500,0.2725,1.3587
INCO.JK,2024-09-09,3680.0,3720.0,3630.0,3650.0,3534.29,13116900,-0.8152,2.4457
INCO.JK,2024-09-10,3670.0,3690.0,3630.0,3630.0,3514.93,8653300,-0.5479,1.6349
INCO.JK,2024-09-11,3630.0,3670.0,3620.0,3630.0,3514.93,8646900,0.0,1.3774
INCO.JK,2024-09-12,3660.0,3720.0,3660.0,3690.0,3573.03,13748800,1.6529,1.6393
INCO.JK,2024-09-13,3710.0,3720.0,3650.0,3670.0,3553.66,9422100,-0.542,1.8868
INCO.JK,2024-09-17,3700.0,3750.0,3680.0,3720.0,3602.07,13270700,1.3624,1.8919
INCO.JK,2024-09-18,3710.0,3720.0,3680.0,3680.0,3563.34,9468100,-1.0753,1.0782
INCO.JK,2024-09-19,3680.0,3720.0,3670.0,3690.0,3573.03,7430700,0.2717,1.3587
INCO.JK,2024-09-20,3720.0,3760.0,3700.0,3700.0,3582.71,15009700,0.271,1.6129
INCO.JK,2024-09-23,3720.0,3780.0,3700.0,3750.0,3631.12,13906100,1.3514,2.1505
INCO.JK,2024-09-24,3750.0,3800.0,3710.0,3790.0,3669.86,11487200,1.0667,2.4
INCO.JK,2024-09-25,3820.0,3990.0,3800.0,3970.0,3844.15,75089500,4.7493,4.9738
INCO.JK,2024-09-26,3980.0,4030.0,3910.0,4020.0,3892.56,38510300,1.2594,3.0151
INCO.JK,2024-09-27,4050.0,4080.0,3990.0,4030.0,3902.25,28554600,0.2488,2.2222
INCO.JK,2024-09-30,4060.0,4110.0,3960.0,4080.0,3950.66,42119500,1.2407,3.6946
INCO.JK,2024-10-01,4120.0,4230.0,4090.0,4220.0,4086.23,43469300,3.4314,3.3981
INCO.JK,2024-10-02,4210.0,4300.0,4150.0,4300.0,4163.69,40480600,1.8957,3.5629
INCO.JK,2024-10-03,4350.0,4410.0,4280.0,4320.0,4183.05,30917300,0.4651,2.9885
INCO.JK,2024-10-04,4290.0,4320.0,4220.0,4300.0,4163.69,26533200,-0.463,2.331
INCO.JK,2024-10-07,4310.0,4430.0,4300.0,4400.0,4260.52,27218300,2.3256,3.0162
INCO.JK,2024-10-08,4390.0,4410.0,4080.0,4130.0,3999.08,43343600,-6.1364,7.5171
INCO.JK,2024-10-09,4120.0,4160.0,4030.0,4150.0,4018.44,24209600,0.4843,3.1553
INCO.JK,2024-10-10,4130.0,4180.0,4110.0,4140.0,4008.76,20085300,-0.241,1.6949
INCO.JK,2024-10-11,4160.0,4200.0,4140.0,4160.0,4028.13,9835000,0.4831,1.4423
INCO.JK,2024-10-14,4190.0,4240.0,4130.0,4210.0,4076.54,15418600,1.2019,2.6253
INCO.JK,2024-10-15,4220.0,4220.0,4120.0,4170.0,4037.81,10851100,-0.9501,2.3697
INCO.JK,2024-10-16,4170.0,4180.0,4120.0,4130.0,3999.08,9160700,-0.9592,1.4388
INCO.JK,2024-10-17,4130.0,4160.0,4100.0,4120.0,3989.4,10893400,-0.2421,1.4528
INCO.JK,2024-10-18,4110.0,4130.0,4050.0,4120.0,3989.4,23073300,0.0,1.9465
INCO.JK,2024-10-21,4130.0,4350.0,4130.0,4250.0,4115.27,26332400,3.1553,5.3269
INCO.JK,2024-10-22,4260.0,4280.0,4150.0,4260.0,4124.96,14262700,0.2353,3.0516
INCO.JK,2024-10-23,4260.0,4260.0,4190.0,4200.0,4066.86,7857500,-1.4085,1.6432
INCO.JK,2024-10-24,4200.0,4200.0,4120.0,4120.0,3989.4,7038000,-1.9048,1.9048
INCO.JK,2024-10-25,4120.0,4160.0,4070.0,4070.0,3940.98,5240800,-1.2136,2.1845
INCO.JK,2024-10-28,4080.0,4120.0,4010.0,4020.0,3892.56,7049500,-1.2285,2.6961
INCO.JK,2024-10-29,4020.0,4040.0,3960.0,3990.0,3863.52,10013800,-0.7463,1.99
INCO.JK,2024-10-30,3990.0,4000.0,3850.0,3870.0,3747.32,21530900,-3.0075,3.7594
INCO.JK,2024-10-31,3800.0,3890.0,3750.0,3820.0,3698.91,24112700,-1.292,3.6842
INCO.JK,2024-11-01,3820.0,3840.0,3760.0,3800.0,3679.54,5664500,-0.5236,2.0942
INCO.JK,2024-11-04,3820.0,3860.0,3770.0,3770.0,3650.49,8070800,-0.7895,2.356
INCO.JK,2024-11-05,3830.0,3870.0,3760.0,3840.0,3718.27,7777200,1.8568,2.8721
INCO.JK,2024-11-06,3840.0,3850.0,3710.0,3730.0,3611.76,9160200,-2.8646,3.6458
INCO.JK,2024-11-07,3740.0,3770.0,3670.0,3730.0,3611.76,9856500,0.0,2.6738
INCO.JK,2024-11-08,3760.0,3840.0,3760.0,3820.0,3698.91,9222900,2.4129,2.1277
INCO.JK,2024-11-11,3820.0,3820.0,3680.0,3700.0,3582.71,11315600,-3.1414,3.6649
INCO.JK,2024-11-12,3700.0,3710.0,3660.0,3680.0,3563.34,5775900,-0.5405,1.3514
INCO.JK,2024-11-13,3680.0,3760.0,3680.0,3740.0,3621.44,5109600,1.6304,2.1739
INCO.JK,2024-11-14,3740.0,3970.0,3710.0,3810.0,3689.22,15247900,1.8717,6.9519
INCO.JK,2024-11-15,3820.0,3840.0,3750.0,3820.0,3698.91,6390700,0.2625,2.356
INCO.JK,2024-11-18,3800.0,3800.0,3690.0,3690.0,3573.03,5207100,-3.4031,2.8947
INCO.JK,2024-11-19,3710.0,3790.0,3710.0,3710.0,3592.39,5656900,0.542,2.1563
INCO.JK,2024-11-20,3720.0,3740.0,3680.0,3720.0,3602.07,4600500,0.2695,1.6129
INCO.JK,2024-11-21,3720.0,3720.0,3670.0,3680.0,3563.34,3393000,-1.0753,1.3441
INCO.JK,2024-11-22,3680.0,3690.0,3650.0,3660.0,3543.98,6593200,-0.5435,1.087
INCO.JK,2024-11-25,3700.0,3700.0,3650.0,3670.0,3553.66,7351300,0.2732,1.3514
INCO.JK,2024-11-26,3690.0,3700.0,3650.0,3650.0,3534.29,3768500,-0.545,1.355
INCO.JK,2024-11-28,3650.0,3680.0,3610.0,3620.0,3505.25,4626400,-0.8219,1.9178
INCO.JK,2024-11-29,3630.0,3640.0,3580.0,3600.0,3485.88,4848200,-0.5525,1.6529
INCO.JK,2024-12-02,3640.0,3640.0,3550.0,3550.0,3437.46,4101900,-1.3889,2.4725
INCO.JK,2024-12-03,3550.0,3590.0,3510.0,3510.0,3398.73,5880100,-1.1268,2.2535
INCO.JK,2024-12-04,3540.0,3710.0,3530.0,3680.0,3563.34,6535800,4.8433,5.0847
INCO.JK,2024-12-05,3680.0,3680.0,3630.0,3640.0,3524.61,4625700,-1.087,1.3587
INCO.JK,2024-12-06,3640.0,3690.0,3630.0,3640.0,3524.61,1704300,0.0,1.6484
INCO.JK,2024-12-09,3650.0,3660.0,3600.0,3620.0,3505.25,3221600,-0.5495,1.6438
INCO.JK,2024-12-10,3620.0,3770.0,3620.0,3760.0,3640.81,10689100,3.8674,4.1436
INCO.JK,2024-12-11,3760.0,3800.0,3720.0,3750.0,3631.12,4711500,-0.266,2.1277
INCO.JK,2024-12-12,3750.0,3950.0,3690.0,3900.0,3776.37,13074400,4.0,6.9333
INCO.JK,2024-12-13,3920.0,3990.0,3850.0,3950.0,3824.78,14615300,1.2821,3.5714
INCO.JK,2024-12-16,3950.0,3950.0,3810.0,3850.0,3727.95,4077800,-2.5316,3.5443
INCO.JK,2024-12-17,3850.0,3860.0,3750.0,3760.0,3640.81,3616200,-2.3377,2.8571
INCO.JK,2024-12-18,3760.0,3840.0,3740.0,3750.0,3631.12,3203300,-0.266,2.6596
INCO.JK,2024-12-19,3710.0,3720.0,3600.0,3600.0,3485.88,8656100,-4.0,3.2345
INCO.JK,2024-12-20,3600.0,3660.0,3540.0,3540.0,3427.78,5153900,-1.6667,3.3333
INCO.JK,2024-12-23,3550.0,3580.0,3500.0,3510.0,3398.73,4684200,-0.8475,2.2535
INCO.JK,2024-12-24,3530.0,3560.0,3520.0,3520.0,3408.42,1258900,0.2849,1.1331
INCO.JK,2024-12-27,3510.0,3640.0,3510.0,3580.0,3466.51,2715200,1.7045,3.7037
INCO.JK,2024-12-30,3580.0,3680.0,3580.0,3620.0,3505.25,2842500,1.1173,2.7933
INCO.JK,2025-01-02,3620.0,3660.0,3560.0,3570.0,3456.83,3175000,-1.3812,2.7624
INCO.JK,2025-01-03,3570.0,3600.0,3550.0,3560.0,3447.15,1514600,-0.2801,1.4006
INCO.JK,2025-01-06,3570.0,3580.0,3470.0,3480.0,3369.68,8128600,-2.2472,3.0812
INCO.JK,2025-01-07,3480.0,3500.0,3470.0,3470.0,3360.0,5193700,-0.2874,0.8621
INCO.JK,2025-01-08,3470.0,3480.0,3400.0,3420.0,3311.59,7999800,-1.4409,2.3055
INCO.JK,2025-01-09,3420.0,3440.0,3400.0,3410.0,3301.9,3614100,-0.2924,1.1696
INCO.JK,2025-01-10,3410.0,3460.0,3410.0,3430.0,3321.27,2808200,0.5865,1.4663
INCO.JK,2025-01-13,3450.0,3500.0,3430.0,3430.0,3321.27,5468400,0.0,2.029
INCO.JK,2025-01-14,3440.0,3750.0,3440.0,3680.0,3563.34,18120900,7.2886,9.0116
INCO.JK,2025-01-15,3700.0,3710.0,3580.0,3650.0,3534.29,8441400,-0.8152,3.5135
INCO.JK,2025-01-16,3620.0,3630.0,3580.0,3590.0,3476.2,3703700,-1.6438,1.3812
INCO.JK,2025-01-17,3600.0,3630.0,3560.0,3570.0,3456.83,3584000,-0.5571,1.9444
INCO.JK,2025-01-20,3570.0,3650.0,3570.0,3580.0,3466.51,4849200,0.2801,2.2409
INCO.JK,2025-01-21,3600.0,3640.0,3580.0,3580.0,3466.51,3025900,0.0,1.6667
INCO.JK,2025-01-22,3590.0,3620.0,3540.0,3540.0,3427.78,3338000,-1.1173,2.2284
INCO.JK,2025-01-23,3540.0,3540.0,3420.0,3420.0,3311.59,6833300,-3.3898,3.3898
INCO.JK,2025-01-24,3430.0,3460.0,3200.0,3210.0,3108.24,19583400,-6.1404,7.5802
INCO.JK,2025-01-30,3220.0,3230.0,3010.0,3040.0,2943.63,16002000,-5.296,6.8323
INCO.JK,2025-01-31,3040.0,3080.0,2990.0,3000.0,2904.9,12502300,-1.3158,2.9605
INCO.JK,2025-02-03,3010.0,3020.0,2810.0,2840.0,2749.97,18695500,-5.3333,6.9767
INCO.JK,2025-02-04,2850.0,2910.0,2800.0,2820.0,2730.61,8754300,-0.7042,3.8596
INCO.JK,2025-02-05,2850.0,2880.0,2800.0,2840.0,2749.97,7042800,0.7092,2.807
INCO.JK,2025-02-06,2870.0,2870.0,2780.0,2840.0,2749.97,7340300,0.0,3.1359
INCO.JK,2025-02-07,2850.0,2940.0,2800.0,2930.0,2837.12,10357200,3.169,4.9123
INCO.JK,2025-02-10,2940.0,2940.0,2830.0,2830.0,2740.29,6072800,-3.413,3.7415
INCO.JK,2025-02-11,2830.0,2870.0,2710.0,2710.0,2624.09,5669900,-4.2403,5.6537
INCO.JK,2025-02-12,2710.0,2780.0,2700.0,2710.0,2624.09,7446400,0.0,2.952
INCO.JK,2025-02-13,2740.0,2800.0,2720.0,2780.0,2691.87,6294000,2.583,2.9197
INCO.JK,2025-02-14,2800.0,2840.0,2780.0,2780.0,2691.87,4746400,0.0,2.1429
INCO.JK,2025-02-17,2810.0,3000.0,2810.0,2970.0,2875.85,7969100,6.8345,6.7616
INCO.JK,2025-02-18,2970.0,3020.0,2940.0,2990.0,2895.22,6871600,0.6734,2.6936
INCO.JK,2025-02-19,2990.0,2990.0,2890.0,2890.0,2798.39,3953500,-3.3445,3.3445
INCO.JK,2025-02-20,2890.0,2930.0,2850.0,2920.0,2827.44,2729100,1.0381,2.7682
INCO.JK,2025-02-21,2990.0,3090.0,2960.0,3050.0,2953.31,11746800,4.4521,4.3478
INCO.JK,2025-02-24,3040.0,3040.0,2930.0,2940.0,2846.8,5632100,-3.6066,3.6184
INCO.JK,2025-02-25,2940.0,2940.0,2750.0,2750.0,2662.82,5995000,-6.4626,6.4626
INCO.JK,2025-02-26,2750.0,2950.0,2720.0,2880.0,2788.7,6349100,4.7273,8.3636
INCO.JK,2025-02-27,2890.0,3030.0,2880.0,2960.0,2866.17,11446600,2.7778,5.1903
INCO.JK,2025-02-28,2950.0,2950.0,2780.0,2910.0,2817.75,7489100,-1.6892,5.7627
INCO.JK,2025-03-03,2910.0,2930.0,2860.0,2900.0,2808.07,4180200,-0.3436,2.4055
INCO.JK,2025-03-04,2920.0,2930.0,2710.0,2750.0,2662.82,5889000,-5.1724,7.5342
INCO.JK,2025-03-05,2770.0,2890.0,2760.0,2850.0,2759.65,5139200,3.6364,4.6931
INCO.JK,2025-03-06,2840.0,2920.0,2820.0,2840.0,2749.97,4389000,-0.3509,3.5211
INCO.JK,2025-03-07,2890.0,3170.0,2880.0,3100.0,3001.73,22740400,9.1549,10.0346
INCO.JK,2025-03-10,3080.0,3080.0,2780.0,2800.0,2711.24,30887900,-9.6774,9.7403
INCO.JK,2025-03-11,2780.0,2780.0,2560.0,2600.0,2517.58,31433900,-7.1429,7.9137
INCO.JK,2025-03-12,2600.0,2610.0,2520.0,2550.0,2469.16,15506700,-1.9231,3.4615
INCO.JK,2025-03-13,2590.0,2600.0,2510.0,2530.0,2449.8,11095400,-0.7843,3.4749
INCO.JK,2025-03-14,2560.0,2560.0,2460.0,2460.0,2382.02,16465100,-2.7668,3.9062
INCO.JK,2025-03-17,2480.0,2580.0,2460.0,2540.0,2459.48,28916200,3.252,4.8387
INCO.JK,2025-03-18,2540.0,2550.0,2390.0,2430.0,2352.97,22559600,-4.3307,6.2992
INCO.JK,2025-03-19,2430.0,2440.0,2340.0,2400.0,2323.92,28604900,-1.2346,4.1152
INCO.JK,2025-03-20,2390.0,2430.0,2290.0,2300.0,2227.09,24321500,-4.1667,5.8577
INCO.JK,2025-03-21,2300.0,2300.0,2140.0,2140.0,2072.16,34194400,-6.9565,6.9565
INCO.JK,2025-03-24,2110.0,2140.0,2020.0,2100.0,2033.43,32224400,-1.8692,5.6872
INCO.JK,2025-03-25,2100.0,2250.0,2040.0,2170.0,2101.21,35882200,3.3333,10.0
INCO.JK,2025-03-26,2190.0,2340.0,2170.0,2310.0,2236.77,31655900,6.4516,7.7626
INCO.JK,2025-03-27,2300.0,2300.0,2240.0,2270.0,2198.04,10752000,-1.7316,2.6087
INCO.JK,2025-04-08,1980.0,1980.0,1930.0,1930.0,1868.82,27392200,-14.978,2.5253
INCO.JK,2025-04-09,1895.0,1920.0,1825.0,1840.0,1781.67,40803800,-4.6632,5.0132
INCO.JK,2025-04-10,2000.0,2150.0,1930.0,2040.0,1975.33,64205600,10.8696,11.0
INCO.JK,2025-04-11,2020.0,2240.0,1990.0,2190.0,2120.58,29223200,7.3529,12.3762
INCO.JK,2025-04-14,2200.0,2310.0,2200.0,2280.0,2207.72,21657600,4.1096,5.0
INCO.JK,2025-04-15,2280.0,2350.0,2230.0,2300.0,2227.09,16184900,0.8772,5.2632
INCO.JK,2025-04-16,2300.0,2390.0,2230.0,2340.0,2265.82,18846800,1.7391,6.9565
INCO.JK,2025-04-17,2340.0,2440.0,2340.0,2390.0,2314.24,13504200,2.1368,4.2735
INCO.JK,2025-04-21,2400.0,2460.0,2380.0,2390.0,2314.24,9904000,0.0,3.3333
INCO.JK,2025-04-22,2400.0,2570.0,2370.0,2560.0,2478.85,18202100,7.113,8.3333
INCO.JK,2025-04-23,2600.0,2600.0,2420.0,2450.0,2372.33,19213600,-4.2969,6.9231
INCO.JK,2025-04-24,2450.0,2530.0,2420.0,2440.0,2362.65,17237600,-0.4082,4.4898
INCO.JK,2025-04-25,2460.0,2560.0,2460.0,2510.0,2430.43,14385700,2.8689,4.065
INCO.JK,2025-04-28,2530.0,2540.0,2480.0,2510.0,2430.43,4893500,0.0,2.3715
INCO.JK,2025-04-29,2520.0,2530.0,2500.0,2510.0,2430.43,4837700,0.0,1.1905
INCO.JK,2025-04-30,2560.0,2590.0,2490.0,2490.0,2411.07,27129800,-0.7968,3.9062
INCO.JK,2025-05-02,2490.0,2530.0,2460.0,2480.0,2401.38,10919000,-0.4016,2.8112
INCO.JK,2025-05-05,2490.0,2540.0,2490.0,2500.0,2420.75,8458400,0.8065,2.008
INCO.JK,2025-05-06,2540.0,2660.0,2510.0,2650.0,2565.99,34148800,6.0,5.9055
INCO.JK,2025-05-07,2650.0,2970.0,2640.0,2850.0,2759.65,70354500,7.5472,12.4528
INCO.JK,2025-05-08,2870.0,2920.0,2750.0,2760.0,2672.51,39319500,-3.1579,5.9233
INCO.JK,2025-05-09,2760.0,2880.0,2760.0,2860.0,2769.34,26095600,3.6232,4.3478
INCO.JK,2025-05-14,2910.0,2980.0,2880.0,2900.0,2808.07,28666600,1.3986,3.4364
INCO.JK,2025-05-15,2900.0,2930.0,2840.0,2840.0,2749.97,13347200,-2.069,3.1034
INCO.JK,2025-05-16,2900.0,3080.0,2880.0,2950.0,2856.48,64101300,3.8732,6.8966
INCO.JK,2025-05-19,2970.0,3040.0,2970.0,3000.0,2904.9,24720300,1.6949,2.3569
INCO.JK,2025-05-20,3000.0,3010.0,2930.0,2930.0,2837.12,14460700,-2.3333,2.6667
INCO.JK,2025-05-21,2950.0,3320.0,2950.0,3300.0,3195.39,61047300,12.628,12.5424
INCO.JK,2025-05-22,3330.0,3440.0,3310.0,3400.0,3292.22,58538300,3.0303,3.9039
INCO.JK,2025-05-23,3460.0,3570.0,3460.0,3540.0,3427.78,25383700,4.1176,3.1792
INCO.JK,2025-05-26,3540.0,3750.0,3540.0,3600.0,3485.88,43848000,1.6949,5.9322
INCO.JK,2025-05-27,3600.0,3600.0,3510.0,3520.0,3459.73,14369800,-2.2222,2.5
INCO.JK,2025-05-28,3530.0,3650.0,3500.0,3510.0,3449.91,24858300,-0.2841,4.2493
INCO.JK,2025-06-02,3520.0,3540.0,3450.0,3530.0,3469.56,12540300,0.5698,2.5568
INCO.JK,2025-06-03,3550.0,3640.0,3540.0,3590.0,3528.54,17136600,1.6997,2.8169
INCO.JK,2025-06-04,3630.0,3920.0,3610.0,3870.0,3803.74,47796900,7.7994,8.5399
INCO.JK,2025-06-05,3880.0,3900.0,3680.0,3710.0,3646.48,23768200,-4.1344,5.6701
INCO.JK,2025-06-10,3710.0,3730.0,3400.0,3500.0,3440.08,50171100,-5.6604,8.8949
INCO.JK,2025-06-11,3500.0,3540.0,3370.0,3520.0,3459.73,39270300,0.5714,4.8571
INCO.JK,2025-06-12,3510.0,3520.0,3440.0,3460.0,3400.76,16121900,-1.7045,2.2792
INCO.JK,2025-06-13,3470.0,3530.0,3430.0,3430.0,3371.28,8545600,-0.8671,2.8818
INCO.JK,2025-06-16,3430.0,3660.0,3400.0,3630.0,3567.85,30644600,5.8309,7.5802
INCO.JK,2025-06-17,3640.0,3660.0,3560.0,3630.0,3567.85,17240400,0.0,2.7473
INCO.JK,2025-06-18,3640.0,3640.0,3440.0,3460.0,3400.76,14199000,-4.6832,5.4945
INCO.JK,2025-06-19,3460.0,3510.0,3310.0,3310.0,3253.33,15213400,-4.3353,5.7803
INCO.JK,2025-06-20,3310.0,3340.0,3230.0,3250.0,3194.36,12718700,-1.8127,3.3233
INCO.JK,2025-06-23,3210.0,3210.0,3050.0,3100.0,3046.93,27991200,-4.6154,4.9844
INCO.JK,2025-06-24,3120.0,3210.0,3120.0,3170.0,3115.73,8125300,2.2581,2.8846
INCO.JK,2025-06-25,3210.0,3210.0,3080.0,3090.0,3037.1,6352000,-2.5237,4.0498
INCO.JK,2025-06-26,3100.0,3270.0,3100.0,3230.0,3174.7,12277000,4.5307,5.4839
INCO.JK,2025-06-30,3270.0,3500.0,3230.0,3450.0,3390.93,15322400,6.8111,8.2569
INCO.JK,2025-07-01,3460.0,3530.0,3390.0,3500.0,3440.08,15143600,1.4493,4.0462
INCO.JK,2025-07-02,3500.0,3510.0,3390.0,3430.0,3371.28,9152200,-2.0,3.4286
INCO.JK,2025-07-03,3450.0,3510.0,3430.0,3450.0,3390.93,6395100,0.5831,2.3188
INCO.JK,2025-07-04,3500.0,3580.0,3470.0,3560.0,3499.05,14179600,3.1884,3.1429
INCO.JK,2025-07-07,3600.0,3600.0,3400.0,3420.0,3361.45,11432500,-3.9326,5.5556
INCO.JK,2025-07-08,3410.0,3420.0,3310.0,3320.0,3263.16,7802900,-2.924,3.2258
INCO.JK,2025-07-09,3350.0,3360.0,3300.0,3310.0,3253.33,5835800,-0.3012,1.791
INCO.JK,2025-07-10,3320.0,3420.0,3320.0,3360.0,3302.47,9744800,1.5106,3.012
INCO.JK,2025-07-11,3400.0,3450.0,3390.0,3410.0,3351.62,7850500,1.4881,1.7647
INCO.JK,2025-07-14,3430.0,3470.0,3370.0,3460.0,3400.76,7575100,1.4663,2.9155
INCO.JK,2025-07-15,3470.0,3520.0,3400.0,3470.0,3410.59,12145700,0.289,3.4582
INCO.JK,2025-07-16,3520.0,3540.0,3500.0,3500.0,3440.08,7790500,0.8646,1.1364
INCO.JK,2025-07-17,3510.0,3510.0,3420.0,3420.0,3361.45,7597400,-2.2857,2.5641
INCO.JK,2025-07-18,3440.0,3460.0,3320.0,3330.0,3272.99,14926100,-2.6316,4.0698
INCO.JK,2025-07-21,3350.0,3690.0,3350.0,3650.0,3587.51,29292700,9.6096,10.1493
INCO.JK,2025-07-22,3700.0,3820.0,3630.0,3630.0,3567.85,41062200,-0.5479,5.1351
INCO.JK,2025-07-23,3680.0,3700.0,3570.0,3690.0,3626.82,8159000,1.6529,3.5326
INCO.JK,2025-07-24,3700.0,3750.0,3650.0,3710.0,3646.48,10317800,0.542,2.7027
INCO.JK,2025-07-25,3710.0,3750.0,3610.0,3650.0,3587.51,7136100,-1.6173,3.7736
INCO.JK,2025-07-28,3670.0,3760.0,3640.0,3720.0,3656.31,12230900,1.9178,3.2698
INCO.JK,2025-07-29,3730.0,3770.0,3700.0,3760.0,3695.63,9309700,1.0753,1.8767
INCO.JK,2025-07-30,3760.0,3790.0,3660.0,3670.0,3607.17,7383900,-2.3936,3.4574
INCO.JK,2025-07-31,3650.0,3650.0,3450.0,3450.0,3390.93,20708600,-5.9946,5.4795
INCO.JK,2025-08-01,3460.0,3570.0,3460.0,3560.0,3499.05,6300500,3.1884,3.1792
INCO.JK,2025-08-04,3580.0,3790.0,3570.0,3770.0,3705.45,17970800,5.8989,6.1453
INCO.JK,2025-08-05,3780.0,3800.0,3690.0,3690.0,3626.82,12625200,-2.122,2.9101
INCO.JK,2025-08-06,3750.0,3890.0,3700.0,3890.0,3823.4,19456700,5.4201,5.0667
INCO.JK,2025-08-07,3900.0,4140.0,3810.0,4100.0,4029.8,48350900,5.3985,8.4615
INCO.JK,2025-08-08,4110.0,4120.0,4010.0,4010.0,3941.35,15578300,-2.1951,2.6764
INCO.JK,2025-08-11,4030.0,4080.0,3920.0,3920.0,3852.89,12747300,-2.2444,3.9702
INCO.JK,2025-08-12,3920.0,3990.0,3870.0,3920.0,3852.89,9275200,0.0,3.0612
INCO.JK,2025-08-13,4000.0,4070.0,3930.0,3930.0,3862.71,11556400,0.2551,3.5
INCO.JK,2025-08-14,4020.0,4020.0,3910.0,3930.0,3862.71,4446100,0.0,2.7363
INCO.JK,2025-08-15,3900.0,3980.0,3670.0,3690.0,3626.82,16634600,-6.1069,7.9487
INCO.JK,2025-08-19,3740.0,3780.0,3670.0,3720.0,3656.31,8810800,0.813,2.9412
INCO.JK,2025-08-20,3700.0,3780.0,3700.0,3740.0,3675.97,8762800,0.5376,2.1622
INCO.JK,2025-08-21,3780.0,3790.0,3650.0,3700.0,3636.65,9165300,-1.0695,3.7037
INCO.JK,2025-08-22,3700.0,3750.0,3670.0,3690.0,3626.82,4983300,-0.2703,2.1622
INCO.JK,2025-08-25,3710.0,3750.0,3670.0,3690.0,3626.82,5112700,0.0,2.1563
INCO.JK,2025-08-26,3700.0,3730.0,3610.0,3620.0,3558.02,9992700,-1.897,3.2432
INCO.JK,2025-08-27,3640.0,3840.0,3610.0,3840.0,3774.26,18107500,6.0773,6.3187
INCO.JK,2025-08-28,3870.0,3900.0,3750.0,3800.0,3734.94,11573500,-1.0417,3.876
INCO.JK,2025-08-29,3760.0,3770.0,3630.0,3740.0,3675.97,13047600,-1.5789,3.7234
INCO.JK,2025-09-01,3600.0,3740.0,3530.0,3710.0,3646.48,14127900,-0.8021,5.8333
INCO.JK,2025-09-02,3720.0,3790.0,3680.0,3690.0,3626.82,8077500,-0.5391,2.957
INCO.JK,2025-09-03,3700.0,3970.0,3700.0,3940.0,3872.54,22284900,6.7751,7.2973
INCO.JK,2025-09-04,3950.0,3970.0,3840.0,3910.0,3843.06,12034500,-0.7614,3.2911
INCO.JK,2025-09-08,3910.0,4050.0,3890.0,3900.0,3833.23,19199800,-0.2558,4.0921
INCO.JK,2025-09-09,3900.0,4070.0,3840.0,3950.0,3882.37,19579800,1.2821,5.8974
INCO.JK,2025-09-10,3960.0,3990.0,3870.0,3870.0,3803.74,6573400,-2.0253,3.0303
INCO.JK,2025-09-11,3930.0,3930.0,3700.0,3740.0,3675.97,12475100,-3.3592,5.8524
INCO.JK,2025-09-12,3770.0,4020.0,3770.0,4000.0,3931.52,18162400,6.9519,6.6313
INCO.JK,2025-09-15,4010.0,4300.0,4010.0,4290.0,4216.55,34073400,7.25,7.2319
INCO.JK,2025-09-16,4290.0,4300.0,4070.0,4070.0,4000.32,19689800,-5.1282,5.3613
INCO.JK,2025-09-17,4070.0,4090.0,3980.0,4020.0,3951.17,9085200,-1.2285,2.7027
INCO.JK,2025-09-18,4070.0,4080.0,3910.0,3990.0,3921.69,10395700,-0.7463,4.1769
INCO.JK,2025-09-19,3990.0,4100.0,3930.0,4040.0,3970.83,14927400,1.2531,4.2607
INCO.JK,2025-09-22,4050.0,4230.0,4030.0,4190.0,4118.26,17926400,3.7129,4.9383
INCO.JK,2025-09-23,4200.0,4340.0,4180.0,4270.0,4196.89,16140400,1.9093,3.8095
INCO.JK,2025-09-24,4300.0,4360.0,4200.0,4280.0,4206.72,8274800,0.2342,3.7209
INCO.JK,2025-09-25,4360.0,4410.0,4200.0,4220.0,4147.75,13340300,-1.4019,4.8165
INCO.JK,2025-09-26,4250.0,4300.0,4170.0,4280.0,4206.72,9406500,1.4218,3.0588
INCO.JK,2025-09-29,4280.0,4540.0,4280.0,4480.0,4403.3,22632700,4.6729,6.0748
INCO.JK,2025-09-30,4520.0,4750.0,4330.0,4400.0,4324.67,29696100,-1.7857,9.292
INCO.JK,2025-10-01,4400.0,4410.0,4160.0,4260.0,4187.06,16418100,-3.1818,5.6818
INCO.JK,2025-10-02,4270.0,4380.0,4170.0,4370.0,4295.18,10932400,2.5822,4.918
INCO.JK,2025-10-03,4380.0,4440.0,4310.0,4390.0,4314.84,8140800,0.4577,2.968
INCO.JK,2025-10-06,4410.0,4490.0,4300.0,4350.0,4275.52,8743800,-0.9112,4.3084
INCO.JK,2025-10-07,4350.0,4390.0,4250.0,4250.0,4177.24,5341300,-2.2989,3.2184
INCO.JK,2025-10-08,4300.0,4570.0,4300.0,4460.0,4383.64,25662300,4.9412,6.2791
INCO.JK,2025-10-09,4480.0,4520.0,4380.0,4440.0,4363.98,8090000,-0.4484,3.125
INCO.JK,2025-10-10,4440.0,4550.0,4370.0,4540.0,4462.27,11861000,2.2523,4.0541
INCO.JK,2025-10-13,4480.0,4560.0,4420.0,4540.0,4462.27,7230300,0.0,3.125
INCO.JK,2025-10-14,4560.0,4680.0,4250.0,4270.0,4196.89,19464400,-5.9471,9.4298
INCO.JK,2025-10-15,4280.0,4470.0,4210.0,4460.0,4383.64,15164400,4.4496,6.0748
INCO.JK,2025-10-16,4470.0,4480.0,4350.0,4430.0,4354.15,5417600,-0.6726,2.9083
INCO.JK,2025-10-17,4440.0,4440.0,4160.0,4220.0,4147.75,9791900,-4.7404,6.3063
INCO.JK,2025-10-20,4250.0,4340.0,4230.0,4270.0,4196.89,4652900,1.1848,2.5882
INCO.JK,2025-10-21,4340.0,4420.0,4270.0,4320.0,4246.04,4880100,1.171,3.4562
INCO.JK,2025-10-22,4320.0,4320.0,4200.0,4200.0,4128.09,5547500,-2.7778,2.7778
INCO.JK,2025-10-23,4170.0,4250.0,4120.0,4220.0,4147.75,6574400,0.4762,3.1175
INCO.JK,2025-10-24,4240.0,4300.0,4210.0,4210.0,4137.92,5760500,-0.237,2.1226
INCO.JK,2025-10-27,4270.0,4330.0,4200.0,4280.0,4206.72,6327600,1.6627,3.0445
INCO.JK,2025-10-28,4320.0,4530.0,4280.0,4420.0,4344.33,12956200,3.271,5.787
INCO.JK,2025-10-29,4450.0,4540.0,4430.0,4540.0,4462.27,9784400,2.7149,2.4719
INCO.JK,2025-10-30,4570.0,4780.0,4510.0,4700.0,4619.53,23718900,3.5242,5.9081
INCO.JK,2025-10-31,4700.0,4750.0,4560.0,4750.0,4668.68,16646700,1.0638,4.0426
INCO.JK,2025-11-03,4800.0,4800.0,4530.0,4550.0,4472.1,10495300,-4.2105,5.625
INCO.JK,2025-11-04,4560.0,4620.0,4520.0,4600.0,4521.24,5774000,1.0989,2.193
INCO.JK,2025-11-05,4530.0,4690.0,4460.0,4660.0,4580.22,9263100,1.3043,5.0773
INCO.JK,2025-11-06,4660.0,4670.0,4540.0,4550.0,4472.1,4706100,-2.3605,2.7897
INCO.JK,2025-11-07,4550.0,4580.0,4440.0,4510.0,4432.78,4862100,-0.8791,3.0769
INCO.JK,2025-11-10,4520.0,4540.0,4460.0,4500.0,4422.96,5606300,-0.2217,1.7699
INCO.JK,2025-11-11,4520.0,4550.0,4360.0,4400.0,4324.67,7423100,-2.2222,4.2035
INCO.JK,2025-11-12,4420.0,4430.0,4300.0,4300.0,4226.38,15114200,-2.2727,2.9412
INCO.JK,2025-11-13,4300.0,4380.0,4280.0,4310.0,4236.21,13220000,0.2326,2.3256
INCO.JK,2025-11-14,4310.0,4320.0,4220.0,4240.0,4167.41,9368100,-1.6241,2.3202
INCO.JK,2025-11-17,4240.0,4270.0,4090.0,4100.0,4029.8,15955800,-3.3019,4.2453
INCO.JK,2025-11-18,4080.0,4080.0,3860.0,3890.0,3823.4,27446000,-5.122,5.3922
INCO.JK,2025-11-19,3890.0,3950.0,3880.0,3890.0,3823.4,10060500,0.0,1.7995
INCO.JK,2025-11-20,3910.0,3960.0,3780.0,3810.0,3744.77,19746500,-2.0566,4.6036
INCO.JK,2025-11-21,3810.0,3940.0,3770.0,3940.0,3872.54,18719900,3.4121,4.4619
INCO.JK,2025-11-24,3940.0,3940.0,3860.0,3860.0,3793.91,10623200,-2.0305,2.0305
INCO.JK,2025-11-25,3890.0,3920.0,3810.0,3830.0,3764.43,11931100,-0.7772,2.8278
INCO.JK,2025-11-26,3860.0,3910.0,3800.0,3830.0,3764.43,11590100,0.0,2.8497
INCO.JK,2025-11-27,3850.0,4020.0,3850.0,3950.0,3882.37,17961600,3.1332,4.4156
INCO.JK,2025-11-28,4000.0,4050.0,3820.0,3820.0,3754.6,23908500,-3.2911,5.75
INCO.JK,2025-12-01,3800.0,3880.0,3770.0,3820.0,3754.6,16693700,0.0,2.8947
INCO.JK,2025-12-02,3840.0,3980.0,3840.0,3960.0,3892.2,14335100,3.6649,3.6458
INCO.JK,2025-12-03,3960.0,3960.0,3880.0,3920.0,3852.89,4434700,-1.0101,2.0202
INCO.JK,2025-12-04,3920.0,3930.0,3860.0,3880.0,3813.57,2886300,-1.0204,1.7857
INCO.JK,2025-12-05,3870.0,3910.0,3850.0,3890.0,3823.4,5319800,0.2577,1.5504
INCO.JK,2025-12-08,3890.0,4000.0,3880.0,3990.0,3921.69,9111800,2.5707,3.0848
INCO.JK,2025-12-09,4010.0,4040.0,3850.0,3850.0,3784.08,11124600,-3.5088,4.7382
INCO.JK,2025-12-10,3850.0,3900.0,3850.0,3900.0,3833.23,8172500,1.2987,1.2987
INCO.JK,2025-12-11,3900.0,3920.0,3800.0,3860.0,3793.91,9400100,-1.0256,3.0769
INCO.JK,2025-12-12,3860.0,3870.0,3800.0,3840.0,3774.26,8607700,-0.5181,1.8135
INCO.JK,2025-12-15,3850.0,3940.0,3830.0,3890.0,3823.4,12907000,1.3021,2.8571
INCO.JK,2025-12-16,3880.0,3900.0,3830.0,3840.0,3774.26,7996200,-1.2853,1.8041
INCO.JK,2025-12-17,3860.0,3960.0,3860.0,3920.0,3852.89,8504400,2.0833,2.5907
INCO.JK,2025-12-18,3960.0,4370.0,3940.0,4360.0,4285.35,45629300,11.2245,10.8586
INCO.JK,2025-12-19,4360.0,4400.0,4080.0,4110.0,4039.63,38384500,-5.7339,7.3394
INCO.JK,2025-12-22,4110.0,4450.0,4110.0,4440.0,4363.98,35042300,8.0292,8.2725
INCO.JK,2025-12-23,4440.0,5175.0,4310.0,4990.0,4904.57,104999700,12.3874,19.482
INCO.JK,2025-12-24,5125.0,5325.0,4990.0,5050.0,4963.54,62454400,1.2024,6.5366
INCO.JK,2025-12-29,5075.0,5250.0,4960.0,5075.0,4988.11,23931300,0.495,5.7143
INCO.JK,2025-12-30,5075.0,5275.0,4960.0,5175.0,5086.4,23703900,1.9704,6.2069
INCO.JK,2026-01-02,5300.0,5475.0,5200.0,5300.0,5209.26,26022500,2.4155,5.1887
INCO.JK,2026-01-05,5250.0,5675.0,5125.0,5600.0,5504.12,47695700,5.6604,10.4762
INCO.JK,2026-01-06,5650.0,5850.0,5500.0,5625.0,5528.69,44402700,0.4464,6.1947
INCO.JK,2026-01-07,6000.0,6500.0,6000.0,6325.0,6216.71,82907600,12.4444,8.3333
INCO.JK,2026-01-08,6125.0,6175.0,5825.0,6000.0,5897.27,53433900,-5.1383,5.7143
INCO.JK,2026-01-09,5950.0,6350.0,5800.0,6300.0,6192.14,35534300,5.0,9.2437
INCO.JK,2026-01-12,6475.0,6600.0,6100.0,6400.0,6290.43,45755200,1.5873,7.722
INCO.JK,2026-01-13,6400.0,6900.0,6350.0,6575.0,6462.43,70320900,2.7344,8.5938
INCO.JK,2026-01-14,6750.0,6950.0,6050.0,6400.0,6290.43,80337800,-2.6616,13.3333
INCO.JK,2026-01-15,6700.0,6775.0,6175.0,6350.0,6241.28,82102000,-0.7812,8.9552
INCO.JK,2026-01-19,6350.0,6400.0,6125.0,6400.0,6290.43,44576800,0.7874,4.3307
INCO.JK,2026-01-20,6400.0,6425.0,6125.0,6225.0,6118.42,40803300,-2.7344,4.6875
INCO.JK,2026-01-21,6100.0,6450.0,6100.0,6450.0,6339.57,38273300,3.6145,5.7377
INCO.JK,2026-01-22,6450.0,6575.0,6350.0,6525.0,6413.29,38082700,1.1628,3.4884
INCO.JK,2026-01-23,6575.0,6800.0,6325.0,6775.0,6659.01,38367300,3.8314,7.2243
INCO.JK,2026-01-26,6900.0,7225.0,6725.0,6825.0,6708.15,75502400,0.738,7.2464
INCO.JK,2026-01-27,6850.0,6900.0,6625.0,6800.0,6683.58,26076100,-0.3663,4.0146
INCO.JK,2026-01-28,6600.0,6725.0,6100.0,6375.0,6265.85,40088600,-6.25,9.4697
INCO.JK,2026-01-29,6175.0,6500.0,5500.0,6100.0,5995.56,74706800,-4.3137,16.1943
INCO.JK,2026-01-30,6100.0,6475.0,6100.0,6450.0,6339.57,31034000,5.7377,6.1475
INCO.JK,2026-02-02,6300.0,6300.0,5500.0,5925.0,5823.56,50127800,-8.1395,12.6984
INCO.JK,2026-02-03,6200.0,6250.0,5725.0,6200.0,6093.85,21684200,4.6414,8.4677
INCO.JK,2026-02-04,6250.0,6775.0,6225.0,6600.0,6487.0,33174100,6.4516,8.8
INCO.JK,2026-02-05,6650.0,6700.0,6300.0,6300.0,6192.14,22258900,-4.5455,6.015
INCO.JK,2026-02-06,5950.0,6125.0,5875.0,6100.0,5995.56,20740200,-3.1746,4.2017
INCO.JK,2026-02-09,6200.0,6300.0,6100.0,6275.0,6167.57,10233500,2.8689,3.2258
INCO.JK,2026-02-10,6275.0,6575.0,6250.0,6350.0,6241.28,17552100,1.1952,5.1793
INCO.JK,2026-02-11,6450.0,6875.0,6450.0,6850.0,6732.72,29182600,7.874,6.5891
INCO.JK,2026-02-12,6950.0,7325.0,6950.0,7100.0,6978.44,45302700,3.6496,5.3957
INCO.JK,2026-02-13,7000.0,7050.0,6800.0,6975.0,6855.58,27254200,-1.7606,3.5714
INCO.JK,2026-02-18,7000.0,7025.0,6825.0,6850.0,6732.72,18315100,-1.7921,2.8571
INCO.JK,2026-02-19,6950.0,7100.0,6850.0,6850.0,6732.72,20900200,0.0,3.5971
INCO.JK,2026-02-20,6900.0,7000.0,6775.0,6900.0,6781.87,9865100,0.7299,3.2609
INCO.JK,2026-02-23,7000.0,7200.0,6950.0,7100.0,6978.44,23934100,2.8986,3.5714
INCO.JK,2026-02-24,7100.0,7175.0,6950.0,7000.0,6880.15,14668700,-1.4085,3.169
INCO.JK,2026-02-25,7150.0,7500.0,7150.0,7350.0,7224.16,35312300,5.0,4.8951
INCO.JK,2026-02-26,7350.0,7375.0,7000.0,7100.0,6978.44,23279500,-3.4014,5.102
INCO.JK,2026-02-27,7025.0,7900.0,7025.0,7900.0,7764.75,47589200,11.2676,12.4555
INCO.JK,2026-03-02,7775.0,7775.0,7325.0,7325.0,7199.59,29078800,-7.2785,5.7878
INCO.JK,2026-03-03,7325.0,7550.0,6475.0,7200.0,7076.73,77438800,-1.7065,14.6758
INCO.JK,2026-03-04,7000.0,7000.0,6475.0,6475.0,6364.14,39300600,-10.0694,7.5
INCO.JK,2026-03-05,6700.0,6850.0,6275.0,6325.0,6216.71,30118600,-2.3166,8.5821
INCO.JK,2026-03-06,6300.0,6575.0,6125.0,6200.0,6093.85,21177700,-1.9763,7.1429
INCO.JK,2026-03-09,5825.0,6300.0,5525.0,6075.0,5970.99,38132500,-2.0161,13.3047
INCO.JK,2026-03-10,6300.0,6550.0,6025.0,6325.0,6216.71,24351600,4.1152,8.3333
INCO.JK,2026-03-11,6350.0,6500.0,5900.0,6425.0,6315.0,39670200,1.581,9.4488
INCO.JK,2026-03-12,6300.0,6300.0,6000.0,6025.0,5921.85,18601400,-6.2257,4.7619
INCO.JK,2026-03-13,6025.0,6075.0,5600.0,5650.0,5553.27,14767300,-6.2241,7.8838
INCO.JK,2026-03-16,5550.0,5550.0,5275.0,5350.0,5258.4,14764300,-5.3097,4.955
INCO.JK,2026-03-17,5350.0,5650.0,5350.0,5575.0,5479.55,17793700,4.2056,5.6075
INCO.JK,2026-03-25,5575.0,5800.0,5375.0,5725.0,5626.98,17733800,2.6906,7.6233
INCO.JK,2026-03-26,5650.0,5700.0,5425.0,5600.0,5504.12,29117700,-2.1834,4.8673
INCO.JK,2026-03-27,5600.0,5650.0,5300.0,5350.0,5258.4,10213400,-4.4643,6.25
INCO.JK,2026-03-30,5300.0,5300.0,5050.0,5100.0,5012.68,19311900,-4.6729,4.717
INCO.JK,2026-03-31,5100.0,5550.0,5100.0,5350.0,5258.4,31438200,4.902,8.8235
INCO.JK,2026-04-01,5650.0,5900.0,5550.0,5750.0,5651.55,25239700,7.4766,6.1947
INCO.JK,2026-04-02,5725.0,5750.0,5450.0,5500.0,5405.83,11545400,-4.3478,5.2402
INCO.JK,2026-04-06,5475.0,5700.0,5450.0,5675.0,5577.84,7105000,3.1818,4.5662
INCO.JK,2026-04-07,5725.0,5850.0,5475.0,5725.0,5626.98,15634900,0.8811,6.5502
INCO.JK,2026-04-08,5950.0,6400.0,5900.0,6200.0,6093.85,30766900,8.2969,8.4034
INCO.JK,2026-04-09,6175.0,6175.0,5925.0,6100.0,5995.56,19202100,-1.6129,4.0486
INCO.JK,2026-04-10,6200.0,6275.0,6125.0,6150.0,6044.71,11397400,0.8197,2.4194
INCO.JK,2026-04-13,6000.0,6225.0,5950.0,6150.0,6044.71,16447500,0.0,4.5833
INCO.JK,2026-04-14,6300.0,6575.0,6200.0,6425.0,6315.0,28370600,4.4715,5.9524
INCO.JK,2026-04-15,6675.0,6850.0,6500.0,6800.0,6683.58,26907800,5.8366,5.2434
INCO.JK,2026-04-16,6875.0,6925.0,6600.0,6775.0,6659.01,15621800,-0.3676,4.7273
INCO.JK,2026-04-17,6800.0,6900.0,6650.0,6900.0,6781.87,16734900,1.845,3.6765
INCO.JK,2026-04-20,6775.0,6950.0,6700.0,6800.0,6683.58,12552700,-1.4493,3.69
INCO.JK,2026-04-21,6875.0,6925.0,6775.0,6925.0,6806.44,7459500,1.8382,2.1818
INCO.JK,2026-04-22,6925.0,6950.0,6825.0,6875.0,6757.29,13758400,-0.722,1.8051
INCO.JK,2026-04-23,6900.0,6950.0,6650.0,6700.0,6585.29,13796900,-2.5455,4.3478
INCO.JK,2026-04-24,6775.0,6850.0,6650.0,6700.0,6585.29,20275200,0.0,2.952
INCO.JK,2026-04-27,6900.0,7200.0,6800.0,6850.0,6732.72,22747600,2.2388,5.7971
INCO.JK,2026-04-28,6875.0,6950.0,6775.0,6800.0,6683.58,19233500,-0.7299,2.5455
INCO.JK,2026-04-29,6900.0,7000.0,6800.0,6825.0,6708.15,6965200,0.3676,2.8986
INCO.JK,2026-04-30,6900.0,7000.0,6725.0,6850.0,6732.72,14325200,0.3663,3.9855
INCO.JK,2026-05-04,6975.0,6975.0,6800.0,6875.0,6757.29,6935000,0.365,2.509
INCO.JK,2026-05-05,6850.0,6875.0,5925.0,5975.0,5872.7,41292000,-13.0909,13.8686
INCO.JK,2026-05-06,6000.0,6175.0,5925.0,6125.0,6020.13,18459900,2.5105,4.1667
INCO.JK,2026-05-07,6200.0,6400.0,6100.0,6300.0,6192.14,23450600,2.8571,4.8387
INCO.JK,2026-05-08,6300.0,6325.0,5400.0,5425.0,5332.12,35789300,-13.8889,14.6825
INCO.JK,2026-05-11,5500.0,6150.0,5375.0,6025.0,5921.85,44066800,11.0599,14.0909
INCO.JK,2026-05-12,6025.0,6125.0,5775.0,6075.0,5970.99,17911000,0.8299,5.8091
INCO.JK,2026-05-13,6025.0,6050.0,5850.0,5875.0,5774.41,13913000,-3.2922,3.3195
INCO.JK,2026-05-14,5875.0,5875.0,5875.0,5875.0,5774.41,0,0.0,0.0
INCO.JK,2026-05-15,5875.0,5875.0,5875.0,5875.0,5774.41,0,0.0,0.0
INCO.JK,2026-05-18,5700.0,5700.0,5075.0,5350.0,5258.4,39181800,-8.9362,10.9649
INCO.JK,2026-05-19,5350.0,5400.0,4620.0,4950.0,4865.25,71095800,-7.4766,14.5794
INCO.JK,2026-05-20,4950.0,5125.0,4690.0,4830.0,4747.31,49364400,-2.4242,8.7879
INCO.JK,2026-05-21,4990.0,5000.0,4460.0,4670.0,4590.05,38577100,-3.3126,10.8216
INCO.JK,2026-05-22,4660.0,5550.0,4560.0,5550.0,5454.98,68823000,18.8437,21.2446
INCO.JK,2026-05-25,5550.0,5675.0,5450.0,5475.0,5381.26,24726100,-1.3514,4.0541
INCO.JK,2026-05-26,5450.0,5450.0,4800.0,4890.0,4806.28,29821500,-10.6849,11.9266
INCO.JK,2026-05-27,4890.0,4890.0,4890.0,4890.0,4806.28,0,0.0,0.0
INCO.JK,2026-05-28,4890.0,4890.0,4890.0,4890.0,4806.28,0,0.0,0.0
INCO.JK,2026-05-29,4630.0,4860.0,4520.0,4730.0,4649.02,64346100,-3.272,7.3434
INCO.JK,2026-06-02,4750.0,4840.0,4580.0,4730.0,4649.02,20402000,0.0,5.4737
INCO.JK,2026-06-03,4750.0,4760.0,4120.0,4320.0,4246.04,41882600,-8.6681,13.4737
INCO.JK,2026-06-04,4320.0,4420.0,3960.0,4390.0,4314.84,27343000,1.6204,10.6481
INCO.JK,2026-06-05,4650.0,4830.0,4430.0,4570.0,4491.76,38589600,4.1002,8.6022
INCO.JK,2026-06-08,4300.0,4610.0,4090.0,4240.0,4167.41,28829500,-7.221,12.093
INCO.JK,2026-06-09,4240.0,4810.0,4160.0,4710.0,4629.36,37430700,11.0849,15.3302
INCO.JK,2026-06-10,4710.0,4860.0,4530.0,4550.0,4472.1,27708400,-3.397,7.0064
INCO.JK,2026-06-11,4520.0,4540.0,4240.0,4270.0,4270.0,19740700,-6.1538,6.6372
INCO.JK,2026-06-12,4370.0,4900.0,4370.0,4710.0,4710.0,29480800,10.3044,12.1281
INCO.JK,2026-06-15,4900.0,5475.0,4840.0,5075.0,5075.0,41972300,7.7495,12.9592
INCO.JK,2026-06-17,5100.0,5325.0,4960.0,4990.0,4990.0,11675000,-1.6749,7.1569
INCO.JK,2026-06-18,5025.0,5200.0,4910.0,5125.0,5125.0,10189800,2.7054,5.7711
INCO.JK,2026-06-19,5175.0,5200.0,4990.0,5075.0,5075.0,9273300,-0.9756,4.058
INCO.JK,2026-06-22,5350.0,5350.0,5125.0,5175.0,5175.0,17085200,1.9704,4.2056
INCO.JK,2026-06-23,5175.0,5250.0,4910.0,4960.0,4960.0,9847000,-4.1546,6.57
INCO.JK,2026-06-24,4980.0,4990.0,4590.0,4590.0,4590.0,18753600,-7.4597,8.0321
INCO.JK,2026-06-25,4540.0,4610.0,4460.0,4530.0,4530.0,21915900,-1.3072,3.304
INCO.JK,2026-06-26,4520.0,4560.0,4330.0,4450.0,4450.0,10268200,-1.766,5.0885
INCO.JK,2026-06-29,4430.0,4490.0,4330.0,4400.0,4400.0,6526600,-1.1236,3.6117
INCO.JK,2026-06-30,4370.0,4370.0,4120.0,4120.0,4120.0,17645700,-6.3636,5.7208
INCO.JK,2026-07-01,4190.0,4450.0,4170.0,4330.0,4330.0,16524900,5.0971,6.6826
INCO.JK,2026-07-02,4330.0,4430.0,4280.0,4340.0,4340.0,10993500,0.2309,3.4642
INCO.JK,2026-07-03,4410.0,4740.0,4410.0,4580.0,4580.0,20347400,5.53,7.483
ARTO.JK,2024-07-03,2410.0,2440.0,2370.0,2390.0,2390.0,9300600,,2.9046
ARTO.JK,2024-07-04,2390.0,2470.0,2280.0,2310.0,2310.0,15989500,-3.3473,7.9498
ARTO.JK,2024-07-05,2330.0,2340.0,2220.0,2230.0,2230.0,8766700,-3.4632,5.1502
ARTO.JK,2024-07-08,2230.0,2360.0,2230.0,2350.0,2350.0,11225500,5.3812,5.8296
ARTO.JK,2024-07-09,2360.0,2380.0,2310.0,2360.0,2360.0,4805000,0.4255,2.9661
ARTO.JK,2024-07-10,2400.0,2400.0,2230.0,2280.0,2280.0,10963300,-3.3898,7.0833
ARTO.JK,2024-07-11,2290.0,2290.0,2220.0,2280.0,2280.0,10492900,0.0,3.0568
ARTO.JK,2024-07-12,2300.0,2350.0,2250.0,2320.0,2320.0,12763600,1.7544,4.3478
ARTO.JK,2024-07-15,2320.0,2320.0,2250.0,2260.0,2260.0,7264200,-2.5862,3.0172
ARTO.JK,2024-07-16,2260.0,2310.0,2240.0,2250.0,2250.0,6288400,-0.4425,3.0973
ARTO.JK,2024-07-17,2250.0,2390.0,2250.0,2360.0,2360.0,22262400,4.8889,6.2222
ARTO.JK,2024-07-18,2360.0,2470.0,2360.0,2400.0,2400.0,31430300,1.6949,4.661
ARTO.JK,2024-07-19,2400.0,2410.0,2310.0,2310.0,2310.0,13550700,-3.75,4.1667
ARTO.JK,2024-07-22,2320.0,2390.0,2310.0,2390.0,2390.0,6187100,3.4632,3.4483
ARTO.JK,2024-07-23,2400.0,2590.0,2380.0,2530.0,2530.0,35056400,5.8577,8.75
ARTO.JK,2024-07-24,2560.0,2640.0,2410.0,2450.0,2450.0,40215600,-3.1621,8.9844
ARTO.JK,2024-07-25,2440.0,2440.0,2360.0,2430.0,2430.0,12785000,-0.8163,3.2787
ARTO.JK,2024-07-26,2450.0,2580.0,2440.0,2570.0,2570.0,16041100,5.7613,5.7143
ARTO.JK,2024-07-29,2570.0,2580.0,2450.0,2490.0,2490.0,17590100,-3.1128,5.0584
ARTO.JK,2024-07-30,2500.0,2690.0,2500.0,2670.0,2670.0,38554200,7.2289,7.6
ARTO.JK,2024-07-31,2670.0,2820.0,2670.0,2700.0,2700.0,46016400,1.1236,5.618
ARTO.JK,2024-08-01,2730.0,2770.0,2670.0,2710.0,2710.0,14168300,0.3704,3.663
ARTO.JK,2024-08-02,2680.0,2820.0,2620.0,2710.0,2710.0,22569700,0.0,7.4627
ARTO.JK,2024-08-05,2710.0,2820.0,2620.0,2690.0,2690.0,32355800,-0.738,7.3801
ARTO.JK,2024-08-06,2700.0,2750.0,2650.0,2690.0,2690.0,16441600,0.0,3.7037
ARTO.JK,2024-08-07,2690.0,2710.0,2670.0,2680.0,2680.0,5461300,-0.3717,1.487
ARTO.JK,2024-08-08,2680.0,2840.0,2660.0,2820.0,2820.0,22222900,5.2239,6.7164
ARTO.JK,2024-08-09,2850.0,2880.0,2790.0,2840.0,2840.0,14513800,0.7092,3.1579
ARTO.JK,2024-08-12,2850.0,2850.0,2760.0,2770.0,2770.0,12901000,-2.4648,3.1579
ARTO.JK,2024-08-13,2770.0,2770.0,2720.0,2770.0,2770.0,10299500,0.0,1.8051
ARTO.JK,2024-08-14,2800.0,2860.0,2780.0,2790.0,2790.0,13337700,0.722,2.8571
ARTO.JK,2024-08-15,2800.0,2810.0,2750.0,2800.0,2800.0,7154700,0.3584,2.1429
ARTO.JK,2024-08-16,2810.0,2830.0,2750.0,2750.0,2750.0,5531000,-1.7857,2.847
ARTO.JK,2024-08-19,2750.0,2790.0,2680.0,2730.0,2730.0,11410000,-0.7273,4.0
ARTO.JK,2024-08-20,2730.0,2980.0,2730.0,2960.0,2960.0,33497700,8.4249,9.1575
ARTO.JK,2024-08-21,2970.0,3080.0,2900.0,2900.0,2900.0,25083300,-2.027,6.0606
ARTO.JK,2024-08-22,2900.0,2960.0,2850.0,2870.0,2870.0,17764700,-1.0345,3.7931
ARTO.JK,2024-08-23,2900.0,2960.0,2870.0,2870.0,2870.0,13330200,0.0,3.1034
ARTO.JK,2024-08-26,2910.0,2930.0,2880.0,2890.0,2890.0,9052800,0.6969,1.7182
ARTO.JK,2024-08-27,2890.0,2900.0,2840.0,2860.0,2860.0,8600300,-1.0381,2.0761
ARTO.JK,2024-08-28,2890.0,2920.0,2840.0,2890.0,2890.0,16147400,1.049,2.7682
ARTO.JK,2024-08-29,2900.0,2930.0,2870.0,2870.0,2870.0,9525300,-0.692,2.069
ARTO.JK,2024-08-30,2870.0,2990.0,2870.0,2870.0,2870.0,18661100,0.0,4.1812
ARTO.JK,2024-09-02,2900.0,3020.0,2900.0,2960.0,2960.0,22182400,3.1359,4.1379
ARTO.JK,2024-09-03,3000.0,3000.0,2770.0,2810.0,2810.0,20327400,-5.0676,7.6667
ARTO.JK,2024-09-04,2790.0,2810.0,2730.0,2770.0,2770.0,16356200,-1.4235,2.8674
ARTO.JK,2024-09-05,2780.0,2810.0,2750.0,2770.0,2770.0,9557200,0.0,2.1583
ARTO.JK,2024-09-06,2770.0,2840.0,2750.0,2780.0,2780.0,9866200,0.361,3.2491
ARTO.JK,2024-09-09,2810.0,2900.0,2750.0,2780.0,2780.0,17772800,0.0,5.3381
ARTO.JK,2024-09-10,2810.0,2850.0,2790.0,2840.0,2840.0,10671600,2.1583,2.1352
ARTO.JK,2024-09-11,2860.0,2860.0,2780.0,2780.0,2780.0,10329800,-2.1127,2.7972
ARTO.JK,2024-09-12,2800.0,2880.0,2790.0,2820.0,2820.0,14107100,1.4388,3.2143
ARTO.JK,2024-09-13,2830.0,2860.0,2810.0,2810.0,2810.0,7586500,-0.3546,1.7668
ARTO.JK,2024-09-17,2830.0,2990.0,2830.0,2990.0,2990.0,31218300,6.4057,5.6537
ARTO.JK,2024-09-18,3000.0,3170.0,3000.0,3090.0,3090.0,46702300,3.3445,5.6667
ARTO.JK,2024-09-19,3110.0,3170.0,3100.0,3140.0,3140.0,21715000,1.6181,2.2508
ARTO.JK,2024-09-20,3150.0,3160.0,3030.0,3030.0,3030.0,176047400,-3.5032,4.127
ARTO.JK,2024-09-23,3030.0,3210.0,3030.0,3180.0,3180.0,19563600,4.9505,5.9406
ARTO.JK,2024-09-24,3200.0,3220.0,3090.0,3150.0,3150.0,11531900,-0.9434,4.0625
ARTO.JK,2024-09-25,3140.0,3180.0,3040.0,3080.0,3080.0,11088600,-2.2222,4.4586
ARTO.JK,2024-09-26,3080.0,3170.0,3080.0,3150.0,3150.0,10313500,2.2727,2.9221
ARTO.JK,2024-09-27,3150.0,3160.0,3060.0,3160.0,3160.0,6963700,0.3175,3.1746
ARTO.JK,2024-09-30,3160.0,3170.0,3030.0,3050.0,3050.0,8116600,-3.481,4.4304
ARTO.JK,2024-10-01,3050.0,3090.0,2930.0,3040.0,3040.0,12675400,-0.3279,5.2459
ARTO.JK,2024-10-02,3030.0,3030.0,2860.0,2940.0,2940.0,14060200,-3.2895,5.6106
ARTO.JK,2024-10-03,2940.0,2960.0,2900.0,2950.0,2950.0,5782300,0.3401,2.0408
ARTO.JK,2024-10-04,2940.0,2940.0,2790.0,2830.0,2830.0,14318000,-4.0678,5.102
ARTO.JK,2024-10-07,2830.0,2870.0,2770.0,2860.0,2860.0,8095900,1.0601,3.5336
ARTO.JK,2024-10-08,2860.0,2920.0,2800.0,2870.0,2870.0,13024300,0.3497,4.1958
ARTO.JK,2024-10-09,2890.0,2900.0,2820.0,2830.0,2830.0,3730500,-1.3937,2.7682
ARTO.JK,2024-10-10,2830.0,2860.0,2770.0,2800.0,2800.0,6768700,-1.0601,3.1802
ARTO.JK,2024-10-11,2810.0,2870.0,2800.0,2860.0,2860.0,5933800,2.1429,2.4911
ARTO.JK,2024-10-14,2890.0,2940.0,2880.0,2920.0,2920.0,9072200,2.0979,2.0761
ARTO.JK,2024-10-15,2920.0,2930.0,2880.0,2900.0,2900.0,6527600,-0.6849,1.7123
ARTO.JK,2024-10-16,2890.0,2910.0,2800.0,2820.0,2820.0,8110500,-2.7586,3.8062
ARTO.JK,2024-10-17,2830.0,2900.0,2820.0,2860.0,2860.0,5543400,1.4184,2.8269
ARTO.JK,2024-10-18,2880.0,2890.0,2840.0,2860.0,2860.0,2475200,0.0,1.7361
ARTO.JK,2024-10-21,2870.0,2970.0,2810.0,2960.0,2960.0,13777800,3.4965,5.5749
ARTO.JK,2024-10-22,2960.0,2990.0,2930.0,2930.0,2930.0,7229700,-1.0135,2.027
ARTO.JK,2024-10-23,2930.0,2960.0,2900.0,2960.0,2960.0,5619000,1.0239,2.0478
ARTO.JK,2024-10-24,2960.0,2980.0,2910.0,2920.0,2920.0,2850000,-1.3514,2.3649
ARTO.JK,2024-10-25,2930.0,2940.0,2850.0,2860.0,2860.0,4963100,-2.0548,3.0717
ARTO.JK,2024-10-28,2860.0,2900.0,2760.0,2900.0,2900.0,6425600,1.3986,4.8951
ARTO.JK,2024-10-29,2900.0,2950.0,2850.0,2890.0,2890.0,5244800,-0.3448,3.4483
ARTO.JK,2024-10-30,2900.0,2900.0,2820.0,2850.0,2850.0,4450800,-1.3841,2.7586
ARTO.JK,2024-10-31,2860.0,2890.0,2790.0,2840.0,2840.0,11266600,-0.3509,3.4965
ARTO.JK,2024-11-01,2820.0,2840.0,2760.0,2800.0,2800.0,5397800,-1.4085,2.8369
ARTO.JK,2024-11-04,2800.0,2800.0,2680.0,2720.0,2720.0,6192200,-2.8571,4.2857
ARTO.JK,2024-11-05,2710.0,2740.0,2690.0,2740.0,2740.0,3929300,0.7353,1.845
ARTO.JK,2024-11-06,2740.0,2750.0,2560.0,2560.0,2560.0,7065600,-6.5693,6.9343
ARTO.JK,2024-11-07,2550.0,2620.0,2500.0,2570.0,2570.0,3782300,0.3906,4.7059
ARTO.JK,2024-11-08,2580.0,2640.0,2550.0,2600.0,2600.0,2204400,1.1673,3.4884
ARTO.JK,2024-11-11,2600.0,2630.0,2400.0,2500.0,2500.0,9483100,-3.8462,8.8462
ARTO.JK,2024-11-12,2500.0,2530.0,2410.0,2460.0,2460.0,13041300,-1.6,4.8
ARTO.JK,2024-11-13,2450.0,2600.0,2420.0,2560.0,2560.0,18261700,4.065,7.3469
ARTO.JK,2024-11-14,2570.0,2600.0,2480.0,2550.0,2550.0,8998300,-0.3906,4.6693
ARTO.JK,2024-11-15,2540.0,2540.0,2440.0,2490.0,2490.0,7591400,-2.3529,3.937
ARTO.JK,2024-11-18,2490.0,2510.0,2440.0,2460.0,2460.0,3920000,-1.2048,2.8112
ARTO.JK,2024-11-19,2480.0,2620.0,2480.0,2550.0,2550.0,7658600,3.6585,5.6452
ARTO.JK,2024-11-20,2600.0,2730.0,2580.0,2660.0,2660.0,15593500,4.3137,5.7692
ARTO.JK,2024-11-21,2670.0,2750.0,2660.0,2660.0,2660.0,9072500,0.0,3.3708
ARTO.JK,2024-11-22,2680.0,2760.0,2670.0,2730.0,2730.0,10611200,2.6316,3.3582
ARTO.JK,2024-11-25,2740.0,2770.0,2680.0,2740.0,2740.0,9781200,0.3663,3.2847
ARTO.JK,2024-11-26,2740.0,2740.0,2630.0,2640.0,2640.0,4853500,-3.6496,4.0146
ARTO.JK,2024-11-28,2650.0,2710.0,2630.0,2670.0,2670.0,3752100,1.1364,3.0189
ARTO.JK,2024-11-29,2630.0,2650.0,2580.0,2640.0,2640.0,4118400,-1.1236,2.6616
ARTO.JK,2024-12-02,2640.0,2640.0,2460.0,2500.0,2500.0,8316200,-5.303,6.8182
ARTO.JK,2024-12-03,2500.0,2600.0,2500.0,2580.0,2580.0,5666600,3.2,4.0
ARTO.JK,2024-12-04,2560.0,2610.0,2550.0,2580.0,2580.0,4879900,0.0,2.3438
ARTO.JK,2024-12-05,2590.0,2600.0,2520.0,2550.0,2550.0,2352900,-1.1628,3.0888
ARTO.JK,2024-12-06,2560.0,2750.0,2560.0,2700.0,2700.0,11499200,5.8824,7.4219
ARTO.JK,2024-12-09,2710.0,2730.0,2660.0,2680.0,2680.0,2464800,-0.7407,2.583
ARTO.JK,2024-12-10,2680.0,2730.0,2590.0,2690.0,2690.0,7305400,0.3731,5.2239
ARTO.JK,2024-12-11,2640.0,2690.0,2640.0,2670.0,2670.0,3823600,-0.7435,1.8939
ARTO.JK,2024-12-12,2670.0,2670.0,2570.0,2600.0,2600.0,4917500,-2.6217,3.7453
ARTO.JK,2024-12-13,2610.0,2640.0,2590.0,2630.0,2630.0,2817600,1.1538,1.9157
ARTO.JK,2024-12-16,2650.0,2650.0,2560.0,2600.0,2600.0,4341600,-1.1407,3.3962
ARTO.JK,2024-12-17,2620.0,2660.0,2520.0,2590.0,2590.0,3894800,-0.3846,5.3435
ARTO.JK,2024-12-18,2590.0,2600.0,2530.0,2590.0,2590.0,2647200,0.0,2.7027
ARTO.JK,2024-12-19,2550.0,2550.0,2310.0,2350.0,2350.0,5595600,-9.2664,9.4118
ARTO.JK,2024-12-20,2360.0,2380.0,2220.0,2240.0,2240.0,5330300,-4.6809,6.7797
ARTO.JK,2024-12-23,2270.0,2420.0,2270.0,2400.0,2400.0,6204100,7.1429,6.6079
ARTO.JK,2024-12-24,2430.0,2440.0,2330.0,2390.0,2390.0,3024000,-0.4167,4.5267
ARTO.JK,2024-12-27,2400.0,2400.0,2330.0,2360.0,2360.0,1871800,-1.2552,2.9167
ARTO.JK,2024-12-30,2370.0,2460.0,2330.0,2430.0,2430.0,3874800,2.9661,5.4852
ARTO.JK,2025-01-02,2490.0,2490.0,2410.0,2430.0,2430.0,1689300,0.0,3.2129
ARTO.JK,2025-01-03,2430.0,2520.0,2380.0,2500.0,2500.0,4323800,2.8807,5.7613
ARTO.JK,2025-01-06,2510.0,2630.0,2510.0,2550.0,2550.0,4840200,2.0,4.7809
ARTO.JK,2025-01-07,2570.0,2580.0,2490.0,2580.0,2580.0,3191800,1.1765,3.5019
ARTO.JK,2025-01-08,2580.0,2670.0,2560.0,2600.0,2600.0,5765200,0.7752,4.2636
ARTO.JK,2025-01-09,2600.0,2640.0,2540.0,2540.0,2540.0,1904600,-2.3077,3.8462
ARTO.JK,2025-01-10,2550.0,2610.0,2540.0,2550.0,2550.0,2977800,0.3937,2.7451
ARTO.JK,2025-01-13,2550.0,2550.0,2420.0,2440.0,2440.0,2152600,-4.3137,5.098
ARTO.JK,2025-01-14,2440.0,2480.0,2400.0,2440.0,2440.0,1619800,0.0,3.2787
ARTO.JK,2025-01-15,2450.0,2550.0,2450.0,2540.0,2540.0,2938300,4.0984,4.0816
ARTO.JK,2025-01-16,2570.0,2600.0,2520.0,2540.0,2540.0,2165700,0.0,3.1128
ARTO.JK,2025-01-17,2530.0,2560.0,2480.0,2550.0,2550.0,2230500,0.3937,3.1621
ARTO.JK,2025-01-20,2550.0,2590.0,2550.0,2580.0,2580.0,1228400,1.1765,1.5686
ARTO.JK,2025-01-21,2610.0,2640.0,2580.0,2580.0,2580.0,2830100,0.0,2.2989
ARTO.JK,2025-01-22,2580.0,2600.0,2510.0,2510.0,2510.0,3373100,-2.7132,3.4884
ARTO.JK,2025-01-23,2520.0,2600.0,2450.0,2450.0,2450.0,4205900,-2.3904,5.9524
ARTO.JK,2025-01-24,2470.0,2510.0,2350.0,2350.0,2350.0,3983200,-4.0816,6.4777
ARTO.JK,2025-01-30,2350.0,2380.0,2250.0,2250.0,2250.0,3579300,-4.2553,5.5319
ARTO.JK,2025-01-31,2270.0,2320.0,2250.0,2250.0,2250.0,4376400,0.0,3.0837
ARTO.JK,2025-02-03,2260.0,2270.0,2190.0,2200.0,2200.0,4420900,-2.2222,3.5398
ARTO.JK,2025-02-04,2220.0,2280.0,2190.0,2250.0,2250.0,11678900,2.2727,4.0541
ARTO.JK,2025-02-05,2240.0,2240.0,2200.0,2230.0,2230.0,1651700,-0.8889,1.7857
ARTO.JK,2025-02-06,2240.0,2250.0,2140.0,2200.0,2200.0,3920700,-1.3453,4.9107
ARTO.JK,2025-02-07,2200.0,2200.0,2110.0,2120.0,2120.0,3776000,-3.6364,4.0909
ARTO.JK,2025-02-10,2120.0,2140.0,2010.0,2020.0,2020.0,3458500,-4.717,6.1321
ARTO.JK,2025-02-11,2030.0,2040.0,1820.0,1835.0,1835.0,9423800,-9.1584,10.8374
ARTO.JK,2025-02-12,1835.0,1905.0,1810.0,1870.0,1870.0,5595700,1.9074,5.1771
ARTO.JK,2025-02-13,1870.0,1880.0,1815.0,1830.0,1830.0,4996400,-2.139,3.4759
ARTO.JK,2025-02-14,1835.0,1945.0,1835.0,1920.0,1920.0,4657700,4.918,5.9946
ARTO.JK,2025-02-17,1925.0,2010.0,1925.0,1995.0,1995.0,4795700,3.9062,4.4156
ARTO.JK,2025-02-18,2000.0,2040.0,1970.0,1975.0,1975.0,5467000,-1.0025,3.5
ARTO.JK,2025-02-19,1975.0,2000.0,1945.0,1985.0,1985.0,2538500,0.5063,2.7848
ARTO.JK,2025-02-20,1985.0,2100.0,1980.0,2000.0,2000.0,9538100,0.7557,6.0453
ARTO.JK,2025-02-21,2000.0,2030.0,1960.0,2020.0,2020.0,3425600,1.0,3.5
ARTO.JK,2025-02-24,2050.0,2050.0,1950.0,1955.0,1955.0,2059500,-3.2178,4.878
ARTO.JK,2025-02-25,2000.0,2000.0,1880.0,1930.0,1930.0,2119200,-1.2788,6.0
ARTO.JK,2025-02-26,1920.0,1960.0,1855.0,1910.0,1910.0,2148500,-1.0363,5.4688
ARTO.JK,2025-02-27,1910.0,1925.0,1830.0,1895.0,1895.0,2353400,-0.7853,4.9738
ARTO.JK,2025-02-28,1890.0,1890.0,1755.0,1755.0,1755.0,5451500,-7.3879,7.1429
ARTO.JK,2025-03-03,1760.0,1905.0,1760.0,1875.0,1875.0,5270200,6.8376,8.2386
ARTO.JK,2025-03-04,1870.0,1910.0,1810.0,1840.0,1840.0,4434100,-1.8667,5.3476
ARTO.JK,2025-03-05,1870.0,1975.0,1840.0,1890.0,1890.0,3963500,2.7174,7.2193
ARTO.JK,2025-03-06,1890.0,1940.0,1880.0,1880.0,1880.0,4037100,-0.5291,3.1746
ARTO.JK,2025-03-07,1890.0,1945.0,1875.0,1920.0,1920.0,4526100,2.1277,3.7037
ARTO.JK,2025-03-10,1920.0,1945.0,1885.0,1930.0,1930.0,1423300,0.5208,3.125
ARTO.JK,2025-03-11,1900.0,1900.0,1795.0,1800.0,1800.0,6211400,-6.7358,5.5263
ARTO.JK,2025-03-12,1800.0,1825.0,1755.0,1780.0,1780.0,4880500,-1.1111,3.8889
ARTO.JK,2025-03-13,1810.0,1810.0,1705.0,1705.0,1705.0,5712200,-4.2135,5.8011
ARTO.JK,2025-03-14,1705.0,1710.0,1620.0,1635.0,1635.0,6335700,-4.1056,5.2786
ARTO.JK,2025-03-17,1655.0,1655.0,1575.0,1630.0,1630.0,7410500,-0.3058,4.8338
ARTO.JK,2025-03-18,1630.0,1630.0,1225.0,1550.0,1550.0,9992000,-4.908,24.8466
ARTO.JK,2025-03-19,1535.0,1550.0,1470.0,1500.0,1500.0,8817700,-3.2258,5.2117
ARTO.JK,2025-03-20,1500.0,1540.0,1475.0,1475.0,1475.0,5232900,-1.6667,4.3333
ARTO.JK,2025-03-21,1480.0,1485.0,1415.0,1450.0,1450.0,3995800,-1.6949,4.7297
ARTO.JK,2025-03-24,1475.0,1480.0,1355.0,1420.0,1420.0,4499800,-2.069,8.4746
ARTO.JK,2025-03-25,1400.0,1575.0,1400.0,1505.0,1505.0,9410500,5.9859,12.5
ARTO.JK,2025-03-26,1515.0,1610.0,1510.0,1520.0,1520.0,14248700,0.9967,6.6007
ARTO.JK,2025-03-27,1525.0,1540.0,1465.0,1465.0,1465.0,7809100,-3.6184,4.918
ARTO.JK,2025-04-08,1250.0,1305.0,1250.0,1280.0,1280.0,13450900,-12.628,4.4
ARTO.JK,2025-04-09,1260.0,1315.0,1235.0,1280.0,1280.0,6748500,0.0,6.3492
ARTO.JK,2025-04-10,1350.0,1440.0,1350.0,1395.0,1395.0,9007400,8.9844,6.6667
ARTO.JK,2025-04-11,1400.0,1460.0,1385.0,1460.0,1460.0,4512700,4.6595,5.3571
ARTO.JK,2025-04-14,1460.0,1535.0,1460.0,1530.0,1530.0,3422200,4.7945,5.137
ARTO.JK,2025-04-15,1545.0,1580.0,1515.0,1540.0,1540.0,4973000,0.6536,4.2071
ARTO.JK,2025-04-16,1560.0,1570.0,1515.0,1540.0,1540.0,2879400,0.0,3.5256
ARTO.JK,2025-04-17,1540.0,1580.0,1525.0,1565.0,1565.0,1643100,1.6234,3.5714
ARTO.JK,2025-04-21,1600.0,1700.0,1595.0,1675.0,1675.0,7665200,7.0288,6.5625
ARTO.JK,2025-04-22,1675.0,1740.0,1670.0,1735.0,1735.0,7410300,3.5821,4.1791
ARTO.JK,2025-04-23,1740.0,1860.0,1720.0,1860.0,1860.0,9678200,7.2046,8.046
ARTO.JK,2025-04-24,1865.0,1885.0,1765.0,1780.0,1780.0,14143700,-4.3011,6.4343
ARTO.JK,2025-04-25,1785.0,1925.0,1785.0,1920.0,1920.0,14137400,7.8652,7.8431
ARTO.JK,2025-04-28,2010.0,2030.0,1915.0,1940.0,1940.0,13963100,1.0417,5.7214
ARTO.JK,2025-04-29,1970.0,1970.0,1895.0,1900.0,1900.0,13122400,-2.0619,3.8071
ARTO.JK,2025-04-30,1925.0,1930.0,1840.0,1850.0,1850.0,16548900,-2.6316,4.6753
ARTO.JK,2025-05-02,1800.0,1900.0,1800.0,1895.0,1895.0,9198900,2.4324,5.5556
ARTO.JK,2025-05-05,1900.0,1940.0,1900.0,1925.0,1925.0,8456500,1.5831,2.1053
ARTO.JK,2025-05-06,1935.0,1960.0,1915.0,1940.0,1940.0,8516700,0.7792,2.3256
ARTO.JK,2025-05-07,1955.0,1955.0,1895.0,1915.0,1915.0,8688300,-1.2887,3.0691
ARTO.JK,2025-05-08,1920.0,2020.0,1860.0,1880.0,1880.0,27608100,-1.8277,8.3333
ARTO.JK,2025-05-09,1920.0,1920.0,1880.0,1905.0,1905.0,6996900,1.3298,2.0833
ARTO.JK,2025-05-14,1940.0,1975.0,1925.0,1960.0,1960.0,8019100,2.8871,2.5773
ARTO.JK,2025-05-15,1970.0,2020.0,1895.0,1930.0,1930.0,13641000,-1.5306,6.3452
ARTO.JK,2025-05-16,1940.0,1975.0,1930.0,1950.0,1950.0,10974600,1.0363,2.3196
ARTO.JK,2025-05-19,2000.0,2100.0,1970.0,2060.0,2060.0,27489900,5.641,6.5
ARTO.JK,2025-05-20,2070.0,2090.0,2020.0,2060.0,2060.0,13591600,0.0,3.3816
ARTO.JK,2025-05-21,2070.0,2090.0,2000.0,2020.0,2020.0,9153300,-1.9417,4.3478
ARTO.JK,2025-05-22,2040.0,2050.0,1985.0,2020.0,2020.0,9278800,0.0,3.1863
ARTO.JK,2025-05-23,2010.0,2030.0,2000.0,2020.0,2020.0,4489800,0.0,1.4925
ARTO.JK,2025-05-26,2020.0,2030.0,1880.0,1880.0,1880.0,13554400,-6.9307,7.4257
ARTO.JK,2025-05-27,1900.0,1915.0,1850.0,1850.0,1850.0,12553300,-1.5957,3.4211
ARTO.JK,2025-05-28,1850.0,1870.0,1800.0,1830.0,1830.0,8975600,-1.0811,3.7838
ARTO.JK,2025-06-02,1830.0,1895.0,1815.0,1835.0,1835.0,13479400,0.2732,4.3716
ARTO.JK,2025-06-03,1850.0,1860.0,1740.0,1740.0,1740.0,13146400,-5.1771,6.4865
ARTO.JK,2025-06-04,1745.0,1760.0,1655.0,1655.0,1655.0,13284100,-4.8851,6.0172
ARTO.JK,2025-06-05,1655.0,1730.0,1650.0,1665.0,1665.0,9896800,0.6042,4.8338
ARTO.JK,2025-06-10,1675.0,1810.0,1670.0,1775.0,1775.0,15703100,6.6066,8.3582
ARTO.JK,2025-06-11,1780.0,1830.0,1770.0,1820.0,1820.0,9274100,2.5352,3.3708
ARTO.JK,2025-06-12,1830.0,1830.0,1780.0,1780.0,1780.0,4642600,-2.1978,2.7322
ARTO.JK,2025-06-13,1780.0,1780.0,1725.0,1740.0,1740.0,3790900,-2.2472,3.0899
ARTO.JK,2025-06-16,1740.0,1745.0,1700.0,1700.0,1700.0,4081900,-2.2989,2.5862
ARTO.JK,2025-06-17,1715.0,1750.0,1710.0,1730.0,1730.0,4972200,1.7647,2.3324
ARTO.JK,2025-06-18,1740.0,1745.0,1715.0,1735.0,1735.0,2732300,0.289,1.7241
ARTO.JK,2025-06-19,1730.0,1730.0,1670.0,1700.0,1700.0,5248800,-2.0173,3.4682
ARTO.JK,2025-06-20,1695.0,1710.0,1645.0,1685.0,1685.0,5290000,-0.8824,3.8348
ARTO.JK,2025-06-23,1670.0,1670.0,1585.0,1585.0,1585.0,6916200,-5.9347,5.0898
ARTO.JK,2025-06-24,1595.0,1680.0,1595.0,1635.0,1635.0,6773200,3.1546,5.3292
ARTO.JK,2025-06-25,1650.0,1680.0,1635.0,1680.0,1680.0,4198800,2.7523,2.7273
ARTO.JK,2025-06-26,1680.0,1705.0,1640.0,1690.0,1690.0,3606100,0.5952,3.869
ARTO.JK,2025-06-30,1705.0,1795.0,1695.0,1775.0,1775.0,8064200,5.0296,5.8651
ARTO.JK,2025-07-01,1780.0,1830.0,1775.0,1810.0,1810.0,6573400,1.9718,3.0899
ARTO.JK,2025-07-02,1810.0,1815.0,1700.0,1715.0,1715.0,5482600,-5.2486,6.3536
ARTO.JK,2025-07-03,1720.0,1760.0,1710.0,1745.0,1745.0,3167500,1.7493,2.907
ARTO.JK,2025-07-04,1755.0,1775.0,1715.0,1720.0,1720.0,1753200,-1.4327,3.4188
ARTO.JK,2025-07-07,1720.0,1740.0,1680.0,1740.0,1740.0,2903000,1.1628,3.4884
ARTO.JK,2025-07-08,1735.0,1735.0,1685.0,1695.0,1695.0,2612300,-2.5862,2.8818
ARTO.JK,2025-07-09,1720.0,1720.0,1665.0,1670.0,1670.0,4034000,-1.4749,3.1977
ARTO.JK,2025-07-10,1685.0,1730.0,1675.0,1715.0,1715.0,3125700,2.6946,3.2641
ARTO.JK,2025-07-11,1720.0,1810.0,1720.0,1810.0,1810.0,8645800,5.5394,5.2326
ARTO.JK,2025-07-14,1830.0,1840.0,1755.0,1765.0,1765.0,9046900,-2.4862,4.6448
ARTO.JK,2025-07-15,1765.0,1800.0,1750.0,1790.0,1790.0,3296100,1.4164,2.8329
ARTO.JK,2025-07-16,1810.0,1815.0,1780.0,1780.0,1780.0,6411500,-0.5587,1.9337
ARTO.JK,2025-07-17,1785.0,1800.0,1750.0,1760.0,1760.0,5006000,-1.1236,2.8011
ARTO.JK,2025-07-18,1760.0,1780.0,1725.0,1725.0,1725.0,5412400,-1.9886,3.125
ARTO.JK,2025-07-21,1725.0,1775.0,1690.0,1775.0,1775.0,6600400,2.8986,4.9275
ARTO.JK,2025-07-22,1775.0,1780.0,1735.0,1745.0,1745.0,4604300,-1.6901,2.5352
ARTO.JK,2025-07-23,1745.0,1780.0,1735.0,1765.0,1765.0,2181500,1.1461,2.5788
ARTO.JK,2025-07-24,1780.0,1940.0,1760.0,1870.0,1870.0,38894500,5.949,10.1124
ARTO.JK,2025-07-25,1915.0,1925.0,1870.0,1870.0,1870.0,17997800,0.0,2.8721
ARTO.JK,2025-07-28,1900.0,1910.0,1850.0,1870.0,1870.0,8888600,0.0,3.1579
ARTO.JK,2025-07-29,1890.0,1895.0,1850.0,1890.0,1890.0,9679600,1.0695,2.381
ARTO.JK,2025-07-30,1890.0,1940.0,1855.0,1905.0,1905.0,17449200,0.7937,4.4974
ARTO.JK,2025-07-31,1915.0,1915.0,1785.0,1870.0,1870.0,15255400,-1.8373,6.7885
ARTO.JK,2025-08-01,1870.0,1870.0,1840.0,1850.0,1850.0,5590500,-1.0695,1.6043
ARTO.JK,2025-08-04,1855.0,1870.0,1815.0,1840.0,1840.0,7279600,-0.5405,2.965
ARTO.JK,2025-08-05,1845.0,1920.0,1845.0,1885.0,1885.0,11880100,2.4457,4.065
ARTO.JK,2025-08-06,1885.0,1900.0,1855.0,1890.0,1890.0,6979800,0.2653,2.3873
ARTO.JK,2025-08-07,1890.0,1905.0,1870.0,1890.0,1890.0,6146200,0.0,1.8519
ARTO.JK,2025-08-08,1885.0,1895.0,1855.0,1860.0,1860.0,6700800,-1.5873,2.122
ARTO.JK,2025-08-11,1870.0,2020.0,1870.0,2000.0,2000.0,28077400,7.5269,8.0214
ARTO.JK,2025-08-12,2010.0,2380.0,1975.0,2200.0,2200.0,84608800,10.0,20.1493
ARTO.JK,2025-08-13,2240.0,2400.0,2160.0,2160.0,2160.0,46714600,-1.8182,10.7143
ARTO.JK,2025-08-14,2170.0,2250.0,2100.0,2210.0,2210.0,20037100,2.3148,6.9124
ARTO.JK,2025-08-15,2230.0,2240.0,2180.0,2180.0,2180.0,8969300,-1.3575,2.6906
ARTO.JK,2025-08-19,2180.0,2240.0,2150.0,2170.0,2170.0,10182500,-0.4587,4.1284
ARTO.JK,2025-08-20,2180.0,2290.0,2170.0,2270.0,2270.0,26249400,4.6083,5.5046
ARTO.JK,2025-08-21,2260.0,2300.0,2200.0,2210.0,2210.0,8754200,-2.6432,4.4248
ARTO.JK,2025-08-22,2220.0,2330.0,2200.0,2210.0,2210.0,22245200,0.0,5.8559
ARTO.JK,2025-08-25,2230.0,2340.0,2220.0,2290.0,2290.0,20864900,3.6199,5.3812
ARTO.JK,2025-08-26,2310.0,2310.0,2250.0,2270.0,2270.0,10640700,-0.8734,2.5974
ARTO.JK,2025-08-27,2270.0,2290.0,2210.0,2260.0,2260.0,7259800,-0.4405,3.5242
ARTO.JK,2025-08-28,2310.0,2440.0,2310.0,2350.0,2350.0,20127500,3.9823,5.6277
ARTO.JK,2025-08-29,2300.0,2310.0,2120.0,2270.0,2270.0,23574900,-3.4043,8.2609
ARTO.JK,2025-09-01,2140.0,2230.0,2070.0,2170.0,2170.0,7953200,-4.4053,7.4766
ARTO.JK,2025-09-02,2190.0,2290.0,2190.0,2200.0,2200.0,8413700,1.3825,4.5662
ARTO.JK,2025-09-03,2200.0,2240.0,2180.0,2190.0,2190.0,4257800,-0.4545,2.7273
ARTO.JK,2025-09-04,2210.0,2220.0,2150.0,2170.0,2170.0,4567700,-0.9132,3.1674
ARTO.JK,2025-09-08,2190.0,2200.0,1990.0,2000.0,2000.0,11045100,-7.8341,9.589
ARTO.JK,2025-09-09,2000.0,2050.0,1920.0,1970.0,1970.0,11458900,-1.5,6.5
ARTO.JK,2025-09-10,1980.0,2130.0,1980.0,2110.0,2110.0,11087200,7.1066,7.5758
ARTO.JK,2025-09-11,2150.0,2220.0,2130.0,2130.0,2130.0,13931900,0.9479,4.186
ARTO.JK,2025-09-12,2160.0,2180.0,2100.0,2120.0,2120.0,5942500,-0.4695,3.7037
ARTO.JK,2025-09-15,2150.0,2170.0,2110.0,2140.0,2140.0,3725200,0.9434,2.7907
ARTO.JK,2025-09-16,2160.0,2170.0,2110.0,2160.0,2160.0,5129200,0.9346,2.7778
ARTO.JK,2025-09-17,2160.0,2300.0,2150.0,2280.0,2280.0,17645600,5.5556,6.9444
ARTO.JK,2025-09-18,2300.0,2310.0,2200.0,2210.0,2210.0,9036900,-3.0702,4.7826
ARTO.JK,2025-09-19,2220.0,2240.0,2130.0,2240.0,2240.0,7997100,1.3575,4.955
ARTO.JK,2025-09-22,2230.0,2240.0,2130.0,2140.0,2140.0,6791500,-4.4643,4.9327
ARTO.JK,2025-09-23,2140.0,2190.0,2130.0,2140.0,2140.0,3320000,0.0,2.8037
ARTO.JK,2025-09-24,2140.0,2150.0,2030.0,2100.0,2100.0,10841000,-1.8692,5.6075
ARTO.JK,2025-09-25,2100.0,2160.0,2060.0,2080.0,2080.0,3736500,-0.9524,4.7619
ARTO.JK,2025-09-26,2080.0,2180.0,2050.0,2150.0,2150.0,7675600,3.3654,6.25
ARTO.JK,2025-09-29,2150.0,2220.0,2100.0,2210.0,2210.0,12241000,2.7907,5.5814
ARTO.JK,2025-09-30,2210.0,2210.0,2120.0,2130.0,2130.0,7623900,-3.6199,4.0724
ARTO.JK,2025-10-01,2140.0,2220.0,2110.0,2150.0,2150.0,14700100,0.939,5.1402
ARTO.JK,2025-10-02,2190.0,2340.0,2170.0,2200.0,2200.0,41722900,2.3256,7.7626
ARTO.JK,2025-10-03,2200.0,2200.0,2060.0,2180.0,2180.0,29000000,-0.9091,6.3636
ARTO.JK,2025-10-06,2180.0,2180.0,2120.0,2130.0,2130.0,7395300,-2.2936,2.7523
ARTO.JK,2025-10-07,2130.0,2160.0,2080.0,2090.0,2090.0,10145400,-1.8779,3.7559
ARTO.JK,2025-10-08,2080.0,2120.0,2000.0,2080.0,2080.0,9374500,-0.4785,5.7692
ARTO.JK,2025-10-09,2080.0,2200.0,2040.0,2160.0,2160.0,12384900,3.8462,7.6923
ARTO.JK,2025-10-10,2180.0,2180.0,2070.0,2100.0,2100.0,6799800,-2.7778,5.0459
ARTO.JK,2025-10-13,2070.0,2110.0,2040.0,2110.0,2110.0,5934500,0.4762,3.3816
ARTO.JK,2025-10-14,2150.0,2150.0,2000.0,2010.0,2010.0,7161900,-4.7393,6.9767
ARTO.JK,2025-10-15,2010.0,2060.0,1950.0,2060.0,2060.0,7018400,2.4876,5.4726
ARTO.JK,2025-10-16,2070.0,2090.0,2030.0,2050.0,2050.0,3131900,-0.4854,2.8986
ARTO.JK,2025-10-17,2050.0,2050.0,1945.0,1950.0,1950.0,12712000,-4.878,5.122
ARTO.JK,2025-10-20,1965.0,2060.0,1965.0,2020.0,2020.0,6181700,3.5897,4.8346
ARTO.JK,2025-10-21,2020.0,2070.0,1995.0,2020.0,2020.0,9718800,0.0,3.7129
ARTO.JK,2025-10-22,2020.0,2060.0,1995.0,2020.0,2020.0,7411500,0.0,3.2178
ARTO.JK,2025-10-23,2020.0,2100.0,2020.0,2080.0,2080.0,9413100,2.9703,3.9604
ARTO.JK,2025-10-24,2110.0,2150.0,2060.0,2060.0,2060.0,9121900,-0.9615,4.2654
ARTO.JK,2025-10-27,2070.0,2170.0,2060.0,2160.0,2160.0,17079600,4.8544,5.314
ARTO.JK,2025-10-28,2200.0,2330.0,2130.0,2300.0,2300.0,38179400,6.4815,9.0909
ARTO.JK,2025-10-29,2320.0,2380.0,2200.0,2360.0,2360.0,30868100,2.6087,7.7586
ARTO.JK,2025-10-30,2380.0,2390.0,2210.0,2250.0,2250.0,21720000,-4.661,7.563
ARTO.JK,2025-10-31,2220.0,2260.0,2180.0,2190.0,2190.0,15715100,-2.6667,3.6036
ARTO.JK,2025-11-03,2200.0,2260.0,2200.0,2210.0,2210.0,9437400,0.9132,2.7273
ARTO.JK,2025-11-04,2200.0,2250.0,2110.0,2130.0,2130.0,17238100,-3.6199,6.3636
ARTO.JK,2025-11-05,2130.0,2160.0,2080.0,2110.0,2110.0,9250200,-0.939,3.7559
ARTO.JK,2025-11-06,2120.0,2140.0,2080.0,2090.0,2090.0,8446100,-0.9479,2.8302
ARTO.JK,2025-11-07,2090.0,2160.0,2080.0,2150.0,2150.0,9176500,2.8708,3.8278
ARTO.JK,2025-11-10,2190.0,2230.0,2150.0,2200.0,2200.0,10989100,2.3256,3.653
ARTO.JK,2025-11-11,2200.0,2210.0,2080.0,2090.0,2090.0,11601600,-5.0,5.9091
ARTO.JK,2025-11-12,2090.0,2100.0,2010.0,2010.0,2010.0,21987900,-3.8278,4.3062
ARTO.JK,2025-11-13,2020.0,2040.0,2000.0,2030.0,2030.0,8158000,0.995,1.9802
ARTO.JK,2025-11-14,2010.0,2040.0,2010.0,2020.0,2020.0,4751200,-0.4926,1.4925
ARTO.JK,2025-11-17,2030.0,2070.0,2010.0,2010.0,2010.0,8768000,-0.495,2.9557
ARTO.JK,2025-11-18,2020.0,2030.0,1970.0,1980.0,1980.0,9646100,-1.4925,2.9703
ARTO.JK,2025-11-19,1985.0,2000.0,1960.0,1960.0,1960.0,8867100,-1.0101,2.0151
ARTO.JK,2025-11-20,1965.0,2000.0,1965.0,1980.0,1980.0,5676500,1.0204,1.7812
ARTO.JK,2025-11-21,1985.0,1990.0,1945.0,1950.0,1950.0,9626700,-1.5152,2.267
ARTO.JK,2025-11-24,1955.0,2020.0,1955.0,1975.0,1975.0,18156500,1.2821,3.3248
ARTO.JK,2025-11-25,2000.0,2020.0,1980.0,1995.0,1995.0,10612500,1.0127,2.0
ARTO.JK,2025-11-26,2030.0,2030.0,1980.0,2000.0,2000.0,6809600,0.2506,2.4631
ARTO.JK,2025-11-27,2010.0,2170.0,2000.0,2090.0,2090.0,54006900,4.5,8.4577
ARTO.JK,2025-11-28,2120.0,2140.0,2030.0,2030.0,2030.0,14761900,-2.8708,5.1887
ARTO.JK,2025-12-01,2030.0,2060.0,2010.0,2010.0,2010.0,7383800,-0.9852,2.4631
ARTO.JK,2025-12-02,2010.0,2090.0,2010.0,2070.0,2070.0,8635500,2.9851,3.9801
ARTO.JK,2025-12-03,2100.0,2130.0,2070.0,2100.0,2100.0,17547400,1.4493,2.8571
ARTO.JK,2025-12-04,2110.0,2120.0,2060.0,2070.0,2070.0,4313700,-1.4286,2.8436
ARTO.JK,2025-12-05,2070.0,2100.0,2040.0,2070.0,2070.0,4563700,0.0,2.8986
ARTO.JK,2025-12-08,2080.0,2100.0,2070.0,2100.0,2100.0,7454700,1.4493,1.4423
ARTO.JK,2025-12-09,2100.0,2120.0,2040.0,2050.0,2050.0,6384600,-2.381,3.8095
ARTO.JK,2025-12-10,2050.0,2100.0,2030.0,2080.0,2080.0,9004700,1.4634,3.4146
ARTO.JK,2025-12-11,2090.0,2160.0,2010.0,2050.0,2050.0,24348800,-1.4423,7.177
ARTO.JK,2025-12-12,2070.0,2070.0,2000.0,2000.0,2000.0,7759200,-2.439,3.3816
ARTO.JK,2025-12-15,2000.0,2220.0,2000.0,2220.0,2220.0,54620100,11.0,11.0
ARTO.JK,2025-12-16,2200.0,2200.0,2080.0,2140.0,2140.0,23038900,-3.6036,5.4545
ARTO.JK,2025-12-17,2140.0,2140.0,2010.0,2030.0,2030.0,21685900,-5.1402,6.0748
ARTO.JK,2025-12-18,2030.0,2060.0,2000.0,2000.0,2000.0,13350200,-1.4778,2.9557
ARTO.JK,2025-12-19,2020.0,2040.0,1950.0,1960.0,1960.0,14487400,-2.0,4.4554
ARTO.JK,2025-12-22,1980.0,1990.0,1960.0,1965.0,1965.0,6824000,0.2551,1.5152
ARTO.JK,2025-12-23,1980.0,2010.0,1965.0,1965.0,1965.0,6642300,0.0,2.2727
ARTO.JK,2025-12-24,1970.0,1990.0,1945.0,1980.0,1980.0,7622400,0.7634,2.2843
ARTO.JK,2025-12-29,1980.0,1985.0,1965.0,1965.0,1965.0,4428300,-0.7576,1.0101
ARTO.JK,2025-12-30,1975.0,2020.0,1965.0,1975.0,1975.0,7419100,0.5089,2.7848
ARTO.JK,2026-01-02,1975.0,1980.0,1955.0,1970.0,1970.0,4834300,-0.2532,1.2658
ARTO.JK,2026-01-05,1965.0,2000.0,1950.0,1995.0,1995.0,7833500,1.269,2.5445
ARTO.JK,2026-01-06,2000.0,2030.0,1995.0,2020.0,2020.0,9027200,1.2531,1.75
ARTO.JK,2026-01-07,2020.0,2030.0,1975.0,1985.0,1985.0,9286100,-1.7327,2.7228
ARTO.JK,2026-01-08,2030.0,2030.0,1970.0,1980.0,1980.0,4331200,-0.2519,2.9557
ARTO.JK,2026-01-09,1990.0,2000.0,1970.0,1975.0,1975.0,2888200,-0.2525,1.5075
ARTO.JK,2026-01-12,1980.0,1985.0,1940.0,1945.0,1945.0,8188500,-1.519,2.2727
ARTO.JK,2026-01-13,1945.0,1945.0,1900.0,1900.0,1900.0,13663200,-2.3136,2.3136
ARTO.JK,2026-01-14,1900.0,1915.0,1870.0,1890.0,1890.0,7036800,-0.5263,2.3684
ARTO.JK,2026-01-15,1890.0,1950.0,1880.0,1905.0,1905.0,8652300,0.7937,3.7037
ARTO.JK,2026-01-19,1905.0,1970.0,1895.0,1910.0,1910.0,8615600,0.2625,3.937
ARTO.JK,2026-01-20,1910.0,1935.0,1910.0,1910.0,1910.0,4748100,0.0,1.3089
ARTO.JK,2026-01-21,1915.0,1930.0,1900.0,1930.0,1930.0,2975400,1.0471,1.5666
ARTO.JK,2026-01-22,1930.0,1940.0,1900.0,1925.0,1925.0,4570300,-0.2591,2.0725
ARTO.JK,2026-01-23,1940.0,1940.0,1890.0,1910.0,1910.0,3352600,-0.7792,2.5773
ARTO.JK,2026-01-26,1910.0,1925.0,1870.0,1870.0,1870.0,5832900,-2.0942,2.8796
ARTO.JK,2026-01-27,1870.0,1890.0,1845.0,1855.0,1855.0,3442200,-0.8021,2.4064
ARTO.JK,2026-01-28,1840.0,1840.0,1590.0,1670.0,1670.0,17257300,-9.973,13.587
ARTO.JK,2026-01-29,1670.0,1805.0,1500.0,1700.0,1700.0,18053000,1.7964,18.2635
ARTO.JK,2026-01-30,1715.0,1760.0,1665.0,1700.0,1700.0,15444100,0.0,5.5394
ARTO.JK,2026-02-02,1700.0,1710.0,1605.0,1620.0,1620.0,5824100,-4.7059,6.1765
ARTO.JK,2026-02-03,1650.0,1670.0,1600.0,1630.0,1630.0,13085100,0.6173,4.2424
ARTO.JK,2026-02-04,1640.0,1655.0,1610.0,1630.0,1630.0,5883600,0.0,2.7439
ARTO.JK,2026-02-05,1635.0,1715.0,1635.0,1700.0,1700.0,22011500,4.2945,4.893
ARTO.JK,2026-02-06,1690.0,1740.0,1640.0,1710.0,1710.0,15289400,0.5882,5.9172
ARTO.JK,2026-02-09,1710.0,1720.0,1665.0,1670.0,1670.0,2979900,-2.3392,3.2164
ARTO.JK,2026-02-10,1665.0,1695.0,1665.0,1685.0,1685.0,2469700,0.8982,1.8018
ARTO.JK,2026-02-11,1685.0,1735.0,1680.0,1730.0,1730.0,3476200,2.6706,3.2641
ARTO.JK,2026-02-12,1730.0,1730.0,1705.0,1710.0,1710.0,2442300,-1.1561,1.4451
ARTO.JK,2026-02-13,1710.0,1720.0,1665.0,1670.0,1670.0,4948400,-2.3392,3.2164
ARTO.JK,2026-02-18,1670.0,1710.0,1670.0,1690.0,1690.0,4839800,1.1976,2.3952
ARTO.JK,2026-02-19,1695.0,1695.0,1645.0,1645.0,1645.0,5901000,-2.6627,2.9499
ARTO.JK,2026-02-20,1650.0,1660.0,1635.0,1635.0,1635.0,3060200,-0.6079,1.5152
ARTO.JK,2026-02-23,1640.0,1665.0,1635.0,1660.0,1660.0,2751000,1.5291,1.8293
ARTO.JK,2026-02-24,1660.0,1665.0,1615.0,1620.0,1620.0,7588000,-2.4096,3.012
ARTO.JK,2026-02-25,1630.0,1640.0,1610.0,1635.0,1635.0,2589500,0.9259,1.8405
ARTO.JK,2026-02-26,1640.0,1650.0,1600.0,1605.0,1605.0,8805400,-1.8349,3.0488
ARTO.JK,2026-02-27,1605.0,1620.0,1590.0,1590.0,1590.0,4835300,-0.9346,1.8692
ARTO.JK,2026-03-02,1585.0,1590.0,1455.0,1500.0,1500.0,9646500,-5.6604,8.5174
ARTO.JK,2026-03-03,1500.0,1515.0,1430.0,1450.0,1450.0,5270300,-3.3333,5.6667
ARTO.JK,2026-03-04,1445.0,1445.0,1340.0,1360.0,1360.0,7294700,-6.2069,7.2664
ARTO.JK,2026-03-05,1360.0,1420.0,1360.0,1415.0,1415.0,3248200,4.0441,4.4118
ARTO.JK,2026-03-06,1415.0,1425.0,1355.0,1380.0,1380.0,1933300,-2.4735,4.947
ARTO.JK,2026-03-09,1370.0,1370.0,1300.0,1330.0,1330.0,7646600,-3.6232,5.1095
ARTO.JK,2026-03-10,1330.0,1520.0,1330.0,1500.0,1500.0,8231700,12.782,14.2857
ARTO.JK,2026-03-11,1500.0,1575.0,1450.0,1535.0,1535.0,7119200,2.3333,8.3333
ARTO.JK,2026-03-12,1535.0,1540.0,1435.0,1435.0,1435.0,3451300,-6.5147,6.8404
ARTO.JK,2026-03-13,1435.0,1475.0,1420.0,1435.0,1435.0,1129600,0.0,3.8328
ARTO.JK,2026-03-16,1435.0,1435.0,1350.0,1360.0,1360.0,2626100,-5.2265,5.9233
ARTO.JK,2026-03-17,1390.0,1400.0,1375.0,1385.0,1385.0,1554900,1.8382,1.7986
ARTO.JK,2026-03-25,1385.0,1415.0,1350.0,1400.0,1400.0,1289000,1.083,4.6931
ARTO.JK,2026-03-26,1405.0,1420.0,1375.0,1385.0,1385.0,697100,-1.0714,3.2028
ARTO.JK,2026-03-27,1385.0,1400.0,1370.0,1375.0,1375.0,600400,-0.722,2.1661
ARTO.JK,2026-03-30,1350.0,1370.0,1330.0,1350.0,1350.0,1218500,-1.8182,2.963
ARTO.JK,2026-03-31,1350.0,1370.0,1315.0,1320.0,1320.0,2081400,-2.2222,4.0741
ARTO.JK,2026-04-01,1340.0,1375.0,1315.0,1320.0,1320.0,3868400,0.0,4.4776
ARTO.JK,2026-04-02,1320.0,1340.0,1295.0,1295.0,1295.0,2234600,-1.8939,3.4091
ARTO.JK,2026-04-06,1300.0,1310.0,1280.0,1300.0,1300.0,1138400,0.3861,2.3077
ARTO.JK,2026-04-07,1305.0,1320.0,1295.0,1310.0,1310.0,1003300,0.7692,1.9157
ARTO.JK,2026-04-08,1330.0,1385.0,1330.0,1365.0,1365.0,2070700,4.1985,4.1353
ARTO.JK,2026-04-09,1370.0,1410.0,1350.0,1410.0,1410.0,2279700,3.2967,4.3796
ARTO.JK,2026-04-10,1410.0,1475.0,1400.0,1425.0,1425.0,1955400,1.0638,5.3191
ARTO.JK,2026-04-13,1425.0,1435.0,1385.0,1425.0,1425.0,1090800,0.0,3.5088
ARTO.JK,2026-04-14,1435.0,1445.0,1410.0,1425.0,1425.0,2752400,0.0,2.439
ARTO.JK,2026-04-15,1425.0,1460.0,1410.0,1415.0,1415.0,2453700,-0.7018,3.5088
ARTO.JK,2026-04-16,1415.0,1530.0,1410.0,1450.0,1450.0,6946700,2.4735,8.4806
ARTO.JK,2026-04-17,1460.0,1460.0,1410.0,1420.0,1420.0,3020100,-2.069,3.4247
ARTO.JK,2026-04-20,1420.0,1420.0,1365.0,1370.0,1370.0,4568100,-3.5211,3.8732
ARTO.JK,2026-04-21,1350.0,1395.0,1350.0,1375.0,1375.0,1942300,0.365,3.3333
ARTO.JK,2026-04-22,1380.0,1405.0,1375.0,1390.0,1390.0,3084500,1.0909,2.1739
ARTO.JK,2026-04-23,1395.0,1420.0,1355.0,1355.0,1355.0,3729300,-2.518,4.6595
ARTO.JK,2026-04-24,1360.0,1365.0,1280.0,1300.0,1300.0,4455300,-4.059,6.25
ARTO.JK,2026-04-27,1310.0,1315.0,1285.0,1290.0,1290.0,2130500,-0.7692,2.2901
ARTO.JK,2026-04-28,1295.0,1325.0,1285.0,1320.0,1320.0,6155900,2.3256,3.0888
ARTO.JK,2026-04-29,1325.0,1465.0,1315.0,1425.0,1425.0,29494700,7.9545,11.3208
ARTO.JK,2026-04-30,1425.0,1430.0,1290.0,1305.0,1305.0,13882700,-8.4211,9.8246
ARTO.JK,2026-05-04,1310.0,1310.0,1225.0,1250.0,1250.0,9927700,-4.2146,6.4885
ARTO.JK,2026-05-05,1255.0,1275.0,1235.0,1245.0,1245.0,4238700,-0.4,3.1873
ARTO.JK,2026-05-06,1250.0,1265.0,1230.0,1235.0,1235.0,4537600,-0.8032,2.8
ARTO.JK,2026-05-07,1240.0,1280.0,1235.0,1270.0,1270.0,7057900,2.834,3.629
ARTO.JK,2026-05-08,1285.0,1290.0,1235.0,1245.0,1245.0,5428900,-1.9685,4.2802
ARTO.JK,2026-05-11,1245.0,1250.0,1215.0,1215.0,1215.0,3901600,-2.4096,2.8112
ARTO.JK,2026-05-12,1220.0,1240.0,1205.0,1220.0,1220.0,2902500,0.4115,2.8689
ARTO.JK,2026-05-13,1215.0,1220.0,1205.0,1210.0,1210.0,2034600,-0.8197,1.2346
ARTO.JK,2026-05-14,1210.0,1210.0,1210.0,1210.0,1210.0,0,0.0,0.0
ARTO.JK,2026-05-15,1210.0,1210.0,1210.0,1210.0,1210.0,0,0.0,0.0
ARTO.JK,2026-05-18,1200.0,1205.0,1130.0,1170.0,1170.0,3428600,-3.3058,6.25
ARTO.JK,2026-05-19,1170.0,1215.0,1135.0,1135.0,1135.0,3904900,-2.9915,6.8376
ARTO.JK,2026-05-20,1130.0,1145.0,1080.0,1145.0,1145.0,4536200,0.8811,5.7522
ARTO.JK,2026-05-21,1145.0,1180.0,1100.0,1115.0,1115.0,4528000,-2.6201,6.9869
ARTO.JK,2026-05-22,1090.0,1130.0,1090.0,1130.0,1130.0,1545500,1.3453,3.6697
ARTO.JK,2026-05-25,1150.0,1160.0,1130.0,1150.0,1150.0,1924900,1.7699,2.6087
ARTO.JK,2026-05-26,1150.0,1160.0,1125.0,1145.0,1145.0,1222100,-0.4348,3.0435
ARTO.JK,2026-05-27,1145.0,1145.0,1145.0,1145.0,1145.0,0,0.0,0.0
ARTO.JK,2026-05-28,1145.0,1145.0,1145.0,1145.0,1145.0,0,0.0,0.0
ARTO.JK,2026-05-29,1120.0,1180.0,1100.0,1180.0,1180.0,9262000,3.0568,7.1429
ARTO.JK,2026-06-02,1180.0,1180.0,1145.0,1160.0,1160.0,1928700,-1.6949,2.9661
ARTO.JK,2026-06-03,1165.0,1185.0,1075.0,1090.0,1090.0,3529700,-6.0345,9.4421
ARTO.JK,2026-06-04,1090.0,1095.0,995.0,1035.0,1035.0,4402300,-5.0459,9.1743
ARTO.JK,2026-06-05,1020.0,1020.0,930.0,930.0,930.0,4200200,-10.1449,8.8235
ARTO.JK,2026-06-08,930.0,930.0,805.0,805.0,805.0,11607800,-13.4409,13.4409
ARTO.JK,2026-06-09,740.0,940.0,740.0,940.0,940.0,12064100,16.7702,27.027
ARTO.JK,2026-06-10,990.0,1010.0,950.0,970.0,970.0,11406800,3.1915,6.0606
ARTO.JK,2026-06-11,970.0,1035.0,940.0,970.0,970.0,7660300,0.0,9.7938
ARTO.JK,2026-06-12,970.0,1020.0,970.0,1010.0,1010.0,5680900,4.1237,5.1546
ARTO.JK,2026-06-15,1025.0,1080.0,1020.0,1025.0,1025.0,4800900,1.4851,5.8537
ARTO.JK,2026-06-17,1030.0,1035.0,985.0,1000.0,1000.0,5211600,-2.439,4.8544
ARTO.JK,2026-06-18,1025.0,1025.0,975.0,995.0,995.0,1140500,-0.5,4.878
ARTO.JK,2026-06-19,1000.0,1020.0,970.0,970.0,970.0,20410100,-2.5126,5.0
ARTO.JK,2026-06-22,975.0,990.0,920.0,935.0,935.0,4768500,-3.6082,7.1795
ARTO.JK,2026-06-23,935.0,935.0,895.0,930.0,930.0,10814500,-0.5348,4.2781
ARTO.JK,2026-06-24,950.0,960.0,870.0,870.0,870.0,7434200,-6.4516,9.4737
ARTO.JK,2026-06-25,880.0,945.0,880.0,920.0,920.0,6946300,5.7471,7.3864
ARTO.JK,2026-06-26,905.0,930.0,900.0,905.0,905.0,4967700,-1.6304,3.3149
ARTO.JK,2026-06-29,905.0,940.0,890.0,905.0,905.0,2726000,0.0,5.5249
ARTO.JK,2026-06-30,905.0,965.0,860.0,965.0,965.0,8220600,6.6298,11.6022
ARTO.JK,2026-07-01,960.0,965.0,920.0,925.0,925.0,2105000,-4.1451,4.6875
ARTO.JK,2026-07-02,930.0,950.0,925.0,940.0,940.0,2260300,1.6216,2.6882
ARTO.JK,2026-07-03,940.0,980.0,915.0,920.0,920.0,3723500,-2.1277,6.9149
CUAN.JK,2024-07-03,970.0,1000.0,970.0,992.5,992.5,76187000,,3.0928
CUAN.JK,2024-07-04,995.0,1007.5,980.0,990.0,990.0,92325000,-0.2519,2.7638
CUAN.JK,2024-07-05,995.0,1015.0,955.0,965.0,965.0,96198000,-2.5253,6.0302
CUAN.JK,2024-07-08,965.0,965.0,905.0,910.0,910.0,120546000,-5.6995,6.2176
CUAN.JK,2024-07-09,910.0,942.5,907.5,910.0,910.0,79833000,0.0,3.8462
CUAN.JK,2024-07-10,912.5,935.0,900.0,915.0,915.0,60076000,0.5495,3.8356
CUAN.JK,2024-07-11,920.0,937.5,905.0,915.0,915.0,73504000,0.0,3.5326
CUAN.JK,2024-07-12,917.5,925.0,900.0,905.0,905.0,57026000,-1.0929,2.7248
CUAN.JK,2024-07-15,915.0,932.5,900.0,900.0,900.0,59206000,-0.5525,3.5519
CUAN.JK,2024-07-16,900.0,905.0,855.0,860.0,860.0,91079000,-4.4444,5.5556
CUAN.JK,2024-07-17,860.0,867.5,827.5,842.5,842.5,56635000,-2.0349,4.6512
CUAN.JK,2024-07-18,845.0,895.0,832.5,890.0,890.0,75183000,5.638,7.3964
CUAN.JK,2024-07-19,892.5,905.0,872.5,885.0,885.0,45398000,-0.5618,3.6415
CUAN.JK,2024-07-22,892.5,905.0,882.5,885.0,885.0,36645000,0.0,2.521
CUAN.JK,2024-07-23,885.0,897.5,880.0,880.0,880.0,30590000,-0.565,1.9774
CUAN.JK,2024-07-24,880.0,917.5,880.0,882.5,882.5,63525000,0.2841,4.2614
CUAN.JK,2024-07-25,872.5,882.5,850.0,857.5,857.5,41287000,-2.8329,3.7249
CUAN.JK,2024-07-26,860.0,872.5,840.0,860.0,860.0,26125000,0.2915,3.7791
CUAN.JK,2024-07-29,862.5,875.0,852.5,852.5,852.5,26265000,-0.8721,2.6087
CUAN.JK,2024-07-30,857.5,862.5,842.5,847.5,847.5,22687000,-0.5865,2.3324
CUAN.JK,2024-07-31,865.0,872.5,842.5,847.5,847.5,31624000,0.0,3.4682
CUAN.JK,2024-08-01,847.5,857.5,845.0,847.5,847.5,18453000,0.0,1.4749
CUAN.JK,2024-08-02,847.5,852.5,832.5,837.5,837.5,24592000,-1.1799,2.3599
CUAN.JK,2024-08-05,835.0,837.5,740.0,750.0,750.0,98217000,-10.4478,11.6766
CUAN.JK,2024-08-06,750.0,790.0,747.5,775.0,775.0,58097000,3.3333,5.6667
CUAN.JK,2024-08-07,780.0,817.5,772.5,787.5,787.5,61602000,1.6129,5.7692
CUAN.JK,2024-08-08,787.5,800.0,775.0,780.0,780.0,23128000,-0.9524,3.1746
CUAN.JK,2024-08-09,782.5,795.0,777.5,780.0,780.0,16496000,0.0,2.2364
CUAN.JK,2024-08-12,780.0,805.0,780.0,792.5,792.5,29110000,1.6026,3.2051
CUAN.JK,2024-08-13,792.5,820.0,787.5,810.0,810.0,49712000,2.2082,4.1009
CUAN.JK,2024-08-14,817.5,832.5,810.0,825.0,825.0,47183000,1.8519,2.7523
CUAN.JK,2024-08-15,827.5,832.5,802.5,802.5,802.5,29242000,-2.7273,3.6254
CUAN.JK,2024-08-16,805.0,820.0,800.0,805.0,805.0,23756000,0.3115,2.4845
CUAN.JK,2024-08-19,807.5,830.0,805.0,810.0,810.0,41407000,0.6211,3.096
CUAN.JK,2024-08-20,817.5,830.0,815.0,817.5,817.5,25536000,0.9259,1.8349
CUAN.JK,2024-08-21,817.5,825.0,807.5,810.0,810.0,31050000,-0.9174,2.1407
CUAN.JK,2024-08-22,807.5,812.5,782.5,785.0,785.0,49365000,-3.0864,3.7152
CUAN.JK,2024-08-23,790.0,800.0,785.0,792.5,792.5,17497000,0.9554,1.8987
CUAN.JK,2024-08-26,797.5,827.5,795.0,805.0,805.0,58066000,1.5773,4.0752
CUAN.JK,2024-08-27,810.0,812.5,790.0,805.0,805.0,40956000,0.0,2.7778
CUAN.JK,2024-08-28,810.0,950.0,800.0,937.5,937.5,340504000,16.4596,18.5185
CUAN.JK,2024-08-29,947.5,1020.0,930.0,945.0,945.0,546199000,0.8,9.4987
CUAN.JK,2024-08-30,950.0,985.0,942.5,950.0,950.0,105468000,0.5291,4.4737
CUAN.JK,2024-09-02,960.0,982.5,907.5,932.5,932.5,118711000,-1.8421,7.8125
CUAN.JK,2024-09-03,935.0,937.5,882.5,887.5,887.5,100232000,-4.8257,5.8824
CUAN.JK,2024-09-04,885.0,917.5,860.0,902.5,902.5,87104000,1.6901,6.4972
CUAN.JK,2024-09-05,902.5,910.0,880.0,882.5,882.5,51058000,-2.2161,3.3241
CUAN.JK,2024-09-06,887.5,915.0,882.5,890.0,890.0,58709000,0.8499,3.662
CUAN.JK,2024-09-09,890.0,900.0,870.0,890.0,890.0,37753000,0.0,3.3708
CUAN.JK,2024-09-10,892.5,925.0,890.0,910.0,910.0,128448000,2.2472,3.9216
CUAN.JK,2024-09-11,915.0,935.0,910.0,922.5,922.5,91172000,1.3736,2.7322
CUAN.JK,2024-09-12,925.0,927.5,892.5,892.5,892.5,64385000,-3.252,3.7838
CUAN.JK,2024-09-13,895.0,907.5,882.5,887.5,887.5,43442000,-0.5602,2.7933
CUAN.JK,2024-09-17,887.5,902.5,882.5,890.0,890.0,39225000,0.2817,2.2535
CUAN.JK,2024-09-18,892.5,905.0,880.0,880.0,880.0,38176000,-1.1236,2.8011
CUAN.JK,2024-09-19,882.5,900.0,875.0,885.0,885.0,53562000,0.5682,2.8329
CUAN.JK,2024-09-20,860.0,860.0,710.0,725.0,725.0,545882000,-18.0791,17.4419
CUAN.JK,2024-09-23,725.0,780.0,715.0,770.0,770.0,85295000,6.2069,8.9655
CUAN.JK,2024-09-24,780.0,825.0,775.0,805.0,805.0,116878000,4.5455,6.4103
CUAN.JK,2024-09-25,810.0,822.5,790.0,795.0,795.0,57477000,-1.2422,4.0123
CUAN.JK,2024-09-26,795.0,815.0,795.0,800.0,800.0,41934000,0.6289,2.5157
CUAN.JK,2024-09-27,810.0,810.0,757.5,790.0,790.0,52280000,-1.25,6.4815
CUAN.JK,2024-09-30,782.5,790.0,747.5,750.0,750.0,32419000,-5.0633,5.4313
CUAN.JK,2024-10-01,752.5,777.5,750.0,765.0,765.0,25104000,2.0,3.6545
CUAN.JK,2024-10-02,765.0,770.0,725.0,745.0,745.0,41827000,-2.6144,5.8824
CUAN.JK,2024-10-03,760.0,760.0,717.5,727.5,727.5,37751000,-2.349,5.5921
CUAN.JK,2024-10-04,730.0,730.0,680.0,700.0,700.0,54940000,-3.7801,6.8493
CUAN.JK,2024-10-07,710.0,710.0,680.0,692.5,692.5,16600000,-1.0714,4.2254
CUAN.JK,2024-10-08,692.5,717.5,682.5,712.5,712.5,14386000,2.8881,5.0542
CUAN.JK,2024-10-09,715.0,722.5,700.0,702.5,702.5,12632000,-1.4035,3.1469
CUAN.JK,2024-10-10,705.0,707.5,690.0,692.5,692.5,6635000,-1.4235,2.4823
CUAN.JK,2024-10-11,692.5,705.0,687.5,687.5,687.5,10703000,-0.722,2.5271
CUAN.JK,2024-10-14,692.5,730.0,692.5,730.0,730.0,25409000,6.1818,5.4152
CUAN.JK,2024-10-15,737.5,740.0,710.0,710.0,710.0,16617000,-2.7397,4.0678
CUAN.JK,2024-10-16,712.5,747.5,710.0,735.0,735.0,27361000,3.5211,5.2632
CUAN.JK,2024-10-17,740.0,770.0,732.5,765.0,765.0,29387000,4.0816,5.0676
CUAN.JK,2024-10-18,772.5,775.0,752.5,760.0,760.0,18393000,-0.6536,2.9126
CUAN.JK,2024-10-21,765.0,767.5,735.0,735.0,735.0,14301000,-3.2895,4.2484
CUAN.JK,2024-10-22,737.5,862.5,730.0,835.0,835.0,231122000,13.6054,17.9661
CUAN.JK,2024-10-23,835.0,850.0,802.5,817.5,817.5,98896000,-2.0958,5.6886
CUAN.JK,2024-10-24,817.5,827.5,765.0,765.0,765.0,92768000,-6.422,7.6453
CUAN.JK,2024-10-25,765.0,790.0,762.5,762.5,762.5,26237000,-0.3268,3.5948
CUAN.JK,2024-10-28,762.5,767.5,720.0,722.5,722.5,39964000,-5.2459,6.2295
CUAN.JK,2024-10-29,722.5,742.5,722.5,722.5,722.5,21748000,0.0,2.7682
CUAN.JK,2024-10-30,722.5,730.0,715.0,717.5,717.5,12699000,-0.692,2.0761
CUAN.JK,2024-10-31,722.5,800.0,720.0,760.0,760.0,74153000,5.9233,11.0727
CUAN.JK,2024-11-01,770.0,790.0,740.0,740.0,740.0,39008000,-2.6316,6.4935
CUAN.JK,2024-11-04,750.0,757.5,712.5,722.5,722.5,19759000,-2.3649,6.0
CUAN.JK,2024-11-05,727.5,740.0,715.0,715.0,715.0,13414000,-1.0381,3.4364
CUAN.JK,2024-11-06,715.0,740.0,700.0,700.0,700.0,21594000,-2.0979,5.5944
CUAN.JK,2024-11-07,705.0,722.5,655.0,655.0,655.0,33295000,-6.4286,9.5745
CUAN.JK,2024-11-08,660.0,747.5,660.0,700.0,700.0,60477000,6.8702,13.2576
CUAN.JK,2024-11-11,707.5,725.0,682.5,722.5,722.5,35417000,3.2143,6.0071
CUAN.JK,2024-11-12,722.5,760.0,722.5,732.5,732.5,46395000,1.3841,5.1903
CUAN.JK,2024-11-13,740.0,745.0,717.5,727.5,727.5,16397000,-0.6826,3.7162
CUAN.JK,2024-11-14,727.5,737.5,700.0,700.0,700.0,19408000,-3.7801,5.1546
CUAN.JK,2024-11-15,705.0,707.5,677.5,685.0,685.0,19543000,-2.1429,4.2553
CUAN.JK,2024-11-18,685.0,687.5,670.0,672.5,672.5,12220000,-1.8248,2.5547
CUAN.JK,2024-11-19,675.0,695.0,672.5,672.5,672.5,31706000,0.0,3.3333
CUAN.JK,2024-11-20,675.0,685.0,667.5,672.5,672.5,12391000,0.0,2.5926
CUAN.JK,2024-11-21,677.5,710.0,675.0,677.5,677.5,15417000,0.7435,5.1661
CUAN.JK,2024-11-22,682.5,695.0,680.0,682.5,682.5,6686000,0.738,2.1978
CUAN.JK,2024-11-25,685.0,705.0,675.0,685.0,685.0,17079000,0.3663,4.3796
CUAN.JK,2024-11-26,692.5,702.5,677.5,677.5,677.5,9584000,-1.0949,3.6101
CUAN.JK,2024-11-28,680.0,690.0,675.0,680.0,680.0,7309000,0.369,2.2059
CUAN.JK,2024-11-29,682.5,682.5,662.5,670.0,670.0,11780000,-1.4706,2.9304
CUAN.JK,2024-12-02,672.5,685.0,650.0,655.0,655.0,17945000,-2.2388,5.2045
CUAN.JK,2024-12-03,655.0,670.0,655.0,660.0,660.0,7370000,0.7634,2.2901
CUAN.JK,2024-12-04,662.5,710.0,662.5,710.0,710.0,30253000,7.5758,7.1698
CUAN.JK,2024-12-05,710.0,742.5,702.5,717.5,717.5,38442000,1.0563,5.6338
CUAN.JK,2024-12-06,717.5,760.0,717.5,750.0,750.0,59733000,4.5296,5.9233
CUAN.JK,2024-12-09,752.5,767.5,730.0,730.0,730.0,38993000,-2.6667,4.9834
CUAN.JK,2024-12-10,735.0,752.5,717.5,730.0,730.0,23034000,0.0,4.7619
CUAN.JK,2024-12-11,730.0,765.0,730.0,750.0,750.0,42150000,2.7397,4.7945
CUAN.JK,2024-12-12,752.5,812.5,745.0,810.0,810.0,136751000,8.0,8.9701
CUAN.JK,2024-12-13,820.0,920.0,810.0,895.0,895.0,262954000,10.4938,13.4146
CUAN.JK,2024-12-16,905.0,947.5,855.0,932.5,932.5,192929000,4.1899,10.221
CUAN.JK,2024-12-17,932.5,990.0,930.0,950.0,950.0,170507000,1.8767,6.4343
CUAN.JK,2024-12-18,952.5,990.0,950.0,987.5,987.5,96077000,3.9474,4.1995
CUAN.JK,2024-12-19,975.0,1012.5,932.5,945.0,945.0,137568000,-4.3038,8.2051
CUAN.JK,2024-12-20,952.5,1082.5,950.0,1040.0,1040.0,208924000,10.0529,13.9108
CUAN.JK,2024-12-23,1045.0,1100.0,1012.5,1100.0,1100.0,249239000,5.7692,8.3732
CUAN.JK,2024-12-24,1120.0,1160.0,1067.5,1080.0,1080.0,183265000,-1.8182,8.2589
CUAN.JK,2024-12-27,1080.0,1125.0,1062.5,1062.5,1062.5,110377000,-1.6204,5.787
CUAN.JK,2024-12-30,1082.5,1150.0,1055.0,1112.5,1112.5,116905000,4.7059,8.776
CUAN.JK,2025-01-02,1117.5,1220.0,1117.5,1180.0,1180.0,230169000,6.0674,9.1723
CUAN.JK,2025-01-03,1205.0,1215.0,1162.5,1200.0,1200.0,117490000,1.6949,4.3568
CUAN.JK,2025-01-06,1215.0,1350.0,1215.0,1270.0,1270.0,239027000,5.8333,11.1111
CUAN.JK,2025-01-07,1290.0,1305.0,1217.5,1230.0,1230.0,153516000,-3.1496,6.7829
CUAN.JK,2025-01-08,1230.0,1402.5,1210.0,1380.0,1380.0,207326000,12.1951,15.6504
CUAN.JK,2025-01-09,1360.0,1360.0,1277.5,1310.0,1310.0,185853000,-5.0725,6.0662
CUAN.JK,2025-01-10,1310.0,1392.5,1300.0,1332.5,1332.5,164041000,1.7176,7.0611
CUAN.JK,2025-01-13,1350.0,1367.5,1257.5,1310.0,1310.0,112567000,-1.6886,8.1481
CUAN.JK,2025-01-14,1330.0,1377.5,1280.0,1357.5,1357.5,124860000,3.626,7.3308
CUAN.JK,2025-01-15,1377.5,1435.0,1310.0,1360.0,1360.0,164979000,0.1842,9.0744
CUAN.JK,2025-01-16,1360.0,1400.0,1337.5,1372.5,1372.5,108998000,0.9191,4.5956
CUAN.JK,2025-01-17,1375.0,1480.0,1360.0,1372.5,1372.5,165996000,0.0,8.7273
CUAN.JK,2025-01-20,1387.5,1460.0,1375.0,1410.0,1410.0,125232000,2.7322,6.1261
CUAN.JK,2025-01-21,1430.0,1447.5,1397.5,1425.0,1425.0,92698000,1.0638,3.4965
CUAN.JK,2025-01-22,1437.5,1475.0,1430.0,1465.0,1465.0,113507000,2.807,3.1304
CUAN.JK,2025-01-23,1490.0,1560.0,1465.0,1480.0,1480.0,148579000,1.0239,6.3758
CUAN.JK,2025-01-24,1480.0,1487.5,1350.0,1430.0,1430.0,187939000,-3.3784,9.2905
CUAN.JK,2025-01-30,1472.5,1485.0,1405.0,1440.0,1440.0,83020000,0.6993,5.4329
CUAN.JK,2025-01-31,1460.0,1470.0,1437.5,1442.5,1442.5,55257000,0.1736,2.226
CUAN.JK,2025-02-03,1440.0,1450.0,1380.0,1392.5,1392.5,57068000,-3.4662,4.8611
CUAN.JK,2025-02-04,1410.0,1440.0,1405.0,1422.5,1422.5,51218000,2.1544,2.4823
CUAN.JK,2025-02-05,1435.0,1437.5,1385.0,1395.0,1395.0,44990000,-1.9332,3.6585
CUAN.JK,2025-02-06,1422.5,1427.5,1395.0,1415.0,1415.0,56050000,1.4337,2.2847
CUAN.JK,2025-02-07,1132.5,1132.5,1132.5,1132.5,1132.5,17147000,-19.9647,0.0
CUAN.JK,2025-02-10,907.5,1000.0,907.5,907.5,907.5,391873000,-19.8675,10.1928
CUAN.JK,2025-02-11,880.0,920.0,732.5,735.0,735.0,1063169000,-19.0083,21.3068
CUAN.JK,2025-02-12,752.5,780.0,690.0,742.5,742.5,408818000,1.0204,11.9601
CUAN.JK,2025-02-13,765.0,765.0,665.0,705.0,705.0,396072000,-5.0505,13.0719
CUAN.JK,2025-02-14,720.0,785.0,705.0,750.0,750.0,288999000,6.383,11.1111
CUAN.JK,2025-02-17,780.0,860.0,775.0,860.0,860.0,367341000,14.6667,10.8974
CUAN.JK,2025-02-18,870.0,875.0,825.0,835.0,835.0,226992000,-2.907,5.7471
CUAN.JK,2025-02-19,835.0,847.5,795.0,815.0,815.0,118786000,-2.3952,6.2874
CUAN.JK,2025-02-20,817.5,837.5,785.0,790.0,790.0,112931000,-3.0675,6.422
CUAN.JK,2025-02-21,800.0,802.5,765.0,780.0,780.0,91229000,-1.2658,4.6875
CUAN.JK,2025-02-24,782.5,792.5,732.5,740.0,740.0,109590000,-5.1282,7.6677
CUAN.JK,2025-02-25,747.5,757.5,702.5,720.0,720.0,78394000,-2.7027,7.3579
CUAN.JK,2025-02-26,737.5,765.0,717.5,730.0,730.0,75207000,1.3889,6.4407
CUAN.JK,2025-02-27,737.5,740.0,702.5,710.0,710.0,60521000,-2.7397,5.0847
CUAN.JK,2025-02-28,712.5,727.5,650.0,670.0,670.0,77898000,-5.6338,10.8772
CUAN.JK,2025-03-03,680.0,745.0,677.5,745.0,745.0,74507000,11.194,9.9265
CUAN.JK,2025-03-04,740.0,750.0,670.0,690.0,690.0,93341000,-7.3826,10.8108
CUAN.JK,2025-03-05,692.5,725.0,692.5,712.5,712.5,41214000,3.2609,4.6931
CUAN.JK,2025-03-06,725.0,755.0,720.0,730.0,730.0,56090000,2.4561,4.8276
CUAN.JK,2025-03-07,742.5,850.0,722.5,832.5,832.5,270065000,14.0411,17.1717
CUAN.JK,2025-03-10,832.5,865.0,762.5,767.5,767.5,191630000,-7.8078,12.3123
CUAN.JK,2025-03-11,745.0,765.0,705.0,740.0,740.0,97585000,-3.5831,8.0537
CUAN.JK,2025-03-12,742.5,755.0,722.5,737.5,737.5,47718000,-0.3378,4.3771
CUAN.JK,2025-03-13,747.5,765.0,727.5,730.0,730.0,43973000,-1.0169,5.0167
CUAN.JK,2025-03-14,720.0,735.0,700.0,710.0,710.0,30559000,-2.7397,4.8611
CUAN.JK,2025-03-17,720.0,725.0,677.5,687.5,687.5,75317000,-3.169,6.5972
CUAN.JK,2025-03-18,700.0,700.0,550.0,607.5,607.5,247720000,-11.6364,21.4286
CUAN.JK,2025-03-19,607.5,655.0,587.5,647.5,647.5,93337000,6.5844,11.1111
CUAN.JK,2025-03-20,652.5,695.0,640.0,672.5,672.5,104362000,3.861,8.4291
CUAN.JK,2025-03-21,687.5,747.5,640.0,675.0,675.0,194585000,0.3717,15.6364
CUAN.JK,2025-03-24,675.0,680.0,587.5,630.0,630.0,86345000,-6.6667,13.7037
CUAN.JK,2025-03-25,632.5,645.0,612.5,617.5,617.5,24911000,-1.9841,5.1383
CUAN.JK,2025-03-26,617.5,657.5,617.5,645.0,645.0,31219000,4.4534,6.4777
CUAN.JK,2025-03-27,647.5,667.5,632.5,645.0,645.0,40370000,0.0,5.4054
CUAN.JK,2025-04-08,550.0,590.0,550.0,555.0,555.0,94454000,-13.9535,7.2727
CUAN.JK,2025-04-09,525.0,562.5,473.0,474.0,474.0,158339000,-14.5946,17.0476
CUAN.JK,2025-04-10,532.5,577.5,510.0,552.5,552.5,127521000,16.5612,12.6761
CUAN.JK,2025-04-11,545.0,650.0,520.0,600.0,600.0,154331000,8.5973,23.8532
CUAN.JK,2025-04-14,570.0,657.5,550.0,645.0,645.0,116569000,7.5,18.8596
CUAN.JK,2025-04-15,655.0,690.0,645.0,667.5,667.5,95930000,3.4884,6.8702
CUAN.JK,2025-04-16,672.5,692.5,650.0,650.0,650.0,61525000,-2.6217,6.3197
CUAN.JK,2025-04-17,650.0,665.0,635.0,640.0,640.0,31406000,-1.5385,4.6154
CUAN.JK,2025-04-21,642.5,685.0,642.5,647.5,647.5,41956000,1.1719,6.6148
CUAN.JK,2025-04-22,650.0,722.5,632.5,680.0,680.0,124109000,5.0193,13.8462
CUAN.JK,2025-04-23,702.5,720.0,692.5,700.0,700.0,78969000,2.9412,3.9146
CUAN.JK,2025-04-24,710.0,727.5,672.5,682.5,682.5,65100000,-2.5,7.7465
CUAN.JK,2025-04-25,695.0,715.0,687.5,697.5,697.5,29993000,2.1978,3.9568
CUAN.JK,2025-04-28,705.0,750.0,687.5,715.0,715.0,189750000,2.509,8.8652
CUAN.JK,2025-04-29,720.0,727.5,697.5,697.5,697.5,59871000,-2.4476,4.1667
CUAN.JK,2025-04-30,700.0,720.0,700.0,712.5,712.5,41464000,2.1505,2.8571
CUAN.JK,2025-05-02,717.5,772.5,715.0,767.5,767.5,107466000,7.7193,8.0139
CUAN.JK,2025-05-05,790.0,797.5,762.5,777.5,777.5,187554000,1.3029,4.4304
CUAN.JK,2025-05-06,777.5,897.5,770.0,877.5,877.5,713894000,12.8617,16.3987
CUAN.JK,2025-05-07,885.0,920.0,880.0,880.0,880.0,308445000,0.2849,4.5198
CUAN.JK,2025-05-08,880.0,892.5,847.5,852.5,852.5,145889000,-3.125,5.1136
CUAN.JK,2025-05-09,862.5,897.5,862.5,877.5,877.5,87628000,2.9326,4.058
CUAN.JK,2025-05-14,900.0,972.5,882.5,967.5,967.5,281441000,10.2564,10.0
CUAN.JK,2025-05-15,972.5,1040.0,967.5,1015.0,1015.0,232561000,4.9096,7.455
CUAN.JK,2025-05-16,1015.0,1030.0,992.5,1030.0,1030.0,109833000,1.4778,3.6946
CUAN.JK,2025-05-19,1040.0,1040.0,995.0,995.0,995.0,97651000,-3.3981,4.3269
CUAN.JK,2025-05-20,1140.0,1182.5,1112.5,1167.5,1167.5,659743000,17.3367,6.1404
CUAN.JK,2025-05-21,1085.0,1152.5,1070.0,1117.5,1117.5,417306000,-4.2827,7.6037
CUAN.JK,2025-05-22,1100.0,1137.5,1090.0,1110.0,1110.0,150709000,-0.6711,4.3182
CUAN.JK,2025-05-23,1112.5,1127.5,1100.0,1115.0,1115.0,67857000,0.4505,2.4719
CUAN.JK,2025-05-26,1125.0,1177.5,1117.5,1137.5,1137.5,188803000,2.0179,5.3333
CUAN.JK,2025-05-27,1145.0,1190.0,1115.0,1135.0,1135.0,250137000,-0.2198,6.5502
CUAN.JK,2025-05-28,1140.0,1160.0,1122.5,1140.0,1140.0,110095000,0.4405,3.2895
CUAN.JK,2025-06-02,1142.5,1205.0,1142.5,1172.5,1172.5,235589000,2.8509,5.4705
CUAN.JK,2025-06-03,1185.0,1190.0,1160.0,1180.0,1180.0,83432000,0.6397,2.5316
CUAN.JK,2025-06-04,1180.0,1185.0,1140.0,1152.5,1152.5,105477000,-2.3305,3.8136
CUAN.JK,2025-06-05,1170.0,1237.5,1147.5,1185.0,1185.0,258189000,2.82,7.6923
CUAN.JK,2025-06-10,1200.0,1337.5,1200.0,1285.0,1285.0,391129000,8.4388,11.4583
CUAN.JK,2025-06-11,1282.5,1282.5,1187.5,1190.0,1190.0,479428000,-7.393,7.4074
CUAN.JK,2025-06-12,1180.0,1215.0,1165.0,1187.5,1187.5,166319000,-0.2101,4.2373
CUAN.JK,2025-06-13,1187.5,1190.0,1150.0,1175.0,1175.0,144920000,-1.0526,3.3684
CUAN.JK,2025-06-16,1167.5,1227.5,1165.0,1202.5,1202.5,208153000,2.3404,5.3533
CUAN.JK,2025-06-17,1220.0,1222.5,1187.5,1187.5,1187.5,115788000,-1.2474,2.8689
CUAN.JK,2025-06-18,1190.0,1220.0,1185.0,1187.5,1187.5,149451000,0.0,2.9412
CUAN.JK,2025-06-19,1192.5,1207.5,1152.5,1165.0,1165.0,138050000,-1.8947,4.6122
CUAN.JK,2025-06-20,1167.5,1185.0,1145.0,1180.0,1180.0,106968000,1.2876,3.4261
CUAN.JK,2025-06-23,1130.0,1160.0,1102.5,1127.5,1127.5,155012000,-4.4492,5.0885
CUAN.JK,2025-06-24,1165.0,1220.0,1155.0,1175.0,1175.0,180367000,4.2129,5.5794
CUAN.JK,2025-06-25,1197.5,1207.5,1190.0,1190.0,1190.0,187634000,1.2766,1.4614
CUAN.JK,2025-06-26,1187.5,1230.0,1175.0,1192.5,1192.5,221517000,0.2101,4.6316
CUAN.JK,2025-06-30,1212.5,1267.5,1202.5,1260.0,1260.0,306041000,5.6604,5.3608
CUAN.JK,2025-07-01,1270.0,1287.5,1252.5,1280.0,1280.0,151294000,1.5873,2.7559
CUAN.JK,2025-07-02,1282.5,1297.5,1190.0,1205.0,1205.0,219588000,-5.8594,8.3821
CUAN.JK,2025-07-03,1215.0,1217.5,1177.5,1182.5,1182.5,85550000,-1.8672,3.2922
CUAN.JK,2025-07-04,1195.0,1197.5,1140.0,1185.0,1185.0,99337000,0.2114,4.8117
CUAN.JK,2025-07-07,1185.0,1235.0,1162.5,1235.0,1235.0,120432000,4.2194,6.1181
CUAN.JK,2025-07-08,1235.0,1300.0,1222.5,1295.0,1295.0,274133000,4.8583,6.2753
CUAN.JK,2025-07-09,1300.0,1350.0,1297.5,1340.0,1340.0,298668000,3.4749,4.0385
CUAN.JK,2025-07-10,1350.0,1440.0,1325.0,1420.0,1420.0,452075000,5.9701,8.5185
CUAN.JK,2025-07-11,1427.5,1445.0,1397.5,1440.0,1440.0,248043000,1.4085,3.3275
CUAN.JK,2025-07-14,1640.0,1720.0,1560.0,1687.5,1687.5,925826000,17.1875,9.7561
CUAN.JK,2025-07-15,1640.0,1795.0,1580.0,1625.0,1625.0,694431000,-3.7037,13.1098
CUAN.JK,2025-07-16,1630.0,1710.0,1500.0,1665.0,1665.0,602401200,2.4615,12.8834
CUAN.JK,2025-07-17,1685.0,1725.0,1640.0,1650.0,1650.0,389304100,-0.9009,5.0445
CUAN.JK,2025-07-18,1665.0,1710.0,1645.0,1655.0,1655.0,326322400,0.303,3.9039
CUAN.JK,2025-07-21,1675.0,1675.0,1585.0,1605.0,1605.0,270569800,-3.0211,5.3731
CUAN.JK,2025-07-22,1615.0,1625.0,1530.0,1575.0,1575.0,406255200,-1.8692,5.8824
CUAN.JK,2025-07-23,1575.0,1585.0,1505.0,1555.0,1555.0,156030200,-1.2698,5.0794
CUAN.JK,2025-07-24,1560.0,1590.0,1530.0,1535.0,1535.0,145457200,-1.2862,3.8462
CUAN.JK,2025-07-25,1535.0,1570.0,1510.0,1530.0,1530.0,149285600,-0.3257,3.9088
CUAN.JK,2025-07-28,1545.0,1570.0,1520.0,1560.0,1560.0,180645300,1.9608,3.2362
CUAN.JK,2025-07-29,1565.0,1630.0,1540.0,1625.0,1625.0,235303500,4.1667,5.7508
CUAN.JK,2025-07-30,1625.0,1625.0,1560.0,1570.0,1570.0,182139700,-3.3846,4.0
CUAN.JK,2025-07-31,1570.0,1585.0,1530.0,1535.0,1535.0,91728200,-2.2293,3.5032
CUAN.JK,2025-08-01,1550.0,1565.0,1525.0,1525.0,1525.0,99045000,-0.6515,2.5806
CUAN.JK,2025-08-04,1525.0,1530.0,1380.0,1415.0,1415.0,383323000,-7.2131,9.8361
CUAN.JK,2025-08-05,1420.0,1470.0,1315.0,1450.0,1450.0,398760700,2.4735,10.9155
CUAN.JK,2025-08-06,1475.0,1600.0,1470.0,1530.0,1530.0,529745200,5.5172,8.8136
CUAN.JK,2025-08-07,1535.0,1545.0,1450.0,1460.0,1460.0,306099900,-4.5752,6.1889
CUAN.JK,2025-08-08,1705.0,1750.0,1560.0,1565.0,1565.0,768553600,7.1918,11.1437
CUAN.JK,2025-08-11,1575.0,1590.0,1520.0,1535.0,1535.0,241535300,-1.9169,4.4444
CUAN.JK,2025-08-12,1535.0,1600.0,1535.0,1575.0,1575.0,224305200,2.6059,4.2345
CUAN.JK,2025-08-13,1580.0,1650.0,1580.0,1625.0,1625.0,399438600,3.1746,4.4304
CUAN.JK,2025-08-14,1645.0,1685.0,1605.0,1610.0,1610.0,296282000,-0.9231,4.8632
CUAN.JK,2025-08-15,1630.0,1635.0,1550.0,1550.0,1550.0,196417700,-3.7267,5.2147
CUAN.JK,2025-08-19,1555.0,1590.0,1550.0,1555.0,1555.0,116868000,0.3226,2.5723
CUAN.JK,2025-08-20,1570.0,1625.0,1560.0,1615.0,1615.0,219455300,3.8585,4.1401
CUAN.JK,2025-08-21,1620.0,1665.0,1580.0,1645.0,1645.0,295675600,1.8576,5.2469
CUAN.JK,2025-08-22,1650.0,1665.0,1620.0,1635.0,1635.0,220944600,-0.6079,2.7273
CUAN.JK,2025-08-25,1640.0,1650.0,1615.0,1630.0,1630.0,170274500,-0.3058,2.1341
CUAN.JK,2025-08-26,1640.0,1700.0,1580.0,1700.0,1700.0,1568520900,4.2945,7.3171
CUAN.JK,2025-08-27,1650.0,1665.0,1605.0,1625.0,1625.0,341000200,-4.4118,3.6364
CUAN.JK,2025-08-28,1635.0,1645.0,1610.0,1615.0,1615.0,128762800,-0.6154,2.1407
CUAN.JK,2025-08-29,1600.0,1610.0,1495.0,1560.0,1560.0,245060400,-3.4056,7.1875
CUAN.JK,2025-09-01,1450.0,1535.0,1430.0,1505.0,1505.0,169126600,-3.5256,7.2414
CUAN.JK,2025-09-02,1520.0,1560.0,1520.0,1525.0,1525.0,68121900,1.3289,2.6316
CUAN.JK,2025-09-03,1535.0,1550.0,1510.0,1520.0,1520.0,57669600,-0.3279,2.6059
CUAN.JK,2025-09-04,1520.0,1535.0,1500.0,1530.0,1530.0,56909500,0.6579,2.3026
CUAN.JK,2025-09-08,1500.0,1520.0,1460.0,1475.0,1475.0,94002800,-3.5948,4.0
CUAN.JK,2025-09-09,1475.0,1490.0,1405.0,1430.0,1430.0,85714900,-3.0508,5.7627
CUAN.JK,2025-09-10,1465.0,1465.0,1415.0,1420.0,1420.0,55881900,-0.6993,3.413
CUAN.JK,2025-09-11,1425.0,1445.0,1405.0,1420.0,1420.0,58880600,0.0,2.807
CUAN.JK,2025-09-12,1435.0,1470.0,1420.0,1430.0,1430.0,73018400,0.7042,3.4843
CUAN.JK,2025-09-15,1435.0,1505.0,1430.0,1505.0,1505.0,85823000,5.2448,5.2265
CUAN.JK,2025-09-16,1510.0,1520.0,1455.0,1470.0,1470.0,59121600,-2.3256,4.3046
CUAN.JK,2025-09-17,1480.0,1530.0,1465.0,1505.0,1505.0,106948700,2.381,4.3919
CUAN.JK,2025-09-18,1520.0,1600.0,1505.0,1580.0,1580.0,238714800,4.9834,6.25
CUAN.JK,2025-09-19,1590.0,1600.0,1550.0,1590.0,1590.0,138605600,0.6329,3.1447
CUAN.JK,2025-09-22,1590.0,1680.0,1570.0,1640.0,1640.0,355262300,3.1447,6.9182
CUAN.JK,2025-09-23,1640.0,1650.0,1600.0,1615.0,1615.0,140460900,-1.5244,3.0488
CUAN.JK,2025-09-24,1615.0,1640.0,1570.0,1595.0,1595.0,156902000,-1.2384,4.3344
CUAN.JK,2025-09-25,1590.0,1625.0,1550.0,1590.0,1590.0,112980500,-0.3135,4.717
CUAN.JK,2025-09-26,1615.0,1630.0,1590.0,1600.0,1600.0,71543700,0.6289,2.4768
CUAN.JK,2025-09-29,1600.0,1670.0,1590.0,1610.0,1610.0,191796400,0.625,5.0
CUAN.JK,2025-09-30,1630.0,1645.0,1605.0,1620.0,1620.0,95295500,0.6211,2.454
CUAN.JK,2025-10-01,1650.0,1650.0,1610.0,1610.0,1610.0,86910200,-0.6173,2.4242
CUAN.JK,2025-10-02,1630.0,1630.0,1605.0,1610.0,1610.0,48573900,0.0,1.5337
CUAN.JK,2025-10-03,1610.0,1615.0,1580.0,1600.0,1600.0,74499500,-0.6211,2.1739
CUAN.JK,2025-10-06,1610.0,1780.0,1605.0,1780.0,1780.0,584895800,11.25,10.8696
CUAN.JK,2025-10-07,1815.0,2220.0,1815.0,2220.0,2220.0,1130135300,24.7191,22.314
CUAN.JK,2025-10-08,2240.0,2400.0,2000.0,2240.0,2240.0,729186600,0.9009,17.8571
CUAN.JK,2025-10-09,2250.0,2430.0,2100.0,2230.0,2230.0,398889800,-0.4464,14.6667
CUAN.JK,2025-10-10,2290.0,2500.0,2270.0,2430.0,2430.0,440645500,8.9686,10.0437
CUAN.JK,2025-10-13,2380.0,2890.0,2360.0,2770.0,2770.0,575603100,13.9918,22.2689
CUAN.JK,2025-10-14,2820.0,2830.0,2360.0,2410.0,2410.0,650898000,-12.9964,16.6667
CUAN.JK,2025-10-15,2410.0,2500.0,2240.0,2480.0,2480.0,320074100,2.9046,10.7884
CUAN.JK,2025-10-16,2500.0,2560.0,2380.0,2380.0,2380.0,179989700,-4.0323,7.2
CUAN.JK,2025-10-17,2390.0,2400.0,2100.0,2150.0,2150.0,289808000,-9.6639,12.5523
CUAN.JK,2025-10-20,2180.0,2370.0,2090.0,2310.0,2310.0,219683500,7.4419,12.844
CUAN.JK,2025-10-21,2300.0,2420.0,2250.0,2270.0,2270.0,184007800,-1.7316,7.3913
CUAN.JK,2025-10-22,2270.0,2310.0,2170.0,2240.0,2240.0,94311900,-1.3216,6.1674
CUAN.JK,2025-10-23,2260.0,2300.0,2190.0,2200.0,2200.0,65830700,-1.7857,4.8673
CUAN.JK,2025-10-24,2200.0,2280.0,2160.0,2190.0,2190.0,52938400,-0.4545,5.4545
CUAN.JK,2025-10-27,2190.0,2230.0,1870.0,2030.0,2030.0,309639300,-7.3059,16.4384
CUAN.JK,2025-10-28,2050.0,2070.0,1910.0,2000.0,2000.0,94497700,-1.4778,7.8049
CUAN.JK,2025-10-29,2010.0,2060.0,1965.0,2010.0,2010.0,80839500,0.5,4.7264
CUAN.JK,2025-10-30,2010.0,2030.0,1965.0,2000.0,2000.0,52525200,-0.4975,3.2338
CUAN.JK,2025-10-31,2010.0,2070.0,1980.0,2010.0,2010.0,70827100,0.5,4.4776
CUAN.JK,2025-11-03,1995.0,2120.0,1990.0,2090.0,2090.0,139239600,3.9801,6.5163
CUAN.JK,2025-11-04,2100.0,2160.0,2000.0,2050.0,2050.0,142416900,-1.9139,7.619
CUAN.JK,2025-11-05,2000.0,2090.0,1985.0,2080.0,2080.0,65119400,1.4634,5.25
CUAN.JK,2025-11-06,2130.0,2160.0,2080.0,2120.0,2120.0,100801500,1.9231,3.7559
CUAN.JK,2025-11-07,2150.0,2300.0,2140.0,2290.0,2290.0,233503600,8.0189,7.4419
CUAN.JK,2025-11-10,2350.0,2350.0,2250.0,2280.0,2280.0,182257700,-0.4367,4.2553
CUAN.JK,2025-11-11,2280.0,2290.0,2180.0,2200.0,2200.0,110626300,-3.5088,4.8246
CUAN.JK,2025-11-12,2200.0,2250.0,2160.0,2190.0,2190.0,70221800,-0.4545,4.0909
CUAN.JK,2025-11-13,2220.0,2240.0,2170.0,2180.0,2180.0,49507900,-0.4566,3.1532
CUAN.JK,2025-11-14,2180.0,2220.0,2150.0,2150.0,2150.0,38337800,-1.3761,3.211
CUAN.JK,2025-11-17,2150.0,2270.0,2140.0,2200.0,2200.0,90469300,2.3256,6.0465
CUAN.JK,2025-11-18,2200.0,2220.0,2080.0,2100.0,2100.0,72952600,-4.5455,6.3636
CUAN.JK,2025-11-19,2100.0,2160.0,2050.0,2160.0,2160.0,52180200,2.8571,5.2381
CUAN.JK,2025-11-20,2200.0,2320.0,2180.0,2230.0,2230.0,186043200,3.2407,6.3636
CUAN.JK,2025-11-21,2230.0,2300.0,2190.0,2260.0,2260.0,86158700,1.3453,4.9327
CUAN.JK,2025-11-24,2310.0,2430.0,2300.0,2380.0,2380.0,296130000,5.3097,5.6277
CUAN.JK,2025-11-25,2400.0,2410.0,2260.0,2350.0,2350.0,155865800,-1.2605,6.25
CUAN.JK,2025-11-26,2380.0,2410.0,2330.0,2390.0,2390.0,100284100,1.7021,3.3613
CUAN.JK,2025-11-27,2420.0,2730.0,2420.0,2580.0,2580.0,422281200,7.9498,12.8099
CUAN.JK,2025-11-28,2590.0,2710.0,2520.0,2680.0,2680.0,300397000,3.876,7.3359
CUAN.JK,2025-12-01,2710.0,2730.0,2580.0,2670.0,2670.0,134644000,-0.3731,5.5351
CUAN.JK,2025-12-02,2670.0,2790.0,2650.0,2740.0,2740.0,193064500,2.6217,5.2434
CUAN.JK,2025-12-03,2750.0,2780.0,2630.0,2640.0,2640.0,102066600,-3.6496,5.4545
CUAN.JK,2025-12-04,2640.0,2760.0,2580.0,2690.0,2690.0,122068800,1.8939,6.8182
CUAN.JK,2025-12-05,2750.0,2870.0,2690.0,2690.0,2690.0,262054600,0.0,6.5455
CUAN.JK,2025-12-08,2710.0,2750.0,2630.0,2650.0,2650.0,95274000,-1.487,4.428
CUAN.JK,2025-12-09,2680.0,2690.0,2550.0,2610.0,2610.0,102212000,-1.5094,5.2239
CUAN.JK,2025-12-10,2610.0,2640.0,2510.0,2540.0,2540.0,96534800,-2.682,4.9808
CUAN.JK,2025-12-11,2550.0,2620.0,2510.0,2530.0,2530.0,100696800,-0.3937,4.3137
CUAN.JK,2025-12-12,2540.0,2590.0,2490.0,2530.0,2530.0,62127300,0.0,3.937
CUAN.JK,2025-12-15,2570.0,2590.0,2320.0,2350.0,2350.0,147806800,-7.1146,10.5058
CUAN.JK,2025-12-16,2350.0,2450.0,2300.0,2420.0,2420.0,104751000,2.9787,6.383
CUAN.JK,2025-12-17,2440.0,2450.0,2320.0,2330.0,2330.0,70296400,-3.719,5.3279
CUAN.JK,2025-12-18,2330.0,2350.0,2210.0,2230.0,2230.0,80670600,-4.2918,6.0086
CUAN.JK,2025-12-19,2240.0,2310.0,2220.0,2240.0,2240.0,72822600,0.4484,4.0179
CUAN.JK,2025-12-22,2260.0,2280.0,2220.0,2250.0,2250.0,33301100,0.4464,2.6549
CUAN.JK,2025-12-23,2260.0,2280.0,2210.0,2260.0,2260.0,42935400,0.4444,3.0973
CUAN.JK,2025-12-24,2270.0,2310.0,2170.0,2220.0,2220.0,73118600,-1.7699,6.1674
CUAN.JK,2025-12-29,2280.0,2450.0,2280.0,2380.0,2380.0,94860100,7.2072,7.4561
CUAN.JK,2025-12-30,2390.0,2400.0,2290.0,2340.0,2340.0,77438200,-1.6807,4.6025
CUAN.JK,2026-01-02,2340.0,2370.0,2280.0,2290.0,2290.0,57293900,-2.1368,3.8462
CUAN.JK,2026-01-05,2300.0,2310.0,2220.0,2240.0,2240.0,52380200,-2.1834,3.913
CUAN.JK,2026-01-06,2240.0,2250.0,2170.0,2200.0,2200.0,58130500,-1.7857,3.5714
CUAN.JK,2026-01-07,2200.0,2210.0,2070.0,2080.0,2080.0,104848100,-5.4545,6.3636
CUAN.JK,2026-01-08,1995.0,2210.0,1990.0,2050.0,2050.0,112610600,-1.4423,11.0276
CUAN.JK,2026-01-09,2070.0,2080.0,2000.0,2010.0,2010.0,55269500,-1.9512,3.8647
CUAN.JK,2026-01-12,2050.0,2070.0,1825.0,1915.0,1915.0,124426400,-4.7264,11.9512
CUAN.JK,2026-01-13,1920.0,1945.0,1855.0,1930.0,1930.0,77576700,0.7833,4.6875
CUAN.JK,2026-01-14,2000.0,2000.0,1890.0,1910.0,1910.0,75359800,-1.0363,5.5
CUAN.JK,2026-01-15,1915.0,1915.0,1830.0,1850.0,1850.0,81694900,-3.1414,4.4386
CUAN.JK,2026-01-19,1900.0,2070.0,1850.0,2020.0,2020.0,177310900,9.1892,11.5789
CUAN.JK,2026-01-20,2010.0,2090.0,1955.0,1970.0,1970.0,115113600,-2.4752,6.7164
CUAN.JK,2026-01-21,1960.0,1965.0,1885.0,1895.0,1895.0,76914500,-3.8071,4.0816
CUAN.JK,2026-01-22,1910.0,1920.0,1805.0,1815.0,1815.0,106463600,-4.2216,6.0209
CUAN.JK,2026-01-23,1800.0,1805.0,1650.0,1735.0,1735.0,110772900,-4.4077,8.6111
CUAN.JK,2026-01-26,1735.0,1755.0,1640.0,1710.0,1710.0,81516000,-1.4409,6.6282
CUAN.JK,2026-01-27,1710.0,1780.0,1675.0,1780.0,1780.0,68094300,4.0936,6.1404
CUAN.JK,2026-01-28,1515.0,1660.0,1515.0,1560.0,1560.0,181637100,-12.3596,9.571
CUAN.JK,2026-01-29,1560.0,1880.0,1330.0,1850.0,1850.0,610781200,18.5897,35.2564
CUAN.JK,2026-01-30,1850.0,1930.0,1685.0,1800.0,1800.0,274497100,-2.7027,13.2432
CUAN.JK,2026-02-02,1805.0,1810.0,1530.0,1530.0,1530.0,195054000,-15.0,15.5125
CUAN.JK,2026-02-03,1500.0,1720.0,1470.0,1665.0,1665.0,196174200,8.8235,16.6667
CUAN.JK,2026-02-04,1685.0,1760.0,1670.0,1715.0,1715.0,94849200,3.003,5.3412
CUAN.JK,2026-02-05,1715.0,1815.0,1700.0,1710.0,1710.0,106296500,-0.2915,6.7055
CUAN.JK,2026-02-06,1685.0,1735.0,1605.0,1630.0,1630.0,84023100,-4.6784,7.7151
CUAN.JK,2026-02-09,1670.0,1675.0,1615.0,1645.0,1645.0,41297800,0.9202,3.5928
CUAN.JK,2026-02-10,1640.0,1685.0,1620.0,1640.0,1640.0,57642000,-0.304,3.9634
CUAN.JK,2026-02-11,1670.0,1930.0,1670.0,1925.0,1925.0,346104600,17.378,15.5689
CUAN.JK,2026-02-12,1940.0,1990.0,1810.0,1825.0,1825.0,241253900,-5.1948,9.2784
CUAN.JK,2026-02-13,1805.0,1860.0,1755.0,1810.0,1810.0,106551500,-0.8219,5.8172
CUAN.JK,2026-02-18,1815.0,1860.0,1790.0,1795.0,1795.0,71990400,-0.8287,3.8567
CUAN.JK,2026-02-19,1805.0,1825.0,1755.0,1755.0,1755.0,81546100,-2.2284,3.8781
CUAN.JK,2026-02-20,1755.0,1765.0,1685.0,1735.0,1735.0,135141500,-1.1396,4.5584
CUAN.JK,2026-02-23,1780.0,1850.0,1775.0,1800.0,1800.0,235823600,3.7464,4.2135
CUAN.JK,2026-02-24,1810.0,1845.0,1720.0,1720.0,1720.0,146053100,-4.4444,6.9061
CUAN.JK,2026-02-25,1740.0,1765.0,1680.0,1680.0,1680.0,135624100,-2.3256,4.8851
CUAN.JK,2026-02-26,1690.0,1710.0,1600.0,1650.0,1650.0,71935800,-1.7857,6.5089
CUAN.JK,2026-02-27,1630.0,1655.0,1560.0,1600.0,1600.0,68484500,-3.0303,5.8282
CUAN.JK,2026-03-02,1520.0,1575.0,1470.0,1470.0,1470.0,151322300,-8.125,6.9079
CUAN.JK,2026-03-03,1490.0,1540.0,1450.0,1450.0,1450.0,96883600,-1.3605,6.0403
CUAN.JK,2026-03-04,1400.0,1400.0,1280.0,1335.0,1335.0,158811100,-7.931,8.5714
CUAN.JK,2026-03-05,1330.0,1415.0,1315.0,1320.0,1320.0,246101900,-1.1236,7.5188
CUAN.JK,2026-03-06,1300.0,1375.0,1180.0,1320.0,1320.0,246114800,0.0,15.0
CUAN.JK,2026-03-09,1160.0,1350.0,1155.0,1280.0,1280.0,244804700,-3.0303,16.8103
CUAN.JK,2026-03-10,1350.0,1380.0,1255.0,1275.0,1275.0,228719100,-0.3906,9.2593
CUAN.JK,2026-03-11,1295.0,1325.0,1260.0,1305.0,1305.0,161937700,2.3529,5.0193
CUAN.JK,2026-03-12,1300.0,1310.0,1230.0,1230.0,1230.0,104088200,-5.7471,6.1538
CUAN.JK,2026-03-13,1205.0,1240.0,1155.0,1195.0,1195.0,142449200,-2.8455,7.0539
CUAN.JK,2026-03-16,1195.0,1200.0,1095.0,1095.0,1095.0,182951000,-8.3682,8.7866
CUAN.JK,2026-03-17,1130.0,1210.0,1105.0,1125.0,1125.0,185097900,2.7397,9.292
CUAN.JK,2026-03-25,1130.0,1200.0,1110.0,1175.0,1175.0,164596100,4.4444,7.9646
CUAN.JK,2026-03-26,1190.0,1220.0,1125.0,1125.0,1125.0,107189600,-4.2553,7.9832
CUAN.JK,2026-03-27,1150.0,1150.0,1105.0,1150.0,1150.0,96894700,2.2222,3.913
CUAN.JK,2026-03-30,1100.0,1170.0,1090.0,1130.0,1130.0,378736400,-1.7391,7.2727
CUAN.JK,2026-03-31,1140.0,1155.0,1060.0,1060.0,1060.0,454166000,-6.1947,8.3333
CUAN.JK,2026-04-01,1100.0,1150.0,1085.0,1130.0,1130.0,342066600,6.6038,5.9091
CUAN.JK,2026-04-02,1110.0,1120.0,1020.0,1045.0,1045.0,379749800,-7.5221,9.009
CUAN.JK,2026-04-06,1000.0,1150.0,965.0,1110.0,1110.0,406835000,6.2201,18.5
CUAN.JK,2026-04-07,1100.0,1230.0,1075.0,1170.0,1170.0,659217000,5.4054,14.0909
CUAN.JK,2026-04-08,1250.0,1270.0,1155.0,1230.0,1230.0,1050888800,5.1282,9.2
CUAN.JK,2026-04-09,1180.0,1275.0,1170.0,1270.0,1270.0,673398800,3.252,8.8983
CUAN.JK,2026-04-10,1320.0,1410.0,1300.0,1345.0,1345.0,557865400,5.9055,8.3333
CUAN.JK,2026-04-13,1335.0,1465.0,1320.0,1430.0,1430.0,655344100,6.3197,10.8614
CUAN.JK,2026-04-14,1470.0,1560.0,1440.0,1515.0,1515.0,702456500,5.9441,8.1633
CUAN.JK,2026-04-15,1530.0,1555.0,1475.0,1495.0,1495.0,484319900,-1.3201,5.2288
CUAN.JK,2026-04-16,1505.0,1585.0,1480.0,1545.0,1545.0,404432700,3.3445,6.9767
CUAN.JK,2026-04-17,1560.0,1615.0,1535.0,1590.0,1590.0,356436000,2.9126,5.1282
CUAN.JK,2026-04-20,1600.0,1620.0,1505.0,1535.0,1535.0,268054200,-3.4591,7.1875
CUAN.JK,2026-04-21,1530.0,1555.0,1485.0,1530.0,1530.0,245562300,-0.3257,4.5752
CUAN.JK,2026-04-22,1525.0,1530.0,1465.0,1510.0,1510.0,142289300,-1.3072,4.2623
CUAN.JK,2026-04-23,1510.0,1515.0,1400.0,1400.0,1400.0,128719700,-7.2848,7.6159
CUAN.JK,2026-04-24,1400.0,1430.0,1310.0,1315.0,1315.0,144157500,-6.0714,8.5714
CUAN.JK,2026-04-27,1330.0,1360.0,1290.0,1315.0,1315.0,311711000,0.0,5.2632
CUAN.JK,2026-04-28,1330.0,1340.0,1280.0,1285.0,1285.0,446759200,-2.2814,4.5113
CUAN.JK,2026-04-29,1285.0,1320.0,1255.0,1300.0,1300.0,448364000,1.1673,5.0584
CUAN.JK,2026-04-30,1285.0,1290.0,1190.0,1200.0,1200.0,385324800,-7.6923,7.7821
CUAN.JK,2026-05-04,1210.0,1245.0,1155.0,1160.0,1160.0,500314900,-3.3333,7.438
CUAN.JK,2026-05-05,1165.0,1300.0,1140.0,1300.0,1300.0,380337500,12.069,13.7339
CUAN.JK,2026-05-06,1300.0,1305.0,1230.0,1240.0,1240.0,315358600,-4.6154,5.7692
CUAN.JK,2026-05-07,1270.0,1290.0,1185.0,1190.0,1190.0,178341000,-4.0323,8.2677
CUAN.JK,2026-05-08,1190.0,1200.0,1115.0,1120.0,1120.0,127785200,-5.8824,7.1429
CUAN.JK,2026-05-11,1115.0,1130.0,1010.0,1030.0,1030.0,195387100,-8.0357,10.7623
CUAN.JK,2026-05-12,1030.0,1070.0,920.0,945.0,945.0,498891100,-8.2524,14.5631
CUAN.JK,2026-05-13,825.0,885.0,825.0,850.0,850.0,540831200,-10.0529,7.2727
CUAN.JK,2026-05-14,850.0,850.0,850.0,850.0,850.0,0,0.0,0.0
CUAN.JK,2026-05-15,850.0,850.0,850.0,850.0,850.0,0,0.0,0.0
CUAN.JK,2026-05-18,805.0,810.0,725.0,750.0,750.0,666710600,-11.7647,10.559
CUAN.JK,2026-05-19,770.0,775.0,640.0,650.0,650.0,607248400,-13.3333,17.5325
CUAN.JK,2026-05-20,645.0,670.0,575.0,590.0,590.0,586115800,-9.2308,14.7287
CUAN.JK,2026-05-21,590.0,600.0,510.0,535.0,535.0,316088300,-9.322,15.2542
CUAN.JK,2026-05-22,492.0,520.0,468.0,515.0,515.0,725206200,-3.7383,10.5691
CUAN.JK,2026-05-25,500.0,510.0,464.0,486.0,486.0,496509700,-5.6311,9.2
CUAN.JK,2026-05-26,482.0,595.0,478.0,505.0,505.0,871026600,3.9095,24.2739
CUAN.JK,2026-05-27,505.0,505.0,505.0,505.0,505.0,0,0.0,0.0
CUAN.JK,2026-05-28,505.0,505.0,505.0,505.0,505.0,0,0.0,0.0
CUAN.JK,2026-05-29,630.0,630.0,625.0,630.0,630.0,1884779200,24.7525,0.7937
CUAN.JK,2026-06-02,750.0,785.0,715.0,785.0,785.0,515638400,24.6032,9.3333
CUAN.JK,2026-06-03,855.0,855.0,670.0,725.0,725.0,1397838200,-7.6433,21.6374
CUAN.JK,2026-06-04,720.0,770.0,640.0,725.0,725.0,1011159000,0.0,18.0556
CUAN.JK,2026-06-05,750.0,765.0,660.0,675.0,675.0,646650900,-6.8966,14.0
CUAN.JK,2026-06-08,650.0,685.0,600.0,640.0,640.0,484999700,-5.1852,13.0769
CUAN.JK,2026-06-09,640.0,780.0,610.0,775.0,775.0,1256978600,21.0938,26.5625
CUAN.JK,2026-06-10,765.0,835.0,715.0,730.0,730.0,1360172500,-5.8065,15.6863
CUAN.JK,2026-06-11,715.0,745.0,645.0,665.0,665.0,780465500,-8.9041,13.986
CUAN.JK,2026-06-12,685.0,735.0,665.0,720.0,720.0,690438500,8.2707,10.219
CUAN.JK,2026-06-15,755.0,810.0,725.0,745.0,745.0,1191910200,3.4722,11.2583
CUAN.JK,2026-06-17,755.0,765.0,690.0,695.0,695.0,436703400,-6.7114,9.9338
CUAN.JK,2026-06-18,695.0,715.0,665.0,710.0,710.0,350712700,2.1583,7.1942
CUAN.JK,2026-06-19,710.0,720.0,675.0,680.0,680.0,313674000,-4.2254,6.338
CUAN.JK,2026-06-22,690.0,695.0,640.0,655.0,655.0,233881300,-3.6765,7.971
CUAN.JK,2026-06-23,655.0,690.0,645.0,685.0,685.0,222694700,4.5802,6.8702
CUAN.JK,2026-06-24,685.0,690.0,605.0,610.0,610.0,323707600,-10.9489,12.4088
CUAN.JK,2026-06-25,610.0,655.0,595.0,625.0,625.0,219314500,2.459,9.8361
CUAN.JK,2026-06-26,625.0,630.0,555.0,565.0,565.0,358690900,-9.6,12.0
CUAN.JK,2026-06-29,570.0,590.0,560.0,570.0,570.0,195970100,0.885,5.2632
CUAN.JK,2026-06-30,575.0,575.0,525.0,530.0,530.0,196974600,-7.0175,8.6957
CUAN.JK,2026-07-01,530.0,630.0,525.0,620.0,620.0,426419600,16.9811,19.8113
CUAN.JK,2026-07-02,610.0,650.0,595.0,615.0,615.0,461948300,-0.8065,9.0164
CUAN.JK,2026-07-03,625.0,645.0,605.0,610.0,610.0,179242700,-0.813,6.4
